respondent_id,wave,Price_z,Quality_z,Digital_z,Selection_z,Convenience_z,segment,assignment_margin,income_band,age_band,kids_flag,gender_cat
201141,2021,0.4213950897611829,-0.7155571740235633,-0.9272566239905071,0.7517189035212083,0.9609618401155531,Convenience,0.20924293659434479,$25K to $49K,57-65,No kids < 18,Female
101850,2025,-0.12601066121826301,-0.0488565849857612,-0.7556291421912924,-0.3660085313230623,-0.40529413717056406,Quality,0.07715407623250181,$75K to $99K,25-36,Have kids < 18,Female
100733,2025,-1.2045560077188342,-0.05827328838199221,0.6296749636121464,-0.543722582666757,-0.8532809858831885,Digital,0.6879482519941386,$100K to $124K,57-65,Have kids < 18,Male
100284,2025,0.24377837419520393,-0.5182347219643425,1.338701789450695,-0.31212115260812867,1.4089486888281777,Convenience,0.07024689937748274,$25K to $49K,18-24,Have kids < 18,Male
101494,2025,-0.46862034908631023,-0.7251992031753552,0.23511234762374356,0.9403953227751163,-0.39786232678781613,Selection,0.7052829751513727,$50K to $74K,66+,No kids < 18,Male
100718,2025,-0.25618226914111464,0.8259950210572042,1.338701789450695,0.9377159845009593,1.4089486888281777,Convenience,0.07024689937748274,$75K to $99K,18-24,No kids < 18,Male
101602,2025,-0.6586040291866905,-0.726160413213945,-0.5748465285912422,-1.0909827550238642,0.057556332307556246,Convenience,0.6324028608987984,$50K to $74K,66+,No kids < 18,Female
101528,2025,0.6410288262748757,0.6065048805786304,0.4555981194826318,0.008581589119362232,-0.8458491755004406,Price,0.034523945696245284,$75K to $99K,18-24,Have kids < 18,Male
100841,2025,0.24075956061633244,1.0545339227904948,0.6348032970595482,-0.3009053871568783,0.050124521924808346,Quality,0.41973062573094666,$100K to $124K,37-56,Have kids < 18,Male
101430,2025,-0.2896839573312797,-0.27680221882197636,-1.2818853851798784,-0.725472867805024,0.5055431810201807,Convenience,0.782345399842157,$50K to $74K,37-56,No kids < 18,Female
101083,2025,0.6051282394652372,1.0554951328290845,0.2948964622893582,0.010015818905207552,-1.7566864936911855,Quality,0.4503668933638473,$100K to $124K,25-36,Have kids < 18,Female
101532,2025,-0.658063095788371,0.6190305398461915,-0.4023326126360832,0.19941053101211248,-1.301267834595813,Quality,0.419620008834079,$100K to $124K,66+,No kids < 18,Male
100035,2025,0.9515105775490584,-0.9323890101419289,-0.7732098764141607,0.3875493053775251,0.9535300297328052,Convenience,0.0020194521837467727,$100K to $124K,18-24,Have kids < 18,Male
200209,2021,0.06741008338804941,-0.9331248944249577,-0.7819181229833871,0.19941053101211248,-0.8532809858831885,Selection,0.13200044762406307,$25K to $49K,66+,No kids < 18,Female
200155,2021,-0.3045288020462329,-0.7142280218434591,0.02363833859586069,0.38095202142660817,0.5129749914029287,Convenience,0.13202296997632051,$100K to $124K,25-36,Have kids < 18,Male
200012,2021,1.3131884729788283,-0.9446893436539292,0.9840730282613239,-0.17697178768258154,-0.39786232678781613,Price,0.3291154447175044,$25K to $49K,37-56,Have kids < 18,Female
100096,2025,-0.4774275666435205,0.5955336992467343,0.2790584929274306,1.122997128547862,0.5055431810201807,Selection,0.5274634293011277,$50K to $74K,25-36,No kids < 18,Female
101930,2025,0.24444199006478232,0.596494909285324,-1.2867975299358647,-0.17294395533396237,0.9535300297328052,Convenience,0.3570351204474812,$50K to $74K,57-65,No kids < 18,Male
200404,2021,-0.6545033488111799,-1.162625006196838,-0.06622187967913311,-1.4700444119927152,0.9609618401155531,Convenience,1.0271837197946863,Under $25K,66+,No kids < 18,Male
101326,2025,0.4260691652389478,1.2734307953719934,-0.5846563102544369,0.1938627331662649,-0.39786232678781613,Quality,0.8473616301330457,$50K to $74K,18-24,Have kids < 18,Other or not stated
200501,2021,-0.11065734480892502,0.16944701969866205,-0.42670214402372375,0.37583198179739674,1.4089486888281777,Convenience,1.033116707030781,$150K plus,57-65,Have kids < 18,Female
200959,2021,-0.8406819169918515,0.39917245722610323,-0.753821009627965,-0.7285101745456051,0.9535300297328052,Convenience,0.554357572506702,$75K to $99K,57-65,No kids < 18,Female
200423,2021,0.057026410912278135,-0.517866779822828,-1.8103602939585703,0.9346269849673029,0.06498814269030417,Selection,0.8696388422769987,$150K plus,37-56,Have kids < 18,Male
201123,2021,0.6052184602325613,0.836598260247586,-0.23849059124532027,-0.35742107081648505,-1.301267834595813,Quality,0.23137980001502467,$125K to $149K,25-36,Have kids < 18,Male
101375,2025,-0.4841288096708418,-0.508450076426597,-0.061079038382953046,-0.5416259535439666,0.050124521924808346,Convenience,0.11120356030776139,Under $25K,37-56,No kids < 18,Male
100080,2025,0.06484198244017335,-0.2893278780895375,-0.2398373307282604,0.3795018456795918,-2.20467334240381,Selection,0.3146598632394184,$75K to $99K,37-56,Have kids < 18,Female
100187,2025,0.7837366010605312,-0.2773954867190517,-0.25676341508876954,0.01412938696520979,-1.3086996449785608,Price,0.7696072140953214,$25K to $49K,66+,No kids < 18,Female
100486,2025,-1.368016400593268,1.2734307953719934,0.28508668062616355,-0.7263285891624793,-0.39786232678781613,Quality,0.9883441147458298,$150K plus,37-56,No kids < 18,Female
100319,2025,-0.11475802518443562,0.1687111354156332,-0.9138814370542662,0.01896124787820902,-0.40529413717056406,Quality,0.1497498875374242,$50K to $74K,66+,No kids < 18,Female
101482,2025,-1.0127117180310827,-1.1741894554258094,0.12058892161964999,-0.16270172507957398,-0.8458491755004406,Digital,0.283290646699224,$150K plus,25-36,No kids < 18,Female
101082,2025,-1.1952078567633044,0.8250338110186146,-0.24006802726845405,0.19234539192291214,-0.8532809858831885,Quality,0.6326884190957025,$150K plus,25-36,Have kids < 18,Male
101367,2025,-0.30084637259778296,-0.9443214015124147,-0.5860030497373769,-1.4646340426513262,0.050124521924808346,Convenience,0.35097089452259134,$100K to $124K,66+,No kids < 18,Female
200920,2021,1.3131884729788283,-0.2654630953485659,-1.0962051346726198,-0.5422925536038882,0.057556332307556246,Price,1.255632140671272,$75K to $99K,57-65,No kids < 18,Male
100416,2025,-0.6478021057838586,0.8369662023891004,-0.22512991215785746,0.3815145838938271,0.5129749914029287,Quality,0.3239912109861717,$125K to $149K,37-56,Have kids < 18,Female
200864,2021,0.05727177585479585,-0.7145959639849736,-0.9305913327233598,0.3828971208865971,0.057556332307556246,Selection,0.32534078857904086,$25K to $49K,66+,Have kids < 18,Male
200318,2021,0.589291748720969,0.962787031742938,-0.05951611020859747,-0.34856373347501524,1.4089486888281777,Convenience,0.4461616570852397,$50K to $74K,37-56,Have kids < 18,Male
101826,2025,0.06741008338804941,-0.06983773761096364,0.2801745358701771,1.08296673386226,0.050124521924808346,Selection,0.8027921979920829,$50K to $74K,37-56,No kids < 18,Male
101193,2025,-0.6433409335446766,-0.7257924710724306,0.46897330641887275,0.38469167505901514,1.4089486888281777,Convenience,0.9399753824093049,$50K to $74K,37-56,Have kids < 18,Male
100125,2025,0.23207502553038106,0.10241715711449556,-0.05950160235981933,-0.17244855836307985,-0.8532809858831885,Price,0.1296578684158855,$25K to $49K,25-36,Have kids < 18,Male
100960,2025,0.06795101678636896,-1.5987216570382166,-0.4094634231821758,0.5675140207937267,-0.39786232678781613,Selection,0.49956300400735776,$50K to $74K,57-65,No kids < 18,Female
200462,2021,-1.0090292885826329,0.8144305718282329,-0.2269235368724067,-0.16631989616869366,-0.39786232678781613,Quality,0.9807504679969266,$50K to $74K,18-24,Have kids < 18,Female
100753,2025,0.4102163882949607,-0.27835669675764146,-1.099756032096888,0.3793644171751335,0.9535300297328052,Convenience,0.5433136414378446,Under $25K,66+,No kids < 18,Female
101039,2025,0.9539884577296104,0.8369662023891004,-0.061079038382953046,1.0694155688984375,0.5055431810201807,Selection,0.11542711116882709,$50K to $74K,18-24,Have kids < 18,Female
100533,2025,-0.1305945159287038,0.8369662023891004,0.2935497228064181,-0.5439473233516994,0.4981113706374328,Quality,0.33885483175166753,$50K to $74K,25-36,Have kids < 18,Male
200805,2021,1.134129398752539,-0.7148212897405345,0.8053147359160164,-0.1691883557403843,0.9535300297328052,Price,0.18059936901973372,$50K to $74K,25-36,Have kids < 18,Male
100737,2025,-0.024618805936344607,-0.267017573284231,-0.9294752897806133,-0.5439356896310941,-0.8607127962659364,Price,0.24239876734788637,$150K plus,37-56,No kids < 18,Female
100122,2025,-0.29593448772760556,0.8144305718282329,-1.4570782722521394,-0.1659619277022695,1.4089486888281777,Convenience,0.5945181169999448,$100K to $124K,66+,No kids < 18,Female
101947,2025,-1.0127117180310827,0.6080593585142955,-0.2316049850881995,-0.3542803784897533,0.9609618401155531,Convenience,0.3529024816012576,$25K to $49K,37-56,Have kids < 18,Female
101724,2025,0.4138248831758054,0.825401753160129,0.4741016398662746,0.7497038093868243,-1.7492546833084375,Quality,0.07569794377330463,$150K plus,37-56,Have kids < 18,Male
100341,2025,0.4198186348426219,-0.04789537494717146,0.8222553281253038,0.936281754715114,1.3923793267563085,Convenience,0.4560975720411945,$75K to $99K,25-36,Have kids < 18,Female
200119,2021,-0.6554625331365601,-0.26679224752867003,-0.9294607819318352,0.021861126114331764,0.057556332307556246,Convenience,0.035695206193224485,$75K to $99K,37-56,Have kids < 18,Female
200620,2021,-0.29171112488083617,0.8369662023891004,0.9892013617087257,0.38469167505901514,0.9609618401155531,Digital,0.028239521593172667,$25K to $49K,18-24,No kids < 18,Male
100281,2025,-0.30030543919946345,1.0545339227904948,-0.5857723531971833,0.3904600128668285,0.4981113706374328,Quality,0.556422552153062,$25K to $49K,57-65,No kids < 18,Female
101278,2025,-0.3015099884673614,0.37663682666523574,-1.1097965103002763,0.9387405530273051,0.9535300297328052,Convenience,0.014789476705500126,$50K to $74K,37-56,Have kids < 18,Male
201131,2021,-0.46874303155756913,-1.369589487407851,-0.7649775307740998,0.00742221634243363,1.4255180509000467,Convenience,1.4180958345576131,$50K to $74K,57-65,No kids < 18,Female
101074,2025,-1.0137033640603978,0.825401753160129,-0.5846563102544369,0.38772898179959625,-2.2178312218629324,Quality,0.43767277136053273,$150K plus,57-65,No kids < 18,Female
200856,2021,0.4255282318406282,0.1700402875957374,-0.23650262199540772,0.37784707593178063,1.4089486888281777,Convenience,0.9834204569875495,Under $25K,37-56,Have kids < 18,Female
200438,2021,-0.2896839573312797,1.2734307953719934,0.6381380057924009,-0.3543320712828286,0.06498814269030417,Quality,0.6352927895795926,$100K to $124K,25-36,Have kids < 18,Male
201063,2021,-0.11822755139430254,-0.71445334759902,0.4493392352437053,-0.35303527000144164,0.050124521924808346,Digital,0.3992147133188969,$25K to $49K,57-65,Have kids < 18,Male
101184,2025,-1.1916481097861134,-0.4797635385697719,0.4709467678200072,-0.2966952723831203,-0.39786232678781613,Digital,0.7676420402031275,$150K plus,18-24,Have kids < 18,Female
101316,2025,-1.2003326448720648,0.6068728227201448,-0.2220113921164203,0.2008447607979578,-1.301267834595813,Quality,0.406028061922187,$150K plus,37-56,No kids < 18,Other or not stated
101817,2025,-0.6514845352323084,1.2734307953719934,1.1646249453211803,0.5694750662148867,0.5129749914029287,Quality,0.10880585005081311,$50K to $74K,25-36,Have kids < 18,Female
100195,2025,0.06786079601904484,-0.2781313710020806,-0.9337316969208491,0.004553756770743056,0.4981113706374328,Convenience,0.430250574618388,$50K to $74K,57-65,Have kids < 18,Female
101313,2025,-0.6909392325605518,-0.7042180505501529,-0.2436189246927222,0.01139835589797753,0.5129749914029287,Convenience,0.5015766355049511,$25K to $49K,37-56,Have kids < 18,Female
200747,2021,-0.6436689637044132,0.15943704840535572,-1.1026802076029618,0.5665751879787639,-0.8458491755004406,Selection,0.4071381395734082,$25K to $49K,66+,No kids < 18,Male
200654,2021,0.24390105666646278,-0.7157824997791242,-0.5813216015215842,-0.17280652682950404,-1.7492546833084375,Price,0.4167075834959668,$50K to $74K,18-24,Have kids < 18,Female
101885,2025,0.23886648932502658,0.606136938437116,-0.39901241175200874,-0.3190491954118386,0.050124521924808346,Quality,0.36727044911208945,$50K to $74K,57-65,Have kids < 18,Female
200092,2021,0.9545293911279299,0.596494909285324,-0.23002754906506573,-0.16507478768038206,-2.20467334240381,Price,0.3580344818426059,$25K to $49K,25-36,Have kids < 18,Male
100692,2025,0.7842775344588507,-1.6000508092183208,-0.05483466199280468,0.7518563320256666,-0.3904305164050682,Price,0.03242120243318414,$50K to $74K,18-24,No kids < 18,Male
101599,2025,-0.8345540690667843,-0.2889599359480231,-0.23159047723942133,0.3774867515452079,0.5055431810201807,Convenience,0.1280564294749728,$75K to $99K,57-65,Have kids < 18,Female
101937,2025,0.24233601553489348,-0.2771701609634908,0.9840730282613239,0.7588697783217916,0.9609618401155531,Digital,0.023111188145770845,Under $25K,37-56,No kids < 18,Female
200305,2021,0.06496466491143221,-0.07006306336652454,-0.06622187967913311,0.3738192435831615,1.4089486888281777,Convenience,1.0351294452450162,$50K to $74K,57-65,No kids < 18,Male
200200,2021,-0.11020663217792956,1.2734307953719934,0.46739587039573904,0.6161113340936899,-0.39786232678781613,Quality,0.6573194612783035,$100K to $124K,25-36,Have kids < 18,Male
101071,2025,-0.4749033411865709,0.8144305718282329,-1.2863361368554775,0.6071817942919161,1.4089486888281777,Convenience,0.5945181169999448,$150K plus,57-65,Have kids < 18,Female
100708,2025,-0.6597183576872643,-0.5082247506710361,0.13261736907295088,0.3872675225203145,0.057556332307556246,Selection,0.25465015344736364,$100K to $124K,25-36,Have kids < 18,Female
100896,2025,-0.4717618451364406,0.38893716017723595,-0.24474947548424683,0.010015818905207552,0.9609618401155531,Convenience,0.5720246799383171,$100K to $124K,37-56,Have kids < 18,Female
101233,2025,-0.29638520035860105,-0.2793179067962312,-0.06955658841198578,-0.7263285891624793,0.5055431810201807,Convenience,0.5750997694321665,$25K to $49K,37-56,No kids < 18,Female
101417,2025,0.7810458176413962,0.3876080079971318,0.44600452651085254,0.5719338645270778,0.050124521924808346,Price,0.2091119531143184,$25K to $49K,37-56,No kids < 18,Male
100268,2025,1.1335884653542194,-1.1635862162354278,-0.9439665196596008,0.5649204182309527,0.9535300297328052,Price,0.18005843562141421,$50K to $74K,66+,No kids < 18,Female
101609,2025,0.06439126980917792,0.825401753160129,-0.760296082558307,-0.725472867805024,0.9609618401155531,Convenience,0.1355600869554241,$25K to $49K,66+,No kids < 18,Male
201044,2021,-1.3711254349394635,-0.4947378813648853,0.6312378917865019,-0.17186769401454124,0.5055431810201807,Digital,0.12569471076632122,$75K to $99K,25-36,No kids < 18,Male
101807,2025,0.4230503516600763,1.0545339227904948,-1.2769732404238918,0.01542618824659676,1.4089486888281777,Convenience,0.35441476603768285,$100K to $124K,57-65,Have kids < 18,Female
100363,2025,0.597525571175925,-0.506895598490932,0.9974482151975649,1.3072020112753435,-1.301267834595813,Selection,0.30975379607777864,Under $25K,25-36,Have kids < 18,Male
101167,2025,-0.48880288514860676,0.9911233707911549,0.6249935153963536,0.19869223815911552,-0.8458491755004406,Quality,0.36612985539480125,$25K to $49K,18-24,No kids < 18,Male
200700,2021,0.057149093383536985,-0.2887346101924622,0.30804095268540554,-0.7231514979972912,0.050124521924808346,Digital,0.2508918593018686,$50K to $74K,25-36,No kids < 18,Female
100663,2025,0.42250941826175675,0.8250338110186146,0.2768398271373244,-0.08030856253793271,-1.301267834595813,Quality,0.40252439275685786,$25K to $49K,18-24,Have kids < 18,Other or not stated
101224,2025,-0.29480874544004004,0.6080593585142955,-0.40053898792153403,-0.3108010675692018,0.5129749914029287,Quality,0.09508436711136681,$100K to $124K,25-36,No kids < 18,Female
100451,2025,0.6527090629306691,-0.4847279100715789,0.6261095583391001,0.37178373080756133,0.050124521924808346,Price,0.026599504591569012,$25K to $49K,37-56,No kids < 18,Female
200085,2021,0.41325148807355105,0.6177013876660874,-1.283873354429791,0.19927310250765412,0.06498814269030417,Quality,0.20444989959253634,$50K to $74K,37-56,Have kids < 18,Female
200475,2021,-0.6493785607024195,1.0439306836001132,0.992766766981772,0.3873710133331721,0.9535300297328052,Quality,0.05116391661834119,$75K to $99K,25-36,Have kids < 18,Female
100993,2025,-0.47544427458489047,1.0439306836001132,0.2750462024227752,-0.35844563934283086,-0.39786232678781613,Quality,0.768884481177338,$25K to $49K,25-36,Have kids < 18,Female
100730,2025,-0.6548313789709165,-0.5078568085295218,0.8066614753989566,0.3877806745926716,-0.8458491755004406,Digital,0.418880800806285,$50K to $74K,37-56,No kids < 18,Female
200061,2021,-0.12245091424107199,-0.04730210705009612,-0.06955658841198578,-0.35634480949706393,0.5055431810201807,Convenience,0.5528452880702768,$75K to $99K,25-36,Have kids < 18,Male
101204,2025,0.7765846454022144,-0.9443214015124147,-0.07913567353498682,-0.17156141834119237,0.050124521924808346,Price,0.7264601234774061,$50K to $74K,66+,No kids < 18,Female
101719,2025,0.41717172691441345,0.3879759501386462,0.28842138935901623,0.009964126112132243,0.057556332307556246,Price,0.029195776775767235,Under $25K,37-56,Have kids < 18,Female
100885,2025,-0.3009365933651071,-0.2899211459866129,0.8039679964330764,0.7534594089804024,-1.301267834595813,Digital,0.05050858745267395,$50K to $74K,25-36,Have kids < 18,Female
101380,2025,-0.8289785683270285,0.16967234545422297,0.6479477874555956,-1.2753767590488796,-0.8384173651176927,Digital,0.4782754420013726,$50K to $74K,57-65,No kids < 18,Female
100653,2025,0.7719105699244495,-0.04826331708868588,-0.737341810499065,-0.5403291522625797,0.9535300297328052,Convenience,0.1816194598083557,Under $25K,37-56,Have kids < 18,Female
200614,2021,0.7743884501050013,-1.173821513284295,-0.41414487139796863,0.5746648955943101,0.050124521924808346,Price,0.19972355451069124,Under $25K,37-56,Have kids < 18,Male
100182,2025,-1.2000046147123282,0.3773727109482646,-1.2720756035166836,0.19292390035130214,0.042692711542060446,Quality,0.18444881059696244,$100K to $124K,66+,No kids < 18,Male
101277,2025,-1.0094475395096936,1.2734307953719934,-0.0425755179993102,-0.3557146082755986,0.9535300297328052,Quality,0.31990076563918823,$150K plus,57-65,Have kids < 18,Female
100705,2025,-0.48346519380126346,-0.9446893436539292,-1.625126928682921,-0.35093444015567477,0.4981113706374328,Convenience,0.8490458107931076,$25K to $49K,57-65,No kids < 18,Female
100633,2025,-0.2971639431493331,0.825401753160129,-0.9390543749036144,-0.3665870397514523,-0.39786232678781613,Quality,1.1225656963094621,$150K plus,25-36,Have kids < 18,Female
101699,2025,-0.2961722971200181,-0.05945982417614286,-0.5810909049813906,0.2010136079668483,-0.8532809858831885,Selection,0.2604734321429912,$25K to $49K,57-65,Have kids < 18,Female
100207,2025,-0.4650606021091192,0.836598260247586,-0.05618140147574482,0.5624099271256864,-0.39956806809418943,Quality,0.2741883331218996,$150K plus,37-56,Have kids < 18,Female
100514,2025,0.9479508305718674,-0.9217857709515472,0.6495252234787293,0.7531014405139782,1.4089486888281777,Convenience,0.46099785825631034,Under $25K,25-36,Have kids < 18,Male
201097,2021,-0.8356359358634234,-0.060421034214732605,-0.39855101867162146,-0.5331265846689209,0.9535300297328052,Convenience,1.0139510639475378,Under $25K,37-56,No kids < 18,Male
100417,2025,-1.1880559011049876,0.39954039936761765,0.24680202930786665,-0.5452441246330862,-1.293836024213065,Quality,0.152738370059751,$125K to $149K,57-65,No kids < 18,Female
200364,2021,-0.6482528184148539,0.8363729344920251,0.28729083856749155,0.2010653007599236,0.5055431810201807,Quality,0.3308297534718444,$150K plus,57-65,Have kids < 18,Male
100306,2025,-0.11822755139430254,0.1480979249319452,-1.1060149163358146,-0.17048515702177125,-0.39956806809418943,Quality,0.26632547632624776,$100K to $124K,57-65,Have kids < 18,Female
101041,2025,0.0659563109407472,-0.06078897635624704,0.647717090915402,0.021998554618790078,1.4089486888281777,Convenience,0.7612315979127757,$25K to $49K,37-56,No kids < 18,Other or not stated
100843,2025,1.1335884653542194,-0.49249045679808895,-0.4105794661249223,-0.7218546967159043,0.4981113706374328,Price,0.6354770947167866,Under $25K,66+,Have kids < 18,Male
200415,2021,0.2429996314044719,-0.2893278780895375,-1.9759740959078305,-1.0953685558389077,-0.8458491755004406,Price,0.5323275094940094,$100K to $124K,37-56,Have kids < 18,Female
200701,2021,0.24411395990504572,-1.1520217670064563,-0.8607509123457774,-0.34351133260005023,0.06498814269030417,Price,0.17912581721474155,Under $25K,57-65,Have kids < 18,Female
200253,2021,0.5964437043792858,0.38893716017723595,-0.5728585593413297,0.5678202964670755,0.5055431810201807,Price,0.028623407912210297,$75K to $99K,37-56,Have kids < 18,Female
100088,2025,0.23588013745008982,0.5955336992467343,-0.037894069783517406,-1.0978273541510988,1.4089486888281777,Convenience,0.8134149895814434,$100K to $124K,25-36,Have kids < 18,Male
101023,2025,-0.10706513612779925,0.6180693298076018,-0.7435861868892134,-0.5437267833897336,0.057556332307556246,Quality,0.5605129975000456,$100K to $124K,37-56,Have kids < 18,Male
101963,2025,0.415924193433726,0.6174760619105265,0.4678572634761263,-0.9033802411692289,-0.8532809858831885,Quality,0.14961879843440024,$75K to $99K,57-65,Have kids < 18,Male
101529,2025,0.42184580239217834,0.17100149763432712,0.46049575638984,-0.17280652682950404,-1.301267834595813,Digital,0.03864995399766169,$75K to $99K,25-36,Have kids < 18,Male
200042,2021,0.7837366010605312,-0.49569909140347496,-0.4170545390552643,-0.17871229314177572,0.050124521924808346,Price,0.7336120791357229,$25K to $49K,57-65,No kids < 18,Female
100126,2025,0.056698380752541556,-0.26642430538715567,0.28729083856749155,-0.35844563934283086,-1.7566864936911855,Digital,0.23059245781495,Under $25K,57-65,No kids < 18,Female
200652,2021,0.5964112426753511,0.3876080079971318,0.4486980054767328,-0.7270445260953275,-1.301267834595813,Price,0.14771323719861829,$50K to $74K,25-36,Have kids < 18,Female
201100,2021,0.41580817523443536,-1.1632182740939134,1.108845282167694,-0.3505764716892506,-0.8458491755004406,Digital,0.6930371069332586,Under $25K,25-36,No kids < 18,Male
101658,2025,-0.12145926821175698,-0.7267536811110203,-0.9161001028443724,0.384912215020981,-0.8458491755004406,Selection,0.506371483232738,$125K to $149K,57-65,Have kids < 18,Female
101399,2025,1.3105028206873552,-0.7257924710724306,-0.06932589187179215,1.125676466822019,-0.39786232678781613,Price,0.1848263538653363,Under $25K,25-36,Have kids < 18,Male
101383,2025,0.060167906962408466,1.0439306836001132,-1.9376029492745064,0.5621893871637206,0.5055431810201807,Quality,0.48174129643639263,$150K plus,37-56,No kids < 18,Male
200529,2021,-0.8377857858842387,1.0549018649320092,0.4544820765398853,0.02633266264075814,-0.3904305164050682,Quality,0.6004197883921238,$150K plus,25-36,Have kids < 18,Male
100799,2025,-0.10652420272947968,-0.9446893436539292,0.47387094332608104,-0.7718002266647073,1.4089486888281777,Convenience,0.9350777455020967,$25K to $49K,57-65,Have kids < 18,Female
100670,2025,-0.658063095788371,-0.5078568085295218,-0.5715118198583895,0.20338667056765639,-1.3086996449785608,Selection,0.7112434790971781,$150K plus,66+,No kids < 18,Male
100297,2025,0.06526023336723408,1.0549018649320092,0.6345726005193546,-0.1731644952959282,0.9535300297328052,Quality,0.10137183519920401,$50K to $74K,37-56,Have kids < 18,Male
100978,2025,0.25069252046110824,0.836598260247586,-0.2536594028961105,0.38772898179959625,0.057556332307556246,Quality,0.44886927844798974,Under $25K,37-56,No kids < 18,Male
200950,2021,-1.3713707998819813,-0.4847279100715789,0.9133787230665289,-0.17553755789673625,-0.8532809858831885,Digital,1.088916280963265,$50K to $74K,57-65,No kids < 18,Male
100796,2025,0.7729022159537644,-0.49725356933914006,-1.119606291963471,0.19703746841130437,-0.40529413717056406,Price,0.5758647475424601,$25K to $49K,37-56,No kids < 18,Male
200403,2021,-0.8298799935890194,-0.2673855154257454,-0.5844256137142433,0.7493458409204001,-1.3086996449785608,Selection,1.0167313563461455,$75K to $99K,37-56,Have kids < 18,Female
101652,2025,-0.2856734977230932,-0.9321636843863681,-0.4143755679381622,1.0711724059360044,0.057556332307556246,Selection,1.013616073628448,$75K to $99K,37-56,Have kids < 18,Male
201027,2021,-0.6560359282388144,-0.2671601896701845,-0.7714526037044418,0.1901928692840699,0.050124521924808346,Selection,0.14006834735926155,$50K to $74K,57-65,Have kids < 18,Male
101124,2025,0.24043153045659585,0.596494909285324,0.6392540487351474,-0.727931666117215,-1.301267834595813,Digital,0.04275913944982335,Under $25K,37-56,Have kids < 18,Male
100962,2025,-0.3123119118701934,0.3876080079971318,0.28842138935901623,-0.16739615748811482,-0.39786232678781613,Quality,0.09918661863811556,$75K to $99K,37-56,Have kids < 18,Female
200600,2021,0.41652881674411446,-0.07006306336652454,0.2446912459302363,-0.1728582196225793,0.9609618401155531,Convenience,0.5444330233714386,$50K to $74K,66+,Have kids < 18,Male
101366,2025,0.6056691728635567,0.3872400658556174,-0.5911313831847789,0.7520768719876324,1.4089486888281777,Convenience,0.6568718168405453,$100K to $124K,37-56,Have kids < 18,Male
200982,2021,0.0484645582975856,-0.517866779822828,0.4493392352437053,0.01412938696520979,0.050124521924808346,Digital,0.3992147133188969,$100K to $124K,37-56,No kids < 18,Female
200956,2021,0.4223867357904979,0.596494909285324,0.2848559840859699,1.3072020112753435,0.042692711542060446,Selection,0.7107071019900195,$75K to $99K,57-65,Have kids < 18,Male
101901,2025,-0.8427878915217403,-0.486282388007244,0.4689587985700946,-0.5400228765892308,0.5055431810201807,Convenience,0.036584382450086106,$75K to $99K,37-56,No kids < 18,Other or not stated
101264,2025,1.1345801113835343,-0.9337181623220331,0.4624837256397526,-0.725472867805024,-0.40529413717056406,Price,0.6720963857437817,$25K to $49K,57-65,Have kids < 18,Female
200381,2021,-0.47854189514409434,0.6184372719491162,0.2400851070123996,-0.17280652682950404,-1.301267834595813,Quality,0.37835216493671664,$125K to $149K,25-36,Have kids < 18,Male
200703,2021,-0.6974579936556574,0.6180693298076018,-0.06932589187179215,-0.3611766704100631,-0.39786232678781613,Quality,0.6873952216793939,$50K to $74K,37-56,No kids < 18,Male
100421,2025,0.07298558412780518,1.0554951328290845,-1.2600471560633828,-0.1686929587695018,-0.40529413717056406,Quality,0.9825095487012793,$50K to $74K,25-36,Have kids < 18,Female
200432,2021,-1.005346859134183,1.0545339227904948,-0.08112364278489939,0.7531531333070536,0.5129749914029287,Quality,0.30138078948344127,$125K to $149K,37-56,Have kids < 18,Female
201148,2021,-0.472425461006019,0.3891624859327969,-0.7415763734832488,-1.276842407499157,-0.39786232678781613,Quality,0.787024812720613,$25K to $49K,25-36,Have kids < 18,Female
200509,2021,0.9509696441507389,-1.153208302800607,0.28373994114322343,0.7547562102617894,0.9535300297328052,Convenience,0.0025603855820662824,$75K to $99K,57-65,Have kids < 18,Male
200375,2021,-0.10751584875879469,0.18064352678611906,-1.984437138088085,0.6106601991173006,0.4981113706374328,Selection,0.1125488284798678,$25K to $49K,66+,Have kids < 18,Male
101322,2025,0.6423232281751775,0.18219800472178413,1.1681903505942268,-0.7206926996851001,0.9609618401155531,Digital,0.20722851047867374,Under $25K,25-36,Have kids < 18,Female
100691,2025,0.5977633805683374,-1.1628503319523988,-0.413914174857775,-0.3492279776147883,0.057556332307556246,Price,0.5402070482607813,$25K to $49K,25-36,No kids < 18,Male
200875,2021,-1.8315106971936905,-0.7257924710724306,-1.4559622293093928,-0.5426505220703124,0.9609618401155531,Convenience,1.5036123621858655,$25K to $49K,66+,No kids < 18,Female
100373,2025,-1.1889573263669786,0.3785592467424152,0.45937971344709355,-0.3546900397492528,0.5055431810201807,Convenience,0.04616346757308715,$25K to $49K,37-56,No kids < 18,Male
100181,2025,0.7730248984250233,-0.060421034214732605,0.24081123068941246,-0.35974244062421784,-1.301267834595813,Price,0.5322136677356109,Under $25K,25-36,Have kids < 18,Female
200911,2021,-1.194757144132309,1.0549018649320092,-1.113131219033129,-0.9033802411692289,-0.39786232678781613,Quality,1.4527641917198253,$50K to $74K,66+,No kids < 18,Female
200158,2021,-0.11065734480892502,-0.2546345304026234,-1.2841040509699846,0.01407769417213448,-0.3904305164050682,Selection,0.12473503898105949,$25K to $49K,37-56,Have kids < 18,Male
201125,2021,0.4324916378611008,-0.9333502201805186,1.1681903505942268,0.019539756306598998,-0.3904305164050682,Digital,0.735698712733126,Under $25K,37-56,No kids < 18,Male
201120,2021,-0.7077908488542708,0.6070981484757058,0.4457883378194371,-0.9150050084163872,0.9535300297328052,Convenience,0.34643188125709945,$125K to $149K,25-36,Have kids < 18,Male
200409,2021,0.6000034513564769,1.2734307953719934,0.9938828099245185,0.1996310709740783,1.4089486888281777,Convenience,0.13551789345618426,$100K to $124K,25-36,Have kids < 18,Female
100856,2025,-1.0130397481908195,0.37759803670382547,-1.6349367103461157,0.19560323862545909,0.057556332307556246,Quality,0.18199479807836638,$150K plus,37-56,No kids < 18,Male
200068,2021,0.41684369675467686,1.2734307953719934,0.652859932211582,0.19833426969269136,0.057556332307556246,Quality,0.6205708631604114,$75K to $99K,25-36,Have kids < 18,Female
100853,2025,0.5979762838069204,-0.7242379931367655,0.11835683573415699,-0.9084326420441939,0.06498814269030417,Price,0.47961944807276335,$25K to $49K,66+,No kids < 18,Female
100540,2025,-0.6597183576872643,1.2734307953719934,0.2899843175333718,-0.3584973321359062,-0.39786232678781613,Quality,0.9834464778386216,$50K to $74K,37-56,No kids < 18,Female
200468,2021,0.060167906962408466,0.6174760619105265,-0.5826683410045244,0.19524527015903492,-1.293836024213065,Quality,0.4222307917514916,$50K to $74K,57-65,No kids < 18,Female
201076,2021,0.0684017294173644,0.16003031630243103,0.22945287016930624,-0.35093444015567477,0.057556332307556246,Digital,0.06942255386687521,$25K to $49K,37-56,Have kids < 18,Female
201034,2021,0.9509696441507389,-0.7263857389695059,-0.5741907909754916,0.012337188712940306,-0.39786232678781613,Price,0.9386324554377986,$75K to $99K,37-56,No kids < 18,Male
101917,2025,-1.1586868353493063,-0.51905331561697865,-0.9319380722063,0.5678202964670755,0.5055431810201807,Selection,0.06227711544689485,$125K to $149K,57-65,No kids < 18,Male
100445,2025,0.9592034666056948,-0.05945982417614286,-0.5773093110169288,-0.5427022148633878,-0.39786232678781613,Price,1.0186632907818376,$50K to $74K,37-56,Have kids < 18,Female
101125,2025,0.5898326821192885,-0.0488565849857612,0.7870419120725672,0.008361049157396416,0.5129749914029287,Digital,0.19720922995327872,$75K to $99K,37-56,Have kids < 18,Female
100659,2025,0.04801384566659017,0.836598260247586,0.813330892864662,-0.35742107081648505,-0.39786232678781613,Quality,0.02326736738292401,$25K to $49K,37-56,No kids < 18,Male
200188,2021,1.1382625408319842,0.8144305718282329,-0.5628180811379413,0.1979763012262672,-2.2178312218629324,Price,0.32383196900375133,$75K to $99K,57-65,Have kids < 18,Female
101542,2025,-0.12124636497317401,-0.2893278780895375,-0.7649775307740998,-0.5321020161425752,1.4089486888281777,Convenience,1.5301950538013518,$50K to $74K,25-36,Have kids < 18,Male
101397,2025,0.9515105775490584,0.6068728227201448,0.8004170990088082,0.3866527204801751,0.5055431810201807,Price,0.15109347854025024,$25K to $49K,25-36,Have kids < 18,Female
101800,2025,0.7810458176413962,-0.07176015768814314,1.338701789450695,-0.9134333501260836,0.06498814269030417,Digital,0.5576559718092987,$25K to $49K,57-65,Have kids < 18,Female
100735,2025,-0.7045067768464633,-0.04826331708868588,0.6294442670719528,0.3792813057176259,0.9535300297328052,Convenience,0.32408576266085243,$50K to $74K,37-56,No kids < 18,Female
101068,2025,-0.8416735630211665,-0.2770275445775373,-0.059746806748791105,-0.35844563934283086,-0.40529413717056406,Digital,0.2172807378287462,$50K to $74K,37-56,Have kids < 18,Male
100770,2025,-1.017263111037589,-0.05982776631765728,-0.2387212877855139,0.7504221022398213,-0.3904305164050682,Selection,0.8102498685574786,$50K to $74K,25-36,Have kids < 18,Female
101141,2025,0.7810458176413962,0.8360049923505106,0.10609769174066254,0.9400373543086921,-1.7492546833084375,Selection,0.10403236195818144,$100K to $124K,25-36,Have kids < 18,Female
201038,2021,-0.2931534835411466,0.1590691062638413,1.1679596540540331,-0.7239555265616712,1.4089486888281777,Convenience,0.24098903477414457,$75K to $99K,18-24,No kids < 18,Female
200133,2021,-0.4697346775868841,-0.7142280218434591,-0.23002754906506573,0.20374463903408055,-0.8458491755004406,Selection,0.4337721880991463,$150K plus,66+,No kids < 18,Female
201030,2021,0.06070884036072803,-0.49569909140347496,0.28706014202729796,1.3072020112753435,1.4089486888281777,Convenience,0.10174667755283417,$50K to $74K,25-36,Have kids < 18,Female
200020,2021,0.7723612825554449,0.1590691062638413,-0.7556291421912924,0.3825908452132482,0.9609618401155531,Convenience,0.18860055756010818,$100K to $124K,66+,No kids < 18,Male
100585,2025,-0.29836849241723107,-0.49666030144206474,-0.7636307912911597,1.3072020112753435,1.4089486888281777,Convenience,0.10174667755283417,$75K to $99K,57-65,No kids < 18,Male
201158,2021,0.0484645582975856,0.15943704840535572,0.6298911523035617,-0.3557663010686739,1.4089486888281777,Convenience,0.779057536524616,$50K to $74K,37-56,Have kids < 18,Female
100260,2025,-0.02477215902541817,0.6065048805786304,1.3444024474742495,-0.5349187829211904,0.050124521924808346,Digital,0.7378975668956191,$150K plus,25-36,Have kids < 18,Female
101645,2025,-0.28612421035408864,0.40072693516176827,-0.5681771111255369,0.3821811839537487,0.050124521924808346,Quality,0.018545751208019545,$150K plus,37-56,No kids < 18,Male
200037,2021,0.6021094258863657,-0.7148212897405345,-0.9308075214147753,-1.4621235515460596,0.5055431810201807,Price,0.09656624486618504,$25K to $49K,57-65,Have kids < 18,Female
200420,2021,0.9586625332073753,-0.7251992031753552,0.4558288160228254,-0.9074938092292311,-0.39786232678781613,Price,0.5028337171845498,$50K to $74K,25-36,Have kids < 18,Female
101307,2025,-1.736608442288942,1.2734307953719934,-0.21979272632631408,0.38469167505901514,-0.39786232678781613,Quality,0.8887391203129783,$25K to $49K,37-56,Have kids < 18,Male
101003,2025,1.3131884729788283,-0.7039927247945919,-0.9406318109267481,0.9387405530273051,0.9535300297328052,Price,0.35965844324602314,$25K to $49K,66+,Have kids < 18,Male
200333,2021,-0.12200020161007652,0.17063355549281273,0.9709285378652766,-0.35411153132086276,0.9609618401155531,Digital,0.009966697749723474,$50K to $74K,25-36,Have kids < 18,Female
101671,2025,0.4143658165741249,-1.380560668739747,-1.1127206858063503,-0.5421237064349977,-0.40529413717056406,Price,0.8196599537446889,$50K to $74K,66+,Have kids < 18,Female
100820,2025,-0.299854726568468,-0.2671601896701845,-0.07266060060464483,-0.36291717586925726,0.050124521924808346,Convenience,0.12278512252945317,$150K plus,57-65,No kids < 18,Female
101245,2025,0.06484198244017335,-0.2781313710020806,-1.2818853851798784,0.019181787840174835,0.5129749914029287,Convenience,0.4481330089627553,$50K to $74K,57-65,No kids < 18,Female
200397,2021,0.9509696441507389,-0.5182347219643425,0.647717090915402,-0.5392697788922431,-0.40529413717056406,Price,0.30325255323533695,$50K to $74K,37-56,Have kids < 18,Female
100188,2025,1.1305696517753479,-0.5072635406324464,-0.4105794661249223,-0.7285618673386803,-0.39786232678781613,Price,1.528431978563164,$25K to $49K,57-65,No kids < 18,Female
200787,2021,0.4223867357904979,-1.161295854016734,1.338701789450695,0.2024995305457689,0.5055431810201807,Digital,0.8331586084305143,$75K to $99K,18-24,Have kids < 18,Male
200146,2021,0.06550559830975175,0.617108119769012,0.8088801411890628,-1.0953168630458323,0.9535300297328052,Convenience,0.1446498885437424,$50K to $74K,18-24,Have kids < 18,Other or not stated
100378,2025,-0.8386547494422949,0.8356370502089963,-0.6267341168029349,0.9373580160345352,1.4089486888281777,Convenience,0.47159067279364253,$50K to $74K,66+,No kids < 18,Male
100597,2025,0.7723612825554449,-0.7257924710724306,-1.0991148023299155,0.1956549314185344,0.057556332307556246,Price,0.5767063511369105,$50K to $74K,37-56,Have kids < 18,Male
101445,2025,-0.30241141372935226,-0.27680221882197636,0.44600452651085254,0.37712878307878367,-1.301267834595813,Digital,0.06887574343206887,$50K to $74K,25-36,Have kids < 18,Male
101168,2025,0.7730248984250233,0.15870116412232688,-0.06242577786589315,1.0830767310888976,0.5055431810201807,Selection,0.31005183266387426,$75K to $99K,37-56,No kids < 18,Male
101579,2025,0.9515105775490584,-1.0827218647647734,-0.059746806748791105,0.934984953433727,-0.40529413717056406,Price,0.016525624115331428,Under $25K,37-56,No kids < 18,Male
101618,2025,-0.2931534835411466,0.38893716017723595,-0.2545592571474415,-0.5331265846689209,-0.39786232678781613,Quality,0.6434964173246774,$25K to $49K,25-36,Have kids < 18,Female
100424,2025,0.06951605791793823,-0.05982776631765728,-0.9308220292635534,0.5719338645270778,-0.40529413717056406,Selection,0.5024178066091396,$150K plus,18-24,Have kids < 18,Male
101697,2025,-0.4727534911657556,1.0545339227904948,-1.2769732404238918,0.2010653007599236,0.050124521924808346,Quality,0.8534686220305713,$50K to $74K,66+,No kids < 18,Female
101874,2025,0.9592034666056948,-0.0488565849857612,0.283970637683417,-0.7230998052042159,0.050124521924808346,Price,0.6752328289222778,$25K to $49K,57-65,Have kids < 18,Female
100370,2025,-1.188629296207242,-0.7138600797019448,0.9905481011916658,1.1215628987620168,0.06498814269030417,Selection,0.13101479757035095,$75K to $99K,37-56,Have kids < 18,Male
101309,2025,0.7760437120038948,-0.05945982417614286,0.10632838828085615,0.7572667013670558,-1.301267834595813,Price,0.01877701063683901,$50K to $74K,37-56,Have kids < 18,Male
100702,2025,0.4302023073183931,0.8259950210572042,-0.2411840702112005,-0.7310206656508715,-0.8458491755004406,Quality,0.39579271373881114,$25K to $49K,57-65,Have kids < 18,Male
101734,2025,-0.29952669640873136,-0.4860570622516831,-0.23849059124532027,-0.3546900397492528,-0.39786232678781613,Digital,0.0610361051634111,$75K to $99K,25-36,Have kids < 18,Female
100781,2025,0.7837366010605312,0.8356370502089963,0.100738661753067,0.38223287674682405,-0.8458491755004406,Quality,0.05190044914846503,$150K plus,37-56,Have kids < 18,Female
101258,2025,0.7729022159537644,-1.1622570640553236,0.13729881728874366,0.3879495217615621,0.5055431810201807,Price,0.2673590349335837,Under $25K,37-56,Have kids < 18,Male
101117,2025,-0.9041582096592745,-0.26679224752867003,-0.5857723531971833,0.5719338645270778,0.5055431810201807,Selection,0.06639068350689714,$50K to $74K,66+,Have kids < 18,Male
100362,2025,-0.28914302393296015,-0.7257924710724306,-0.5895684550104233,0.3821811839537487,0.057556332307556246,Selection,0.3246248516461925,Under $25K,57-65,No kids < 18,Female
100620,2025,0.7763717421636314,1.0554951328290845,0.3020127649866727,0.012695157179364503,-0.8532809858831885,Quality,0.2791233906654531,$50K to $74K,37-56,No kids < 18,Male
101956,2025,-0.29124899846284896,-0.9443214015124147,0.8978701114413294,0.5620519586592622,-0.8458491755004406,Digital,0.3358181527820673,Under $25K,57-65,No kids < 18,Female
200222,2021,-0.46874303155756913,0.6180693298076018,-0.7431393016576043,0.00871901762382058,1.4089486888281777,Convenience,0.7908793590205759,$125K to $149K,37-56,No kids < 18,Female
200176,2021,0.23509383910925252,-1.380560668739747,0.2935497228064181,-0.35665344109056135,0.057556332307556246,Digital,0.05845588369716559,Under $25K,25-36,No kids < 18,Other or not stated
200884,2021,-0.8310845428569174,1.2734307953719934,-1.6313858129218477,0.7491253009584343,0.9609618401155531,Quality,0.31246895525644036,$150K plus,57-65,Have kids < 18,Male
100638,2025,0.5933022083291555,-0.7263857389695059,0.4676265669359327,0.3754740133309726,1.4089486888281777,Convenience,0.8156464804990222,$25K to $49K,37-56,Have kids < 18,Female
201052,2021,-0.6560359282388144,-0.2893278780895375,-1.6264736681658611,-0.7217172682114459,0.9535300297328052,Convenience,1.2428579078223427,$125K to $149K,66+,No kids < 18,Male
201040,2021,-0.1187684847926221,-0.2776208124746126,-1.472441428438293,-0.5423782893152713,0.057556332307556246,Convenience,0.17632481710017833,$50K to $74K,66+,No kids < 18,Female
100880,2025,0.05971719433141304,0.8363729344920251,-0.05973229890001295,0.1979763012262672,-0.8532809858831885,Quality,0.6383966332657579,$125K to $149K,18-24,Have kids < 18,Female
201190,2021,-0.8386547494422949,0.18123679468319437,-0.7665549667972336,-0.17142398983673401,-0.3904305164050682,Quality,0.3526607845199284,$100K to $124K,37-56,Have kids < 18,Female
200717,2021,-0.03669533412058651,0.6068728227201448,0.28863757805043166,-0.17424075661534932,0.9535300297328052,Convenience,0.34665720701266045,$150K plus,25-36,Have kids < 18,Male
200934,2021,-0.2911263159915901,-0.9327569522834434,-0.5860030497373769,-0.7293658959030604,1.4089486888281777,Convenience,1.7000750048197677,$50K to $74K,37-56,No kids < 18,Female
101295,2025,0.592761274930836,0.8363729344920251,-0.23895198432570755,0.9373580160345352,0.057556332307556246,Selection,0.10098508154251007,$150K plus,57-65,Have kids < 18,Male
201081,2021,-0.8335299613335345,-0.06019570845917173,0.09002902583854136,0.009795278943241736,0.050124521924808346,Digital,0.039904503913733014,$75K to $99K,18-24,Have kids < 18,Female
200643,2021,-0.10598326933116013,-0.508450076426597,-0.4192732048453705,-0.7295864358650261,0.5055431810201807,Convenience,0.6115264503513408,$25K to $49K,66+,No kids < 18,Female
101612,2025,0.42193602315950246,0.37759803670382547,0.03423527613215155,1.1202660974806298,0.49640562933105953,Selection,0.6238604681495703,$50K to $74K,25-36,Have kids < 18,Female
201010,2021,0.24287694893321304,-0.7267536811110203,0.11434454522950163,0.7531014405139782,-0.8532809858831885,Selection,0.5102244915807652,$125K to $149K,57-65,No kids < 18,Male
101754,2025,-0.2855832769557691,0.16967234545422297,-0.4119262056078624,-0.35665344109056135,-1.3086996449785608,Quality,0.45525562240999207,$125K to $149K,37-56,No kids < 18,Female
200635,2021,0.24345034403546734,0.16930440331270852,-0.39720427918868134,0.0175270180923637,-1.7566864936911855,Price,0.07414594072275882,$50K to $74K,57-65,No kids < 18,Male
200642,2021,-0.6595054544486814,0.15943704840535572,-1.1013334681200218,0.2024995305457689,-1.301267834595813,Selection,0.043062482140413194,$50K to $74K,37-56,Have kids < 18,Female
100884,2025,-1.187514967706668,1.0545339227904948,0.29331902626622447,0.7531014405139782,0.5055431810201807,Quality,0.30143248227651664,$150K plus,25-36,No kids < 18,Male
201198,2021,-0.11574967121375061,-1.6116152584472923,-0.7516023438378588,-0.5383164140483443,0.5055431810201807,Convenience,0.6212928522339313,Under $25K,66+,No kids < 18,Male
100706,2025,0.05759980601453245,1.2817042541817,-0.2585715476520969,0.009743586150166416,0.042692711542060446,Quality,1.2241044481671677,$125K to $149K,37-56,Have kids < 18,Male
100503,2025,-0.9136209678909964,-0.05827328838199221,-0.2545592571474415,0.19543439145656857,0.5129749914029287,Convenience,0.3175405999463601,Under $25K,37-56,No kids < 18,Male
200277,2021,0.42661009863726734,1.2734307953719934,-0.7469354034708442,-0.7164443273745151,1.3923793267563085,Convenience,0.11894853138431505,$25K to $49K,37-56,No kids < 18,Female
101797,2025,1.1382625408319842,1.0545339227904948,-0.7384578534418115,1.069379618703698,0.4981113706374328,Price,0.06888292212828628,$75K to $99K,18-24,Have kids < 18,Male
101891,2025,-0.46874303155756913,-0.25582106619677397,0.639484745275341,0.5651409581929187,0.5055431810201807,Digital,0.0743437870824224,$25K to $49K,18-24,No kids < 18,Male
101537,2025,-0.6550442822094994,-0.05923449842058197,-0.2316049850881995,0.01650244956601792,-0.39786232678781613,Selection,0.07573694798659988,$75K to $99K,57-65,No kids < 18,Other or not stated
101762,2025,0.23931720195602202,-0.5088180185681115,0.13238667253275724,0.3856281519538293,-0.8532809858831885,Selection,0.1463109499978073,$50K to $74K,25-36,Have kids < 18,Male
200231,2021,0.23273864139995948,-0.03633092571820004,0.47743634859912737,0.01412938696520979,-0.39786232678781613,Digital,0.2446977071991679,$75K to $99K,25-36,Have kids < 18,Female
100132,2025,1.1305696517753479,-1.5890796278864248,0.27036475420698247,-1.0909827550238642,0.057556332307556246,Price,0.8602048975683654,Under $25K,37-56,No kids < 18,Female
101490,2025,0.06583362846948836,-0.27776342886056615,0.4506859747266454,-0.5362155842025774,0.9535300297328052,Convenience,0.5028440550061598,$50K to $74K,57-65,No kids < 18,Female
101265,2025,0.40969174109636003,0.15943704840535572,0.8233713710680503,0.9387922458203805,-1.293836024213065,Selection,0.1154208747523302,$50K to $74K,25-36,No kids < 18,Male
101749,2025,-0.1177768387633071,-1.8179864717612297,-0.22534610084927292,-0.5424816749014219,0.06498814269030417,Convenience,0.18276498145361128,Under $25K,25-36,Have kids < 18,Female
101333,2025,0.7796034589810859,0.4005016094062074,0.8001864024686146,-0.17294395533396237,1.4255180509000467,Convenience,0.6253316484314321,$25K to $49K,37-56,Have kids < 18,Male
100431,2025,0.418917209580631,0.17100149763432712,0.7968516937357619,0.5702790947792666,-1.293836024213065,Digital,0.22657259895649529,$50K to $74K,25-36,Have kids < 18,Male
200395,2021,-1.1958714726328827,0.825401753160129,-1.2633818647962354,0.19654207144042185,0.5129749914029287,Quality,0.3124267617572003,$125K to $149K,66+,No kids < 18,Male
101577,2025,0.5928514956981601,0.6068728227201448,-0.055950704935551175,1.3072020112753435,1.4089486888281777,Convenience,0.10174667755283417,$50K to $74K,25-36,Have kids < 18,Female
200502,2021,-1.1890800088382374,-0.49725356933914006,-1.0677500299713796,0.5620519586592622,0.9609618401155531,Convenience,0.3989098814562909,$150K plus,25-36,Have kids < 18,Female
101059,2025,-1.3799326524966737,0.38856921803572153,-0.205070799907133,-0.1735224637623524,-1.301267834595813,Quality,0.5620916817980739,$75K to $99K,25-36,Have kids < 18,Female
200513,2021,-0.8413455328614298,-0.4959244171590359,-0.24006802726845405,0.7599460396412128,0.4981113706374328,Selection,0.26183466900377994,$100K to $124K,18-24,Have kids < 18,Female
100769,2025,-0.6392077914652312,0.8259950210572042,0.28706014202729796,1.122997128547862,-2.20467334240381,Selection,0.2970021074906577,$50K to $74K,25-36,Have kids < 18,Female
101263,2025,0.4126960244307656,-0.27643427668046194,-1.2720756035166836,0.19220796341845378,0.042692711542060446,Price,0.2204880610123118,$50K to $74K,57-65,No kids < 18,Male
101960,2025,-0.6622864586351404,0.4010948773032827,-1.2671634587606972,-0.5347813544167321,0.9535300297328052,Convenience,0.5524351524295226,$25K to $49K,66+,No kids < 18,Male
200171,2021,-0.6550442822094994,-0.49629235930055027,0.11456073392091708,0.7534594089804024,0.9535300297328052,Convenience,0.20007062075240278,$50K to $74K,66+,No kids < 18,Male
100204,2025,0.413161267306227,-0.049817795024350964,0.9807383195284711,-0.3489733947345148,0.050124521924808346,Digital,0.5675770522222441,Under $25K,18-24,Have kids < 18,Female
101779,2025,0.4149067499724445,0.6074660906172201,-0.9245631450246269,0.38866781461455907,1.4089486888281777,Convenience,0.8014825982109576,$25K to $49K,25-36,Have kids < 18,Male
101292,2025,-0.11409440931485722,0.6065048805786304,-1.1002174251772752,0.5621893871637206,0.042692711542060446,Quality,0.04431549341490981,$100K to $124K,66+,Have kids < 18,Male
101814,2025,-0.47221255776743604,-1.161295854016734,0.4591635247556781,-0.3588036078092551,-1.293836024213065,Digital,0.8179671325649331,$50K to $74K,37-56,Have kids < 18,Female
101415,2025,-0.2665157797314537,0.6068728227201448,-0.2398373307282604,0.1981137297307255,1.4089486888281777,Convenience,0.8020758661080329,$75K to $99K,37-56,No kids < 18,Male
100413,2025,0.23575745497883097,-0.27835669675764146,0.46897330641887275,-0.17799635620892737,-0.40529413717056406,Digital,0.23321585144004178,Under $25K,18-24,Have kids < 18,Female
100865,2025,-1.0179267269071672,-0.25678227623536376,0.8236020676082438,0.7547562102617894,0.9535300297328052,Convenience,0.12992796212456137,$75K to $99K,37-56,No kids < 18,Female
200610,2021,0.4153578315073653,-0.47412467088119725,0.46851191333848546,-1.0872271554302864,-0.39615658548144284,Digital,0.05315408183112014,$25K to $49K,66+,Have kids < 18,Male
200446,2021,-0.6651711759557613,-0.2671601896701845,-0.4152609143407151,-0.5356370757741874,0.5055431810201807,Convenience,0.7727033706903652,$25K to $49K,57-65,No kids < 18,Male
200558,2021,0.7763717421636314,-0.04908191074132212,-1.4608743740653793,0.02056432483294479,0.5055431810201807,Price,0.27082856114345066,$50K to $74K,57-65,Have kids < 18,Female
200260,2021,-0.8423371788907448,0.16003031630243103,-0.2496471123914551,-0.16609935620672783,0.050124521924808346,Quality,0.10990579437762268,$75K to $99K,37-56,Have kids < 18,Female
100434,2025,0.23273864139995948,0.3871838655521151,0.6247628188561599,-0.16739615748811482,0.5055431810201807,Digital,0.11921963783597922,$25K to $49K,37-56,No kids < 18,Male
200995,2021,-0.47634569984688135,0.8259950210572042,-0.4284054047367625,1.3072020112753435,-0.3904305164050682,Selection,0.4812069902181393,$75K to $99K,37-56,No kids < 18,Female
100315,2025,-0.6586364908906253,-0.2773954867190517,-0.061079038382953046,-0.3598281763356008,0.5129749914029287,Convenience,0.5740540297858817,$100K to $124K,66+,No kids < 18,Female
200116,2021,0.24278672816588892,-0.4847279100715789,0.6515131927286419,0.006706279409585303,0.9609618401155531,Convenience,0.30944864738691114,$75K to $99K,57-65,No kids < 18,Female
100921,2025,0.4153574626034399,0.825401753160129,-0.24363343254150033,0.3860742120517851,-0.40529413717056406,Quality,0.41004429055668906,$100K to $124K,37-56,Have kids < 18,Female
101715,2025,0.418917209580631,-1.162625006196838,-0.2402987238086477,0.7534594089804024,-0.39786232678781613,Selection,0.3345421993997714,$50K to $74K,57-65,Have kids < 18,Female
101484,2025,0.4193679222116264,-0.5078568085295218,-0.9303606361831662,0.011618895859943402,0.5055431810201807,Convenience,0.08617525880855431,$75K to $99K,66+,Have kids < 18,Male
100641,2025,-0.8344313865955255,-0.47375672873968283,-0.09251086047122781,-0.17191938680761656,-0.40529413717056406,Digital,0.07940852633638876,$50K to $74K,25-36,No kids < 18,Female
200269,2021,0.5933924290964796,0.6174760619105265,-0.08871475865798786,0.015205648284630946,0.057556332307556246,Quality,0.024083632814046907,$100K to $124K,25-36,Have kids < 18,Female
100515,2025,0.597312667937342,0.17122682338988804,-0.7484983316451999,-1.0978273541510988,0.057556332307556246,Price,0.4260858445474539,Under $25K,37-56,Have kids < 18,Female
100376,2025,-2.2660603142072393,-0.0488565849857612,-0.25186577818156125,0.7504221022398213,-0.8458491755004406,Selection,0.7992786872255825,$50K to $74K,37-56,Have kids < 18,Male
200174,2021,-0.6560359282388144,0.5959016413882487,-0.5712811233181959,0.19775576126430133,0.9535300297328052,Convenience,0.35762838834455646,$50K to $74K,66+,No kids < 18,Female
101304,2025,-0.6520254686306279,-1.3917571758272038,-0.055950704935551175,-1.6423522947179974,-0.39786232678781613,Digital,0.341911621852265,$50K to $74K,37-56,No kids < 18,Female
200520,2021,-1.005346859134183,-0.7145959639849736,0.9974482151975649,1.0677586171019642,-1.293836024213065,Selection,0.0703104019043993,$25K to $49K,25-36,Have kids < 18,Female
100652,2025,-0.8280657292780459,0.3879759501386462,0.10452025571752879,0.015205648284630946,0.057556332307556246,Quality,0.2834556944211174,$50K to $74K,37-56,No kids < 18,Male
200229,2021,0.8635718789994495,-0.06946979546944922,-1.2818853851798784,-1.2795734385663893,0.9609618401155531,Convenience,0.09738996111610354,$75K to $99K,18-24,Have kids < 18,Female
200745,2021,-0.29737684638791606,-0.49784683723621537,-1.1162715832306183,-0.1634200179325709,1.4089486888281777,Convenience,1.5723687067607486,$100K to $124K,57-65,No kids < 18,Female
100225,2025,0.2474608036436538,-0.27776342886056615,-0.5909006866445853,0.934984953433727,0.057556332307556246,Selection,0.6875241497900733,$75K to $99K,25-36,Have kids < 18,Female
101732,2025,0.06451395228043676,0.36640152961636846,-0.06464444365599936,-0.7245340349900612,0.9535300297328052,Convenience,0.5871285001164368,Under $25K,66+,Have kids < 18,Male
101486,2025,-0.47263080869449675,0.3879759501386462,0.29331902626622447,-1.0913407234902885,-0.8458491755004406,Quality,0.09465692387242175,$150K plus,25-36,Have kids < 18,Male
101431,2025,-0.4872703057209722,1.2734307953719934,0.46429185820307994,0.20517886881992584,-0.40529413717056406,Quality,0.8091389371689135,$100K to $124K,57-65,No kids < 18,Male
200693,2021,0.24233601553489348,-0.4959244171590359,-1.091523686456827,-0.35714883806144393,1.4089486888281777,Convenience,1.1666126732932842,$100K to $124K,66+,No kids < 18,Female
101052,2025,-0.1259204404509389,1.2734307953719934,0.46184249587278015,-0.7214967282494801,-0.8532809858831885,Quality,0.8115882994992133,$150K plus,57-65,No kids < 18,Female
200411,2021,-1.2045560077188342,-0.03766007789830424,1.338701789450695,-0.9168803181261642,-1.7492546833084375,Digital,1.3763618673489992,$50K to $74K,25-36,Have kids < 18,Female
100173,2025,0.06550559830975175,-0.49629235930055027,-0.9551230408057356,0.7534594089804024,0.057556332307556246,Selection,0.6879538106706506,$25K to $49K,57-65,No kids < 18,Male
101426,2025,-0.11756393552472413,0.6180693298076018,0.6479477874555956,-0.9019460113833836,1.4089486888281777,Convenience,0.7610009013725821,$50K to $74K,37-56,No kids < 18,Female
101822,2025,1.3145239028285405,-0.27835669675764146,-0.03654733030057729,-0.3580876708764067,0.5055431810201807,Price,0.8089807218083598,Under $25K,18-24,Have kids < 18,Male
100111,2025,-0.47755024911477933,-0.049817795024350964,0.8264753832607094,-0.9098151790369639,-1.7566864936911855,Digital,0.8762931782850603,Under $25K,25-36,No kids < 18,Male
100071,2025,-0.2958442669602815,0.17100149763432712,-0.2402842159598695,0.1966794999448802,0.057556332307556246,Selection,0.02567800231055309,Under $25K,37-56,Have kids < 18,Male
100427,2025,-0.8232689713290221,0.6070981484757058,0.450916671266839,-0.724176066523637,0.050124521924808346,Quality,0.15618147720886677,$100K to $124K,25-36,Have kids < 18,Female
101391,2025,-0.11463534271317675,0.6065048805786304,-0.9426197801766607,-0.17294395533396237,-0.3904305164050682,Quality,0.7211402232918072,$150K plus,37-56,No kids < 18,Female
101922,2025,0.7800541716120812,0.15943704840535572,0.4821177968149201,-0.5388949224767343,0.5129749914029287,Price,0.26707918020915256,$50K to $74K,37-56,Have kids < 18,Male
101449,2025,0.9550703245262495,-1.5987216570382166,0.4654079011458264,-0.1688303872739601,0.057556332307556246,Price,0.4896624233804231,Under $25K,37-56,Have kids < 18,Female
201004,2021,-1.5508481250353314,-1.162625006196838,0.1277197321657426,0.0028989870229319424,0.057556332307556246,Digital,0.07016339985818634,$25K to $49K,18-24,Have kids < 18,Male
201199,2021,-0.4805690626936508,0.1596623741609166,-1.1095803216088609,0.936281754715114,0.9609618401155531,Convenience,0.02468008540043909,$125K to $149K,25-36,Have kids < 18,Female
101085,2025,-0.4841288096708418,-0.2773954867190517,0.6468317445128491,-0.5461855817019247,0.050124521924808346,Digital,0.5967072225880408,$50K to $74K,25-36,No kids < 18,Female
101768,2025,-1.1844059333604724,-0.9331248944249577,0.9843037248015175,-0.5424299821083466,0.9609618401155531,Digital,0.02334188468596443,$25K to $49K,25-36,Have kids < 18,Male
101058,2025,-0.11421709178611605,-0.27798875461612704,-0.051499953259952026,-0.3499462704677852,1.4089486888281777,Convenience,1.4604486420881297,$50K to $74K,57-65,Have kids < 18,Female
200246,2021,-0.1184404546328855,-1.3748847958808526,-1.3019299895818246,0.5638441569115317,0.9609618401155531,Convenience,0.3971176832040214,$25K to $49K,66+,Have kids < 18,Male
200621,2021,-0.036131943331842206,-0.048488642844246796,-2.15986072170054,-1.2266889162776027,0.5055431810201807,Convenience,0.5416751243520229,$75K to $99K,57-65,No kids < 18,Female
100031,2025,-0.28654246128114935,-1.1629929483383523,-0.4239546530611633,-0.5399711837961555,0.050124521924808346,Convenience,0.33666698320595767,$50K to $74K,37-56,No kids < 18,Male
101743,2025,0.5979762838069204,-0.05982776631765728,0.8922866585334852,-0.17692009488950627,-0.8458491755004406,Digital,0.29431037472656485,$125K to $149K,25-36,Have kids < 18,Male
100922,2025,-0.13068473669602793,0.8259950210572042,-0.2434027360013067,-0.7214967282494801,0.050124521924808346,Quality,0.7758704991323959,$50K to $74K,37-56,Have kids < 18,Male
100119,2025,-0.8289785683270285,-0.058498614137553126,-0.7729936877227452,0.5678719892601509,0.4981113706374328,Selection,0.0697606186227181,$150K plus,25-36,Have kids < 18,Male
100415,2025,0.2432374407968844,-1.1741894554258094,0.4558143081740472,0.2024478377526936,0.9609618401155531,Convenience,0.5051475319415059,Under $25K,37-56,Have kids < 18,Female
100741,2025,-0.4836780970398464,1.2734307953719934,0.2790584929274306,0.3859367835473268,0.49640562933105953,Quality,0.777025166040934,$150K plus,37-56,Have kids < 18,Male
101926,2025,0.41771266031273296,0.0871995414169436,1.1681903505942268,0.20482090035350167,0.057556332307556246,Digital,0.7504776902814938,$25K to $49K,25-36,No kids < 18,Male
100583,2025,-0.1187684847926221,0.16003031630243103,-0.06599118313893948,-1.464854582613292,0.4981113706374328,Convenience,0.3380810543350018,$150K plus,57-65,No kids < 18,Male
200140,2021,0.4146938467338615,-0.7248312610338408,0.4624837256397526,-1.2826107453069704,0.9609618401155531,Convenience,0.4984781144758005,$50K to $74K,25-36,No kids < 18,Female
101915,2025,0.5980989662781793,-1.0754244264859847,0.9133787230665289,-0.5411331808269596,-0.40529413717056406,Digital,0.31527975678834963,$25K to $49K,25-36,Have kids < 18,Female
200295,2021,0.7847282470898462,0.38132483062109984,0.29331902626622447,0.19524527015903492,-0.3904305164050682,Price,0.4034034164687464,$150K plus,25-36,No kids < 18,Female
100728,2025,-0.2971639431493331,-0.49629235930055027,-0.39008797649136695,0.7543982417953652,-1.7566864936911855,Selection,1.0515621849446983,$50K to $74K,25-36,No kids < 18,Male
201172,2021,0.7765846454022144,-0.48532117796865426,-0.767196196564206,0.1938627331662649,0.4981113706374328,Price,0.27847327476478156,$125K to $149K,25-36,Have kids < 18,Male
200985,2021,-1.0095702219809526,-1.3699574295493653,-1.4559622293093928,-0.1800090944231627,0.050124521924808346,Convenience,0.23013361634797105,$50K to $74K,66+,No kids < 18,Female
101878,2025,-0.12757570234983232,-0.9317957422448536,-0.5846563102544369,0.01783329376571253,-0.39786232678781613,Selection,0.14540899611554484,$50K to $74K,66+,No kids < 18,Female
100565,2025,0.774929383503321,-0.0810342446984206,-0.5764094567655977,0.7535111017734777,0.9535300297328052,Convenience,0.17860064622948424,$25K to $49K,37-56,Have kids < 18,Female
200005,2021,-0.8413455328614298,-0.7026635726144878,-0.7471515921622597,-0.7248920034564853,-0.39786232678781613,Convenience,0.3048012458266716,$50K to $74K,57-65,No kids < 18,Female
101419,2025,1.1345801113835343,-0.2883666680509478,0.8186899228522575,0.9377159845009593,0.057556332307556246,Price,0.19686412688257504,$25K to $49K,25-36,Have kids < 18,Male
100359,2025,0.18942024656171957,0.596494909285324,0.9136670937417709,-0.1748192650437393,0.5055431810201807,Digital,0.3171721844564469,$75K to $99K,66+,Have kids < 18,Female
101877,2025,-0.3009690550690418,0.6070981484757058,-0.5815522980617779,-0.5386743825147685,1.4089486888281777,Convenience,0.8018505403524719,$100K to $124K,66+,No kids < 18,Female
200849,2021,-1.7283421581300515,0.6177013876660874,-0.04770385144671209,0.7520768719876324,1.4089486888281777,Convenience,0.6568718168405453,$150K plus,37-56,No kids < 18,Female
201104,2021,0.9519612901800538,-1.1632182740939134,0.6361500365424884,-0.3507139001937089,-1.7566864936911855,Price,0.31581125363756546,Under $25K,18-24,Have kids < 18,Male
100276,2025,1.1305696517753479,-0.0372921357567898,-0.39878171521181505,0.5624099271256864,-0.8532809858831885,Price,0.5681597246496615,$150K plus,37-56,Have kids < 18,Male
200948,2021,-1.0157305316099543,0.15810789622525157,0.45937971344709355,0.20352409907211472,0.9609618401155531,Convenience,0.5015821266684595,$75K to $99K,25-36,Have kids < 18,Male
101429,2025,0.7763717421636314,0.6074660906172201,0.4581189151760637,-0.7248943593766339,0.5055431810201807,Price,0.16890565154641124,$50K to $74K,37-56,Have kids < 18,Male
101239,2025,0.2439912774337869,1.2734307953719934,1.1548151636579858,0.20231040924823526,0.5055431810201807,Quality,0.11861563171400769,$150K plus,25-36,Have kids < 18,Male
200518,2021,0.2039055237413061,-0.47375672873968283,-1.457308968792333,0.9387922458203805,0.057556332307556246,Selection,0.7348867220790744,$25K to $49K,66+,Have kids < 18,Female
200329,2021,0.9559717497882404,-0.2893278780895375,0.47743634859912737,0.019897724773023186,0.050124521924808346,Price,0.47853540118911303,$75K to $99K,25-36,Have kids < 18,Female
101832,2025,-0.8345540690667843,0.16944701969866205,-0.9308075214147753,-0.531744047676151,0.050124521924808346,Quality,0.1193224977738537,$150K plus,57-65,Have kids < 18,Female
101682,2025,0.7683508229472584,-0.03825334579537956,-0.38405978879263397,-0.9055327638080711,0.9609618401155531,Convenience,0.19261101716829465,Under $25K,66+,No kids < 18,Female
101472,2025,0.05615744735422199,-1.1632182740939134,0.47743634859912737,0.3859884763404021,0.5055431810201807,Convenience,0.02810683242105333,Under $25K,57-65,No kids < 18,Male
201197,2021,0.4255282318406282,0.825401753160129,-0.401089660484152,-1.2753250662558042,0.9535300297328052,Convenience,0.12812827657267623,$50K to $74K,37-56,No kids < 18,Female
101040,2025,0.597312667937342,-0.9333502201805186,0.6247628188561599,-1.2761264705663087,0.057556332307556246,Digital,0.027450150918817973,Under $25K,57-65,Have kids < 18,Female
200201,2021,0.7753800961343164,0.8375594702861757,-0.06552979005855224,-0.07265312994094611,0.057556332307556246,Quality,0.06217937415185937,$75K to $99K,37-56,Have kids < 18,Female
100428,2025,-1.1956585693943,1.2546495285182695,0.6397154418155346,0.1938627331662649,0.050124521924808346,Quality,0.6149340867027349,$150K plus,57-65,No kids < 18,Female
200766,2021,0.06731986262072528,-0.2671601896701845,-0.21665236212882474,0.198196841188233,0.9609618401155531,Convenience,0.7627649989273201,$75K to $99K,37-56,Have kids < 18,Male
101875,2025,-0.8305436094585978,0.158475838366766,0.4536621585847558,-0.5403291522625797,-0.8458491755004406,Digital,0.2951863202179898,$50K to $74K,25-36,Have kids < 18,Male
200327,2021,0.42151777223244175,0.18064352678611906,-1.1193901032720555,-2.017300383626846,0.49640562933105953,Convenience,0.07488785709861778,$100K to $124K,37-56,No kids < 18,Female
200889,2021,-0.8305436094585978,-0.04752743280565706,-0.5748465285912422,0.01291569714133034,-0.39786232678781613,Selection,0.0604431299469874,$75K to $99K,66+,No kids < 18,Male
200019,2021,-0.656576861637134,-0.0488565849857612,-0.7687736325873398,-0.17294395533396237,-0.8458491755004406,Quality,0.12408737034820116,$125K to $149K,37-56,Have kids < 18,Female
101105,2025,0.42231213575156107,-0.49569909140347496,0.1330787621533381,0.936281754715114,0.057556332307556246,Selection,0.513969618963553,$25K to $49K,25-36,Have kids < 18,Female
100985,2025,0.24278672816588892,0.6710233193672778,-0.24363343254150033,-0.5302267064327982,-0.8458491755004406,Quality,0.42823659120138885,Under $25K,37-56,Have kids < 18,Female
201115,2021,0.05962697356408893,-0.4850958522130933,0.1147914304611107,-0.9094572105705396,0.057556332307556246,Digital,0.05516445689702178,Under $25K,57-65,Have kids < 18,Female
200451,2021,-0.2978275590189115,-1.3817472045338974,-0.05729744441849127,-0.3567908695950197,0.4981113706374328,Convenience,0.5554088150559241,Under $25K,37-56,Have kids < 18,Female
101694,2025,-0.4842514921421007,0.15943704840535572,0.29197228678328435,0.9359237862486899,-1.2955417655194383,Selection,0.6439514994654055,$100K to $124K,18-24,Have kids < 18,Female
100025,2025,0.4190398920518898,-0.922746980990137,0.4687426098786791,-0.5351393228831562,1.4089486888281777,Convenience,0.9402060789494986,$50K to $74K,25-36,No kids < 18,Female
101923,2025,0.6016587132553702,0.3879759501386462,0.6510517996482547,0.7585118098553675,0.9609618401155531,Convenience,0.2024500302601856,$25K to $49K,25-36,Have kids < 18,Female
100946,2025,0.7723612825554449,-0.2889599359480231,0.6466010479726555,0.2010136079668483,0.9535300297328052,Convenience,0.1811687471773603,$50K to $74K,37-56,No kids < 18,Female
100891,2025,0.186974500181476,-0.07102427340511427,0.021954914242185514,0.1901928692840699,0.050124521924808346,Selection,0.0032183691025939043,$50K to $74K,37-56,Have kids < 18,Female
201111,2021,-0.11421709178611605,0.3879759501386462,-0.24141476675139414,-0.354469499787287,0.5055431810201807,Convenience,0.11756723088153448,$75K to $99K,25-36,No kids < 18,Female
100191,2025,0.06439126980917792,0.3779659788453399,0.10808566099057511,0.5661655267192645,0.9535300297328052,Convenience,0.38736450301354075,$100K to $124K,18-24,No kids < 18,Male
200589,2021,-0.6503702067317345,-0.0600530920732182,-0.7551677491109051,0.19529696295211024,-0.8607127962659364,Selection,0.2553500550253284,$100K to $124K,37-56,No kids < 18,Female
200422,2021,-0.6596281369199403,0.3876080079971318,-0.7750325168262664,-0.9053953353036128,0.4981113706374328,Convenience,0.11050336264030103,Under $25K,66+,No kids < 18,Female
101410,2025,0.774929383503321,-0.9333502201805186,0.4676265669359327,-0.3106652321333684,0.057556332307556246,Price,0.3073028165673883,$50K to $74K,37-56,No kids < 18,Female
200242,2021,0.06070884036072803,-0.4856891201101686,1.1548151636579858,-0.9087389177175428,0.9609618401155531,Digital,0.19385332354243268,Under $25K,18-24,No kids < 18,Female
201011,2021,-0.3045288020462329,0.36699479751344377,-0.051269256719758384,0.19833426969269136,-0.8532809858831885,Quality,0.16866052782075242,$125K to $149K,37-56,No kids < 18,Male
200289,2021,-0.48044638022239194,0.38953042807431126,0.6397154418155346,0.19971680668546132,-1.7566864936911855,Digital,0.25018501374122337,$150K plus,25-36,No kids < 18,Male
100975,2025,0.6046775268342417,0.17100149763432712,0.8186899228522575,0.01412938696520979,-0.40529413717056406,Digital,0.2140123960180158,$50K to $74K,37-56,Have kids < 18,Male
200565,2021,-0.8336526438047934,-0.05886655627906753,-1.1133619155733225,-2.014927321026038,-1.301267834595813,Quality,0.7747860875257259,$25K to $49K,57-65,No kids < 18,Male
201058,2021,-0.30564313054680675,-0.7257924710724306,-0.054603965452611036,-0.5345608144547663,-0.8458491755004406,Digital,0.2510391650941957,$25K to $49K,18-24,Have kids < 18,Female
100003,2025,-0.4790040215620815,0.1590691062638413,0.6774639356092248,0.008446784868779467,1.4089486888281777,Convenience,0.7314847532189529,Under $25K,37-56,No kids < 18,Female
200767,2021,-0.4841288096708418,0.5959016413882487,0.2886520858992098,0.5701933590678837,-0.39786232678781613,Quality,0.02570828232036504,$150K plus,25-36,No kids < 18,Female
201055,2021,0.23865358608644358,-0.4856891201101686,-1.4510645924021848,-1.467313380925483,1.4089486888281777,Convenience,1.170295102741734,$75K to $99K,57-65,Have kids < 18,Male
101237,2025,0.22950692458250505,-0.7132668118048695,0.02809509518716856,-0.3045643314998071,0.050124521924808346,Price,0.1793824026576967,$25K to $49K,37-56,Have kids < 18,Female
101515,2025,-0.6482528184148539,0.38953042807431126,-0.7553984456510987,-0.06850420697227722,0.9609618401155531,Convenience,0.5714314120412418,$75K to $99K,57-65,No kids < 18,Female
101444,2025,0.2402186272180129,-0.07079894764955338,-0.2398373307282604,-0.16631989616869366,-0.8532809858831885,Price,0.3110175748675663,$25K to $49K,37-56,Have kids < 18,Female
200754,2021,-0.47598520798321003,0.8369662023891004,-0.5730892558815233,1.122997128547862,-0.8458491755004406,Selection,0.2860309261587616,$75K to $99K,25-36,Have kids < 18,Male
101236,2025,-0.6524761812616234,0.37700476880675016,0.2812905788129236,-0.16775412595453898,0.5055431810201807,Convenience,0.12853841221343054,$75K to $99K,57-65,No kids < 18,Male
100457,2025,0.5979762838069204,-0.2661989796315947,0.8231406745278567,0.015205648284630946,0.4981113706374328,Digital,0.2251643907209363,$100K to $124K,25-36,Have kids < 18,Male
200563,2021,0.2429996314044719,-0.058498614137553126,-0.4041043931945803,-0.17692009488950627,-1.301267834595813,Price,0.30149824554202503,$75K to $99K,66+,Have kids < 18,Male
100803,2025,-0.4795774166643358,1.2734307953719934,-0.5679464145853432,-1.0072629061404061,0.5055431810201807,Quality,0.7678876143518127,$50K to $74K,57-65,No kids < 18,Female
101521,2025,-1.191197397155118,0.4086799906252783,-0.0526159962026985,-0.7238697908502881,0.06498814269030417,Quality,0.34369184793497415,$25K to $49K,57-65,No kids < 18,Female
100357,2025,-0.29282545338141003,-0.2654630953485659,-0.051269256719758384,0.9359237862486899,0.042692711542060446,Selection,0.8932310747066294,$50K to $74K,25-36,Have kids < 18,Female
100965,2025,-0.48768855664803296,0.16907907755714763,0.2812905788129236,0.011177815936011703,0.9609618401155531,Convenience,0.6796712613026294,$100K to $124K,66+,No kids < 18,Female
101382,2025,0.05615744735422199,0.1590691062638413,0.10006950404192963,0.19328186881772633,0.057556332307556246,Selection,0.03421276255388503,$50K to $74K,18-24,Have kids < 18,Male
100802,2025,0.4138551160601092,-0.1894453396608359,-1.2816546886396847,0.01680872523936674,-1.293836024213065,Price,0.3970463908207425,$75K to $99K,25-36,Have kids < 18,Male
200124,2021,0.7719105699244495,1.0554951328290845,0.4725387116919191,0.7561904400476347,-1.3086996449785608,Quality,0.28358456290463496,$100K to $124K,18-24,Have kids < 18,Male
100524,2025,-0.46874303155756913,-0.49666030144206474,-0.06552979005855224,-1.2751876377513458,0.5055431810201807,Convenience,0.5710729710787329,$100K to $124K,37-56,No kids < 18,Male
100930,2025,1.3131884729788283,1.0439306836001132,0.2768398271373244,-0.910891440356385,0.5055431810201807,Price,0.26925778937871514,$50K to $74K,18-24,Have kids < 18,Female
200828,2021,-0.8341033564357888,0.3882012758942071,-0.420389247788117,0.38759155329513795,0.057556332307556246,Quality,6.097225990691624e-4,$100K to $124K,57-65,Have kids < 18,Male
101654,2025,-0.8309618603856586,0.17100149763432712,0.2568040906827008,0.936281754715114,-1.3086996449785608,Selection,0.6794776640324132,$75K to $99K,18-24,Have kids < 18,Male
200863,2021,-0.4871476232497134,1.0549018649320092,0.2913310570163119,0.3839733822060182,0.9535300297328052,Quality,0.10137183519920401,$75K to $99K,37-56,No kids < 18,Female
201178,2021,0.41068338712567504,-1.1628503319523988,-1.8005505122953758,-1.091392416283364,0.057556332307556246,Price,0.3531270548181188,$25K to $49K,66+,No kids < 18,Female
100739,2025,-0.3092028775239978,-0.7360277681212978,0.46429185820307994,0.38670441327325045,0.050124521924808346,Digital,0.0775874449298295,Under $25K,25-36,Have kids < 18,Male
100738,2025,0.2362081676098264,-0.4817984259581866,0.4678572634761263,0.7561904400476347,0.49640562933105953,Selection,0.25978481071657517,$125K to $149K,18-24,Have kids < 18,Male
200706,2021,0.24758348611491265,-1.6112473163057777,-0.22669284033221307,-1.6450833257852295,0.050124521924808346,Price,0.1974589641901043,$25K to $49K,25-36,No kids < 18,Female
200944,2021,-0.12190998084275242,0.16967234545422297,-1.119159406731862,-0.9073563807247728,0.050124521924808346,Quality,0.11954782352941462,$25K to $49K,37-56,No kids < 18,Male
100717,2025,-1.1916481097861134,-0.20460192081785533,-0.047934547986905704,0.9366397231815382,0.5055431810201807,Selection,0.4310965421613575,$75K to $99K,37-56,Have kids < 18,Female
101950,2025,-0.12410617613996545,-1.151428499109381,0.12928266034009822,-0.36318940862429844,0.5129749914029287,Convenience,0.38369233106283046,$100K to $124K,37-56,Have kids < 18,Male
200736,2021,-0.48110999609197036,-1.369589487407851,-1.4510500845534064,-0.1758438335700851,0.050124521924808346,Convenience,0.22596835549489344,$100K to $124K,57-65,Have kids < 18,Male
200591,2021,0.5907341073812794,0.3785592467424152,-0.5759625715339887,0.5702790947792666,0.5129749914029287,Price,0.020455012602012768,$75K to $99K,25-36,No kids < 18,Female
200873,2021,0.7733529285847599,0.18123679468319437,0.3066942132024654,-0.9125462101041961,0.9535300297328052,Convenience,0.1801771011480453,$25K to $49K,66+,No kids < 18,Female
101078,2025,0.7719105699244495,-0.5063023305938567,-1.280538645696938,0.7551141787282135,1.4089486888281777,Convenience,0.6370381189037282,$25K to $49K,66+,Have kids < 18,Female
201091,2021,0.06538291583849291,-0.49518280420840044,0.8186899228522575,-0.0763766902752191,0.5129749914029287,Digital,0.3057149314493288,$25K to $49K,18-24,No kids < 18,Female
100872,2025,-0.3009690550690418,0.6074660906172201,0.11970357521709711,-0.07268722648872149,-0.8458491755004406,Quality,0.487762515400123,$125K to $149K,25-36,Have kids < 18,Female
100563,2025,-0.48566138909847645,-1.8176185296197152,0.641688903216669,0.015511923957979767,0.5055431810201807,Digital,0.13614572219648835,$125K to $149K,25-36,Have kids < 18,Female
200099,2021,-0.8318632856476494,0.6174760619105265,-0.5895684550104233,0.9387405530273051,0.9535300297328052,Convenience,0.014789476705500126,$125K to $149K,57-65,No kids < 18,Male
101513,2025,-0.6671983435053178,-0.9237081910287268,0.24737457470273688,-1.2874426062199695,0.9535300297328052,Convenience,0.7061554550300684,$75K to $99K,57-65,Have kids < 18,Female
101033,2025,-0.4799956675913965,1.0545339227904948,0.23342892327006848,-0.3106652321333684,0.9609618401155531,Quality,0.09357208267494177,$75K to $99K,25-36,Have kids < 18,Female
200212,2021,-0.2971639431493331,0.38856921803572153,0.4769749555187401,0.3904083200737532,-0.39786232678781613,Digital,0.08656663544498688,$150K plus,18-24,Have kids < 18,Female
100279,2025,0.41415291333554194,-0.04826331708868588,0.8135615894048556,-0.5358576157361532,0.06498814269030417,Digital,0.39940867606931363,Under $25K,18-24,Have kids < 18,Female
100972,2025,-0.659054741817686,-1.3807859944953078,-0.396102744094713,0.934984953433727,0.057556332307556246,Selection,0.8774286211261708,$100K to $124K,57-65,No kids < 18,Female
100152,2025,0.6051282394652372,0.596494909285324,0.8053147359160164,0.20043509953845828,0.057556332307556246,Digital,0.20018649645077924,$50K to $74K,57-65,Have kids < 18,Male
200249,2021,-1.371789050809042,0.8360049923505106,-0.061079038382953046,0.7480490396390133,0.4981113706374328,Quality,0.08795595271149736,$150K plus,57-65,No kids < 18,Male
101828,2025,-0.4799054468240724,-0.2561890083382884,0.6897996101193385,-0.3492796704078636,-0.8458491755004406,Digital,0.9459886184576269,$50K to $74K,37-56,No kids < 18,Female
100768,2025,0.06170048639004304,0.8363729344920251,-0.6029291340978861,-0.9125462101041961,0.050124521924808346,Quality,0.7746724481019821,$125K to $149K,57-65,Have kids < 18,Female
201109,2021,-0.2936944169394662,0.836598260247586,-0.07067263135473226,-0.9098668718300392,0.4981113706374328,Quality,0.33848688961015316,$100K to $124K,25-36,Have kids < 18,Male
100787,2025,-0.47598520798321003,1.0554951328290845,0.29331902626622447,1.3072020112753435,0.5055431810201807,Selection,0.25170687844625905,$75K to $99K,57-65,Have kids < 18,Female
200461,2021,-0.9301663990690856,0.6856515611431392,-1.4729028215186801,0.5640646968734975,0.9609618401155531,Convenience,0.2753102789724139,$75K to $99K,66+,No kids < 18,Female
100441,2025,-1.1916481097861134,0.3779659788453399,0.26679934893393614,0.9414715840945374,0.4981113706374328,Selection,0.4433602134571045,$75K to $99K,25-36,No kids < 18,Male
200840,2021,-0.12277894440080858,-0.9109572060056047,-0.594235395377438,0.20266837771465945,-1.7566864936911855,Selection,0.325447322115468,Under $25K,37-56,Have kids < 18,Male
101990,2025,-0.11711322289372869,-0.7367636524043266,-0.5764094567655977,-0.3567908695950197,1.4089486888281777,Convenience,1.5260619117219063,$75K to $99K,57-65,No kids < 18,Female
200046,2021,0.2417950821365739,1.0554951328290845,-1.285220093912731,-0.34789713341509365,0.9535300297328052,Quality,0.10196510309627926,$100K to $124K,57-65,No kids < 18,Female
200961,2021,-0.11520873781543105,-0.7032568405115631,0.0998533153505142,-0.5358576157361532,1.4089486888281777,Convenience,1.3090953734776636,$25K to $49K,37-56,No kids < 18,Male
200183,2021,0.417925563551316,-0.922746980990137,0.11947287867690351,0.2010653007599236,0.057556332307556246,Price,0.2168602627913924,$25K to $49K,57-65,Have kids < 18,Male
100963,2025,-0.2958442669602815,-0.04789537494717146,-0.7689898212787553,-0.726855404797794,-0.39786232678781613,Quality,0.24794889201311004,$150K plus,57-65,No kids < 18,Male
200048,2021,-1.189620942236557,-0.25522779829969866,-0.4119262056078624,0.7561904400476347,0.06498814269030417,Selection,0.6912022973573305,$25K to $49K,57-65,Have kids < 18,Female
100387,2025,-0.11475802518443562,0.18101146892763345,0.10475095225772242,-0.173524819682501,0.5055431810201807,Convenience,0.3245317120925473,$50K to $74K,18-24,Have kids < 18,Male
200945,2021,0.4156854927631765,1.2734307953719934,1.338701789450695,-0.7217172682114459,0.9609618401155531,Digital,0.06527099407870152,$100K to $124K,18-24,Have kids < 18,Female
101903,2025,0.0684017294173644,-0.2673855154257454,1.1548151636579858,0.19148967056545685,0.057556332307556246,Digital,0.9633254930925289,Under $25K,18-24,Have kids < 18,Female
200860,2021,-0.2549619308768293,0.6065048805786304,-0.2398373307282604,1.3072020112753435,0.9535300297328052,Selection,0.3536719815425383,$50K to $74K,37-56,Have kids < 18,Female
200680,2021,-0.6466877772832846,-0.7148212897405345,0.24440287525499427,-0.9046770424506159,0.9609618401155531,Convenience,0.7165589648605588,$50K to $74K,18-24,Have kids < 18,Male
100143,2025,1.1305696517753479,-0.26812139970877424,-0.773671269494548,0.7493458409204001,0.050124521924808346,Price,0.3812238108549477,$50K to $74K,57-65,Have kids < 18,Female
101306,2025,-1.191197397155118,-0.47375672873968283,-0.2449656641756623,0.6147660074444136,0.050124521924808346,Selection,0.5646414855196052,$125K to $149K,57-65,Have kids < 18,Male
200829,2021,-0.30105927583636594,-0.4849532358271398,0.4593942212958717,-0.5347813544167321,0.9535300297328052,Convenience,0.4941358084369335,$50K to $74K,18-24,Have kids < 18,Female
200412,2021,0.42292766918881747,-1.3811539366368222,0.10475095225772242,-0.5443052918181235,-1.301267834595813,Price,0.31817671693109506,$50K to $74K,25-36,No kids < 18,Female
100100,2025,-0.12236069347374787,1.2734307953719934,0.2930883297260308,0.3904600128668285,-0.8532809858831885,Quality,0.8829707825051649,$25K to $49K,37-56,Have kids < 18,Other or not stated
201164,2021,-0.47544427458489047,0.6070981484757058,0.11433003738072345,0.5743069271278859,-0.3904305164050682,Quality,0.032791221347819866,$75K to $99K,57-65,No kids < 18,Female
101685,2025,0.589291748720969,0.825401753160129,0.4506859747266454,0.19524527015903492,-1.301267834595813,Quality,0.23611000443915997,$50K to $74K,57-65,Have kids < 18,Female
200855,2021,-0.8360866484944189,-0.506895598490932,-0.060848341842759425,-1.460878443057748,0.050124521924808346,Convenience,0.11097286376756776,$50K to $74K,57-65,Have kids < 18,Female
200704,2021,0.5923105622998405,-0.05886655627906753,0.8186899228522575,0.7547562102617894,-0.8458491755004406,Digital,0.0639337125904681,Under $25K,57-65,Have kids < 18,Male
100528,2025,0.7801443923794054,0.8360049923505106,0.8135615894048556,0.00800308069097222,-1.7492546833084375,Quality,0.022443402945655055,$25K to $49K,25-36,Have kids < 18,Female
200034,2021,-0.4605994298699373,-0.7242379931367655,-1.2789612096738043,-0.31005269042336475,-0.8458491755004406,Selection,0.15054673944657254,$150K plus,37-56,No kids < 18,Female
200933,2021,-0.29381709941072504,-1.1632182740939134,-0.7636307912911597,0.20338667056765639,0.057556332307556246,Selection,0.14583033826010014,$25K to $49K,25-36,No kids < 18,Male
100326,2025,0.24701009101265836,0.6070981484757058,0.10964858916493067,-0.5356370757741874,0.050124521924808346,Quality,0.3600880574630474,$25K to $49K,37-56,Have kids < 18,Female
200417,2021,0.23674910100814595,-0.9446893436539292,-0.6125227270696654,0.20208986928626943,0.49640562933105953,Convenience,0.2596565283229136,$25K to $49K,25-36,Have kids < 18,Male
200107,2021,0.4223867357904979,-0.05982776631765728,0.47387094332608104,-1.0977756613580234,0.5055431810201807,Convenience,0.03167223769409966,$50K to $74K,37-56,Have kids < 18,Male
100890,2025,-1.0142442974587174,-0.2983766393442541,1.338701789450695,-0.16650901746622737,0.050124521924808346,Digital,1.2885772675258866,$25K to $49K,18-24,Have kids < 18,Male
101627,2025,-0.4774275666435205,0.8144305718282329,0.12905196379990458,-0.17048515702177125,0.4981113706374328,Quality,0.31631920119080004,$25K to $49K,37-56,Have kids < 18,Male
101403,2025,-0.12079565234217858,-0.2671601896701845,-0.5980314971906778,0.3812940439318612,-0.3904305164050682,Selection,0.5020896962740398,$100K to $124K,57-65,No kids < 18,Male
200120,2021,0.4102326744946796,0.38953042807431126,-1.2765263551922827,-0.1647168192139579,-0.8532809858831885,Price,0.02070224642036833,$25K to $49K,66+,Have kids < 18,Male
200850,2021,0.24592822421601926,0.3891624859327969,-1.271762251806967,0.016450756772942575,1.4089486888281777,Convenience,1.0197862028953808,$75K to $99K,37-56,Have kids < 18,Female
101772,2025,0.06385033641085835,-0.49725356933914006,0.026945808441814267,-0.3580876708764067,-1.301267834595813,Price,0.03690452796904409,$25K to $49K,57-65,No kids < 18,Other or not stated
201013,2021,0.06894266281568395,-0.49533114926196053,-0.5846563102544369,0.384912215020981,-0.39786232678781613,Selection,0.31596955220529704,$50K to $74K,25-36,No kids < 18,Male
101684,2025,0.4153574626034399,0.6074660906172201,-1.0977680628469755,-0.3608187019436389,0.49640562933105953,Quality,0.1110604612861606,$100K to $124K,57-65,No kids < 18,Male
101017,2025,-0.12658405632051734,1.0545339227904948,0.0213823688473153,0.5675140207937267,-0.8458491755004406,Quality,0.48701990199676815,$25K to $49K,25-36,No kids < 18,Male
100401,2025,1.1345801113835343,-0.05982776631765728,0.4689587985700946,0.8476146482120448,0.5055431810201807,Price,0.2869654631714895,Under $25K,37-56,Have kids < 18,Male
100667,2025,-0.03752550934928524,0.1700402875957374,-0.4105794661249223,-1.648172325318886,0.49640562933105953,Convenience,0.32636534173532217,$25K to $49K,66+,No kids < 18,Male
101011,2025,0.41514455936485695,-0.05923449842058197,-0.931038217954969,-0.3591615762756792,0.5055431810201807,Convenience,0.09039862165532375,$50K to $74K,66+,No kids < 18,Male
101055,2025,0.06385033641085835,0.6190305398461915,-0.4023326126360832,-0.539264383746247,0.057556332307556246,Quality,0.5551802034353331,$25K to $49K,66+,Have kids < 18,Male
200902,2021,0.23476580894951596,-0.9321636843863681,0.8086494446488692,0.19422070163268912,0.9609618401155531,Convenience,0.15231239546668385,$50K to $74K,57-65,Have kids < 18,Male
100581,2025,-0.2939397818819839,0.17026561335129828,-0.05419343222583223,0.20476920756042635,-0.39786232678781613,Selection,0.034503594209128075,$50K to $74K,25-36,Have kids < 18,Male
100604,2025,1.3131884729788283,0.3876080079971318,0.8233713710680503,-0.36139721037202893,0.9609618401155531,Price,0.35222663286327527,$75K to $99K,37-56,Have kids < 18,Male
200215,2021,-0.8387774319135537,-1.1635862162354278,0.48077105733198006,1.1215628987620168,-1.7492546833084375,Selection,0.6407918414300366,$50K to $74K,18-24,Have kids < 18,Male
100037,2025,0.7796034589810859,-0.04789537494717146,0.11789544265376975,0.01407769417213448,0.042692711542060446,Price,0.6617080163273161,Under $25K,25-36,Have kids < 18,Female
200365,2021,-0.8305436094585978,-1.3811539366368222,-0.9172161457871189,-0.17173026551008286,-1.301267834595813,Selection,0.658813343948515,$25K to $49K,66+,Have kids < 18,Male
100632,2025,0.05628012982548085,-1.1629929483383523,-0.4192732048453705,0.3839733822060182,0.9535300297328052,Convenience,0.569556647526787,$25K to $49K,66+,No kids < 18,Female
100994,2025,-0.6586040291866905,-1.3589862482174693,-0.40900203010178854,0.009437310476817572,-1.7566864936911855,Selection,0.4184393405786061,$50K to $74K,57-65,No kids < 18,Female
200894,2021,0.859201602544072,0.825401753160129,1.338701789450695,0.3792813057176259,0.9535300297328052,Digital,0.38517175971788975,$100K to $124K,18-24,Have kids < 18,Male
201057,2021,0.2356347725075721,0.6184372719491162,-0.9294752897806133,-1.2772520687586566,0.057556332307556246,Quality,0.38280249944154415,$25K to $49K,37-56,Have kids < 18,Male
200793,2021,0.05615744735422199,-0.04789537494717146,0.4656240898372419,-0.3557663010686739,0.06498814269030417,Digital,0.40063594714693773,Under $25K,18-24,Have kids < 18,Male
101855,2025,-0.29439049451297933,0.596494909285324,-1.0881889777239744,-0.9098151790369639,0.4981113706374328,Quality,0.09838353864789118,$125K to $149K,66+,Have kids < 18,Male
101632,2025,0.417925563551316,-1.0776261843742772,-0.22557679738946657,0.00871901762382058,0.9535300297328052,Convenience,0.5356044661814892,$50K to $74K,37-56,Have kids < 18,Female
200103,2021,0.7796034589810859,0.39954039936761765,-0.06909519533159854,-0.16905092723592596,0.050124521924808346,Price,0.3800630596134682,$50K to $74K,37-56,Have kids < 18,Female
101806,2025,0.20421811135675025,0.8144305718282329,0.8088801411890628,-0.7220752366778701,0.050124521924808346,Quality,0.005550430639170045,$100K to $124K,25-36,Have kids < 18,Female
101796,2025,0.060831522831986874,-0.058498614137553126,-0.5895684550104233,-0.7201999269680932,-0.39786232678781613,Price,0.11933013696954001,$50K to $74K,37-56,Have kids < 18,Female
101257,2025,1.3131884729788283,-1.1522470927620172,-0.049050590929652194,0.37841085704846456,0.057556332307556246,Price,0.9347776159303638,Under $25K,25-36,No kids < 18,Female
201080,2021,0.24377837419520393,0.6070981484757058,0.8184592263120639,-0.5365735526690016,0.042692711542060446,Digital,0.21136107783635816,$50K to $74K,25-36,Have kids < 18,Male
200785,2021,-0.6534678272909384,-0.0488565849857612,-0.7553984456510987,-0.3588036078092551,0.5055431810201807,Convenience,0.5543997660059419,$50K to $74K,25-36,Have kids < 18,Female
200166,2021,-1.186061195259366,1.2734307953719934,0.6296749636121464,0.19292390035130214,0.49640562933105953,Quality,0.6437558317598471,$125K to $149K,18-24,Have kids < 18,Other or not stated
200632,2021,0.06741008338804941,-0.5169055697842383,0.6463703514324619,-0.9121882416377719,-0.8458491755004406,Digital,0.5789602680444125,$75K to $99K,37-56,Have kids < 18,Female
100893,2025,-0.29737684638791606,0.6174760619105265,-0.21867668338356763,0.7520768719876324,1.4089486888281777,Convenience,0.6568718168405453,$50K to $74K,37-56,Have kids < 18,Female
200508,2021,-0.3086294824217435,-0.7257924710724306,-1.0964213233640354,-1.2786346057514264,0.5055431810201807,Convenience,0.8141726634419242,$75K to $99K,66+,No kids < 18,Male
200791,2021,-0.6520254686306279,0.38004321723631357,-0.42372395652096967,0.38670441327325045,0.050124521924808346,Selection,0.006661196036936878,Under $25K,37-56,No kids < 18,Male
101750,2025,-0.11164899083824001,0.606136938437116,-0.07445422531919403,0.01680872523936674,0.042692711542060446,Quality,0.5634442268950556,$50K to $74K,66+,No kids < 18,Male
100675,2025,-1.013580681589139,-0.07079894764955338,-1.1245184367194574,-0.9082952135397355,0.057556332307556246,Convenience,0.12835527995710963,$100K to $124K,57-65,No kids < 18,Female
100420,2025,-0.3085392616544194,1.0554951328290845,0.6463703514324619,-0.7184077287158236,-0.8458491755004406,Quality,0.40912478139662256,$150K plus,18-24,Have kids < 18,Female
100673,2025,0.6011177798570507,0.8360049923505106,-0.22154999903603304,0.9403953227751163,-0.40529413717056406,Selection,0.10439033042460566,$50K to $74K,37-56,Have kids < 18,Female
200407,2021,-1.0207326372474559,0.6174760619105265,-1.0979987593871692,0.021640586152365915,-0.40529413717056406,Quality,0.5958354757581605,$75K to $99K,66+,No kids < 18,Female
201112,2021,0.7765846454022144,0.1800502588890437,-0.4105794661249223,-0.907135840762807,-0.39786232678781613,Price,0.5965343865131707,$50K to $74K,57-65,Have kids < 18,Female
101294,2025,-0.1194321006622005,0.596494909285324,0.8053147359160164,-0.17150972554811705,0.050124521924808346,Digital,0.20881982663069243,$25K to $49K,18-24,Have kids < 18,Male
101006,2025,0.9519612901800538,1.0549018649320092,0.819805965795004,-1.2847632679458125,0.9535300297328052,Quality,0.10137183519920401,Under $25K,37-56,Have kids < 18,Male
200287,2021,0.593752920960151,-0.2661989796315947,0.11947287867690351,-0.35303527000144164,-0.8532809858831885,Price,0.4742800422832475,$25K to $49K,57-65,Have kids < 18,Male
200310,2021,-0.8353079057036868,-0.058498614137553126,-0.9294752897806133,0.19690003990684607,0.5129749914029287,Convenience,0.3160749514960826,$125K to $149K,57-65,No kids < 18,Other or not stated
101210,2025,-0.30506973544455246,-0.7267536811110203,-1.0991148023299155,-0.7290079274366362,0.4981113706374328,Convenience,0.8031811060819853,Under $25K,37-56,No kids < 18,Male
101616,2025,0.41837627618231144,1.2546495285182695,-1.2734223429996239,-0.724176066523637,0.057556332307556246,Quality,0.8362732523359581,$50K to $74K,37-56,No kids < 18,Female
100475,2025,-1.1926397558154285,0.1596623741609166,-0.5875659779117326,0.206255130139347,0.057556332307556246,Selection,0.04659275597843038,$125K to $149K,57-65,No kids < 18,Male
100072,2025,-0.2942678120417205,-0.7136347539463839,0.12905196379990458,-0.17029603572423763,-0.8458491755004406,Digital,0.2993479995241422,$50K to $74K,25-36,Have kids < 18,Female
200718,2021,-0.3009690550690418,-1.1506926148263523,-1.285220093912731,0.9377159845009593,0.9609618401155531,Convenience,0.023245855614593802,$75K to $99K,37-56,Have kids < 18,Female
200964,2021,-1.9048331314084648,0.16062358419950637,-1.2731916464594302,0.571627588853729,0.5129749914029287,Selection,0.058652597450800315,$150K plus,66+,Have kids < 18,Male
100227,2025,0.4188269888133069,-0.7157824997791242,0.4629451187201399,0.5667957279407297,0.9609618401155531,Convenience,0.39416611217482334,$75K to $99K,37-56,Have kids < 18,Male
100671,2025,0.9556437196285038,0.37663682666523574,0.46072645293003367,-0.3557663010686739,1.4089486888281777,Convenience,0.4533049691996739,$50K to $74K,66+,No kids < 18,Female
100869,2025,-0.4717618451364406,1.0549018649320092,-0.4159384961125179,-1.2820322368785804,0.5055431810201807,Quality,0.5493586839118285,$50K to $74K,66+,No kids < 18,Male
101803,2025,-1.0178040444359084,1.2734307953719934,-0.23359295433811206,-1.2804291599238447,0.9535300297328052,Quality,0.31990076563918823,$50K to $74K,37-56,Have kids < 18,Female
200272,2021,0.23931720195602202,-0.5059343884523422,0.4676265669359327,-0.7224355610644428,0.057556332307556246,Digital,0.22830936497991067,$50K to $74K,37-56,Have kids < 18,Male
200992,2021,-0.11364369668386176,-0.49569909140347496,0.9892013617087257,0.3873710133331721,-0.39786232678781613,Digital,0.6018303483755536,$50K to $74K,25-36,Have kids < 18,Female
200569,2021,0.7847282470898462,1.2734307953719934,-0.4056673213689359,-1.461456951486138,0.5055431810201807,Quality,0.4887025482821472,$75K to $99K,37-56,Have kids < 18,Female
200317,2021,0.06484198244017335,-0.49629235930055027,-0.0343286645104711,0.5651409581929187,0.4981113706374328,Selection,0.06702958755548583,$25K to $49K,57-65,No kids < 18,Male
100179,2025,-1.0234234206665906,0.6180693298076018,0.11924218213670987,1.1215628987620168,-1.293836024213065,Selection,0.503493568954415,$50K to $74K,18-24,Have kids < 18,Male
200203,2021,0.04957888679815944,-0.2771701609634908,0.6479477874555956,0.3825391524201729,0.49640562933105953,Digital,0.15154215812453603,$25K to $49K,37-56,Have kids < 18,Female
101152,2025,0.23207502553038106,-0.27798875461612704,-0.5993637288248398,0.018821463453602038,-0.3904305164050682,Price,0.21325356207677904,$150K plus,18-24,Have kids < 18,Female
100469,2025,0.9556437196285038,0.38856921803572153,0.8135615894048556,0.7545873630928989,0.5055431810201807,Price,0.14208213022364824,$75K to $99K,25-36,No kids < 18,Male
100721,2025,0.7693424689765734,0.6070981484757058,0.6410476734496966,0.3800803541079818,0.050124521924808346,Price,0.12829479552687684,$25K to $49K,25-36,Have kids < 18,Female
100562,2025,-1.188629296207242,0.8375594702861757,-0.40433508973477394,-0.17173026551008286,-0.40529413717056406,Quality,1.0092897357962585,$100K to $124K,57-65,Have kids < 18,Female
100899,2025,-0.8299702143563435,0.6167401776274977,-0.5862337462775706,-0.540198796606079,-0.40529413717056406,Quality,1.0220343147980617,$150K plus,57-65,Have kids < 18,Male
100825,2025,-0.11831777216162664,-1.5996828670768064,-0.23650262199540772,-0.9136224714236172,-0.39786232678781613,Price,0.11818484983378108,$50K to $74K,66+,No kids < 18,Male
101376,2025,-0.6524761812616234,0.15810789622525157,-1.6264736681658611,0.20316613060569055,0.9609618401155531,Convenience,0.7577957095098625,$50K to $74K,66+,No kids < 18,Female
200458,2021,1.1382625408319842,-0.3008923273185089,-1.8136950026914231,0.1979763012262672,0.9609618401155531,Price,0.17730070071643111,$75K to $99K,66+,No kids < 18,Female
100588,2025,0.9479508305718674,-0.7148212897405345,-0.23024373775648121,0.5649204182309527,0.9535300297328052,Convenience,0.005579199160937853,$50K to $74K,37-56,No kids < 18,Male
200349,2021,0.7730248984250233,-0.7032568405115631,0.10609769174066254,-0.3557146082755986,-0.8532809858831885,Price,0.6669272066843608,$150K plus,18-24,Have kids < 18,Female
100747,2025,0.2306326668700706,0.8375594702861757,-0.4204037556368952,0.7517189035212083,-0.3904305164050682,Quality,0.08584056676496743,$100K to $124K,25-36,Have kids < 18,Male
101636,2025,0.060167906962408466,0.38856921803572153,-0.7569758816742326,0.3764016157090487,0.5055431810201807,Convenience,0.11697396298445917,$100K to $124K,37-56,Have kids < 18,Male
100613,2025,-0.4761527844348126,-0.4959244171590359,-0.07667289110930023,0.936281754715114,0.5055431810201807,Selection,0.4307385736949333,$75K to $99K,37-56,No kids < 18,Male
101365,2025,0.7807177874816597,-0.9231149231316514,0.6931454877518416,-1.4633372413699393,0.9535300297328052,Convenience,0.17281224225114555,Under $25K,25-36,Have kids < 18,Female
200181,2021,-1.0044454338721922,0.38893716017723595,0.28863757805043166,-0.1688303872739601,0.5055431810201807,Convenience,0.11660602084294475,$100K to $124K,37-56,No kids < 18,Female
200815,2021,0.592761274930836,-0.47412467088119725,-0.9359503627109553,-0.5399711837961555,-0.8384173651176927,Price,1.0668859458120332,$25K to $49K,37-56,No kids < 18,Female
101569,2025,-1.0014266202933206,-0.2773954867190517,0.3078102561452119,0.38469167505901514,0.050124521924808346,Selection,0.07688141891380323,$125K to $149K,37-56,No kids < 18,Female
100743,2025,0.6046775268342417,0.8250338110186146,-0.7698896755300862,-0.5427022148633878,0.9535300297328052,Convenience,0.1284962187141906,$25K to $49K,66+,No kids < 18,Female
100242,2025,-0.11107559573598573,-0.03633092571820004,-0.21822979815195848,0.14815475363911257,-1.301267834595813,Selection,0.1844856793573126,$50K to $74K,25-36,Have kids < 18,Male
200647,2021,-0.12257359671233084,0.6070981484757058,-0.057528140958684915,-1.0940717545575207,0.050124521924808346,Quality,0.5569736265508974,$25K to $49K,37-56,Have kids < 18,Female
100527,2025,-0.46874303155756913,0.606136938437116,0.10632838828085615,-0.913928747096966,0.4981113706374328,Quality,0.1080255677996832,$150K plus,25-36,Have kids < 18,Female
100569,2025,-0.11475802518443562,0.6065048805786304,1.1548151636579858,0.5653614981548845,0.06498814269030417,Digital,0.5483102830793554,$75K to $99K,18-24,Have kids < 18,Female
200900,2021,0.9586625332073753,0.17100149763432712,-1.4691067197054402,0.019539756306598998,-0.8458491755004406,Price,0.7876610355730481,$50K to $74K,37-56,Have kids < 18,Female
101037,2025,0.41014245372735547,0.6070981484757058,-0.5958128314005716,-0.17338503525789398,0.9535300297328052,Convenience,0.34643188125709945,$25K to $49K,37-56,Have kids < 18,Female
200604,2021,-0.6601690703182598,0.39821124718751344,-0.4094634231821758,-0.7239555265616712,0.050124521924808346,Quality,0.3480867252627051,$50K to $74K,37-56,Have kids < 18,Male
101698,2025,-1.5570084346643331,0.10241715711449556,-0.053962735685638585,0.3893837515474074,0.9535300297328052,Convenience,0.5641462781853979,$75K to $99K,25-36,Have kids < 18,Male
101299,2025,-0.29480874544004004,1.2734307953719934,0.7955049542528219,0.3891703069792588,-1.293836024213065,Quality,0.4779258411191716,$50K to $74K,25-36,Have kids < 18,Female
200346,2021,0.9539884577296104,0.3891624859327969,-0.4239546530611633,0.011040387431553366,-1.293836024213065,Price,0.5648259717968135,$25K to $49K,37-56,No kids < 18,Male
101446,2025,-0.01761711995979487,-0.07043100550803895,-0.9259098845075671,0.37985981414601594,-0.8532809858831885,Selection,0.3974769341058108,$25K to $49K,37-56,Have kids < 18,Female
100430,2025,0.641686294812934,-0.7148212897405345,1.1632782058382403,0.9377159845009593,-0.39786232678781613,Digital,0.225562221337281,$50K to $74K,18-24,Have kids < 18,Female
101135,2025,-0.6564866408698099,-0.7257924710724306,-0.06932589187179215,-0.9102248402964633,0.050124521924808346,Convenience,0.1194504137966005,$25K to $49K,37-56,No kids < 18,Female
200906,2021,-1.0212735706457754,-0.49629235930055027,-0.9404011143865545,0.7561904400476347,1.4089486888281777,Convenience,0.652758248780543,$50K to $74K,37-56,No kids < 18,Female
200486,2021,-0.8387774319135537,1.0549018649320092,0.11100983649664894,-0.910891440356385,0.9535300297328052,Quality,0.10137183519920401,$25K to $49K,25-36,No kids < 18,Male
101802,2025,-1.0167221776392692,0.1596623741609166,-0.24116956236242235,0.5649204182309527,0.050124521924808346,Selection,0.4052580440700361,$125K to $149K,37-56,No kids < 18,Other or not stated
100548,2025,0.9519612901800538,0.606136938437116,1.1548151636579858,-0.17548586510366093,-1.301267834595813,Digital,0.20285387347793193,$75K to $99K,25-36,Have kids < 18,Male
100455,2025,0.060495937122145085,-1.3694886811496085,-0.5810909049813906,-1.2786862985445018,0.9535300297328052,Convenience,0.8930340926106601,Under $25K,66+,No kids < 18,Female
100339,2025,0.0484645582975856,-1.3705423894939848,-0.2398373307282604,-0.3519590086820205,0.06498814269030417,Convenience,0.016523584392718574,Under $25K,37-56,Have kids < 18,Male
100027,2025,-1.546714982955886,-0.27776342886056615,0.8217939350449166,0.3825391524201729,0.057556332307556246,Digital,0.4392547826247437,$150K plus,18-24,Have kids < 18,Male
100537,2025,0.049005491695905165,-0.49688562719762563,0.9938828099245185,0.017884986558787862,0.050124521924808346,Digital,0.9437582879997102,$25K to $49K,25-36,Have kids < 18,Male
200631,2021,-0.11008394970667074,-1.3701827553049262,-0.21021364120331307,-0.17258598686753815,-0.39786232678781613,Price,0.06250203716086741,$100K to $124K,25-36,No kids < 18,Male
100740,2025,0.23521652158051143,-0.7148212897405345,0.22394286469258243,-0.7173831601894779,0.5055431810201807,Convenience,0.27032665943966927,$25K to $49K,25-36,Have kids < 18,Male
101810,2025,-0.826861180010148,-0.9556605249858252,-0.4228386101184168,1.1202660974806298,0.057556332307556246,Selection,1.0627097651730735,$100K to $124K,25-36,Have kids < 18,Female
100001,2025,0.5963210219080269,-0.058498614137553126,0.639484745275341,0.7518563320256666,1.4089486888281777,Convenience,0.6570923568025111,Under $25K,66+,No kids < 18,Female
100685,2025,0.23521652158051143,0.1590691062638413,-0.4105939739737005,-0.16399852636096093,0.9609618401155531,Convenience,0.7257453185350417,Under $25K,66+,No kids < 18,Female
100677,2025,0.775921029532636,-0.2789499646547168,0.9793915800455311,-0.17799635620892737,0.4981113706374328,Digital,0.2034705505128951,$25K to $49K,25-36,No kids < 18,Female
200979,2021,1.134129398752539,-1.3586183060759547,0.6294442670719528,-0.5443052918181235,0.4981113706374328,Price,0.5046851316805862,$25K to $49K,18-24,Have kids < 18,Male
100061,2025,1.1345801113835343,-0.27835669675764146,0.2817519718933108,-0.9083809492511186,1.4089486888281777,Convenience,0.2743685774446434,$25K to $49K,57-65,No kids < 18,Female
200157,2021,-1.0085785759516375,0.4005016094062074,-0.5777561962485379,0.1938627331662649,-0.8458491755004406,Quality,0.20663887623994248,$150K plus,18-24,Have kids < 18,Female
101189,2025,0.42151777223244175,-0.7161504419206386,0.23342892327006848,0.012832585683822817,-0.39615658548144284,Price,0.18808884896237327,$100K to $124K,37-56,Have kids < 18,Male
200373,2021,0.7842775344588507,0.37663682666523574,-0.4286215934281779,0.008361049157396416,0.49640562933105953,Price,0.2878719051277912,$75K to $99K,37-56,No kids < 18,Female
100749,2025,0.06394055717818248,0.16967234545422297,-0.08112364278489939,0.38339487377762815,0.9535300297328052,Convenience,0.570135155955177,$50K to $74K,37-56,Have kids < 18,Male
100986,2025,-0.2937268786434009,-0.49725356933914006,-1.0879582811837807,0.19708916120437972,1.3923793267563085,Convenience,1.1952901655519288,$50K to $74K,66+,No kids < 18,Female
100774,2025,0.24444199006478232,-0.04826331708868588,0.24569115034906178,-0.17589552636316041,0.5055431810201807,Convenience,0.25985203067111895,$25K to $49K,25-36,Have kids < 18,Male
100929,2025,-1.0090292885826329,0.386392841689348,-0.06710722608168593,0.015153955491555604,0.057556332307556246,Quality,0.32883650938179176,$50K to $74K,37-56,Have kids < 18,Female
100804,2025,0.051606054347715966,0.5959016413882487,0.08670882495446683,0.5651409581929187,0.5055431810201807,Quality,0.030760683195330096,$150K plus,25-36,Have kids < 18,Other or not stated
101303,2025,-0.2939073201780491,0.825401753160129,-0.6186122682149248,0.7480490396390133,0.9535300297328052,Convenience,0.12812827657267623,$100K to $124K,37-56,No kids < 18,Female
100668,2025,1.1335884653542194,0.08778891533863413,0.7968516937357619,0.1901928692840699,0.057556332307556246,Price,0.3367367716184575,Under $25K,37-56,Have kids < 18,Other or not stated
100171,2025,-0.12223801100248902,0.39976572512317854,0.4772056520589337,-0.7282896345836393,-0.3904305164050682,Digital,0.07743992693575519,$125K to $149K,37-56,Have kids < 18,Male
101992,2025,0.4225996390290809,-0.7045859926916672,0.47608960911618725,0.20070733229349944,1.4089486888281777,Convenience,0.9328590797119904,$125K to $149K,37-56,Have kids < 18,Male
200826,2021,0.2362081676098264,-1.1635862162354278,-0.420389247788117,-0.9094572105705396,-1.293836024213065,Price,0.6565974153979434,$25K to $49K,37-56,Have kids < 18,Female
100639,2025,-0.6554949948404949,0.1590691062638413,0.9807383195284711,0.009385617683742253,0.050124521924808346,Digital,0.8216692132646298,$50K to $74K,57-65,No kids < 18,Male
100220,2025,0.7764619629309555,0.399908341509132,-0.5665996751024032,0.7534594089804024,-0.8458491755004406,Price,0.023002553950553062,$50K to $74K,37-56,Have kids < 18,Female
200770,2021,1.1305696517753479,-0.06078897635624704,0.8173431833693173,-0.5438642118941919,-1.3086996449785608,Price,0.3132264684060305,Under $25K,18-24,Have kids < 18,Male
101531,2025,0.19481222607933651,-1.3801927265982326,-0.9439665196596008,-0.0681673402147308,0.4981113706374328,Convenience,0.3032991445580963,$25K to $49K,57-65,No kids < 18,Female
101276,2025,0.9550703245262495,0.37663682666523574,0.11924218213670987,-0.5386743825147685,-1.3086996449785608,Price,0.5784334978610137,$25K to $49K,57-65,Have kids < 18,Male
200044,2021,-0.3048568322059695,-0.05945982417614286,0.7955049542528219,1.1215628987620168,-0.40529413717056406,Selection,0.3260579445091949,$50K to $74K,37-56,No kids < 18,Female
101883,2025,-0.4799054468240724,0.825401753160129,1.1632782058382403,-0.7252523278430582,-0.8532809858831885,Digital,0.3378764526781113,$50K to $74K,18-24,Have kids < 18,Female
100593,2025,0.23976791458701743,-0.2677534575672598,-0.06109354623173122,0.383615413739594,0.050124521924808346,Selection,0.14384749915257658,$25K to $49K,37-56,Have kids < 18,Female
101181,2025,0.060831522831986874,-0.4976215114806545,-1.1109125532430228,0.19430643734407213,0.5055431810201807,Convenience,0.31123674367610854,$150K plus,66+,No kids < 18,Female
100805,2025,0.4213950897611829,-0.04789537494717146,1.1632782058382403,0.936281754715114,0.5055431810201807,Digital,0.22699645112312627,$25K to $49K,18-24,Have kids < 18,Male
101705,2025,0.4152294628051938,-0.0488565849857612,0.4542513799996917,0.936281754715114,0.9609618401155531,Convenience,0.02468008540043909,$50K to $74K,25-36,Have kids < 18,Female
101314,2025,0.24592822421601926,0.17026561335129828,-0.2431720394611131,0.567153696407154,0.5055431810201807,Selection,0.061610515386973264,$25K to $49K,25-36,Have kids < 18,Female
200322,2021,0.593752920960151,-0.7026635726144878,-0.9452987512937627,0.20208986928626943,0.5055431810201807,Price,0.08820973993997028,$50K to $74K,25-36,Have kids < 18,Female
100254,2025,0.6435215531901771,0.18086885254167992,0.4542513799996917,-0.3600487162975667,-0.40529413717056406,Price,0.18927017319048545,$75K to $99K,25-36,Have kids < 18,Male
201106,2021,-0.8371221700146604,-0.203320307433069,-2.1794898817286588,-0.17424075661534932,0.057556332307556246,Convenience,0.23179708892290557,$50K to $74K,66+,No kids < 18,Male
100839,2025,-0.4845470605979026,-0.06983773761096364,-0.057528140958684915,-1.0926375247716753,-0.8532809858831885,Digital,0.012309596652278723,$25K to $49K,66+,No kids < 18,Other or not stated
101272,2025,-1.3784000730690393,-0.9343114302191085,-0.76632427025704,-1.0992098911438688,0.057556332307556246,Convenience,0.8238806025645962,$75K to $99K,37-56,No kids < 18,Female
201085,2021,-1.3672376578025358,-0.26679224752867003,0.9892013617087257,0.19488730169261073,0.9535300297328052,Digital,0.03567133197592054,$25K to $49K,25-36,Have kids < 18,Male
100296,2025,-0.11889116726388094,-1.3811539366368222,0.9709285378652766,-0.7704549000154309,1.4089486888281777,Convenience,0.43802015096290114,Under $25K,25-36,Have kids < 18,Male
101882,2025,-0.8299702143563435,-0.2887346101924622,0.6492945269385357,0.3811607311923654,0.5055431810201807,Digital,0.14375134591835503,$50K to $74K,37-56,Have kids < 18,Female
100054,2025,0.8653567845067223,-0.4976215114806545,0.639484745275341,0.5653614981548845,-0.8532809858831885,Price,0.22587203923138122,$100K to $124K,37-56,No kids < 18,Female
101919,2025,0.7753800961343164,-0.7154145576376099,-0.055950704935551175,0.198196841188233,0.050124521924808346,Price,0.5771832549460834,$150K plus,25-36,No kids < 18,Male
100329,2025,-0.8267384975388891,-0.9331248944249577,-1.6994359026265706,0.39313935114098547,0.9609618401155531,Convenience,0.5678224889745676,$50K to $74K,66+,No kids < 18,Male
201174,2021,-0.12190998084275242,-0.9443214015124147,-0.5677157180451496,-0.3094952326136967,1.4089486888281777,Convenience,1.53085866967093,$50K to $74K,57-65,No kids < 18,Female
100849,2025,1.1335884653542194,1.2734307953719934,-0.9323849574379091,0.383615413739594,0.5055431810201807,Quality,0.13984233001777402,$50K to $74K,37-56,Have kids < 18,Female
100271,2025,-1.363555228354086,-0.9327569522834434,-0.3958575397057412,0.39010204440040436,0.5055431810201807,Convenience,0.11544113661977634,$25K to $49K,57-65,No kids < 18,Female
100302,2025,0.06430104904185381,0.16003031630243103,0.13261736907295088,0.5665751879787639,0.050124521924808346,Selection,0.4065448716763329,Under $25K,37-56,No kids < 18,Female
100366,2025,1.134129398752539,0.6074660906172201,0.6296749636121464,0.38875355032594205,0.9535300297328052,Price,0.18059936901973372,$50K to $74K,25-36,Have kids < 18,Female
100736,2025,0.05962697356408893,-0.26679224752867003,0.46271442217994624,0.3821811839537487,0.057556332307556246,Digital,0.08053323822619751,$100K to $124K,37-56,No kids < 18,Female
101959,2025,-0.46874303155756913,0.6065048805786304,-0.4105794661249223,-0.07313468707175169,-0.8607127962659364,Quality,0.6796395676503821,$25K to $49K,37-56,Have kids < 18,Male
200210,2021,-0.8356359358634234,-0.04730210705009612,-0.594235395377438,0.011040387431553366,-0.39786232678781613,Selection,0.058342494481649486,$25K to $49K,66+,No kids < 18,Female
200682,2021,-1.0157305316099543,-0.05923449842058197,0.12793592085715808,0.9360612147531482,0.9609618401155531,Convenience,0.024900625362404893,$150K plus,37-56,No kids < 18,Female
101390,2025,0.6024374560461023,-0.7036247826530775,-1.442587042373152,0.3893837515474074,0.5129749914029287,Price,0.08946246464317364,Under $25K,66+,No kids < 18,Female
200727,2021,-0.1261333436895219,-1.1632182740939134,-0.5748465285912422,0.7531531333070536,-0.39786232678781613,Selection,0.8792864769965755,$75K to $99K,25-36,Have kids < 18,Female
100644,2025,-1.54216358994938,0.16967234545422297,-0.7518330403780524,0.20195244078181107,0.050124521924808346,Selection,0.032280095327588104,$75K to $99K,66+,Have kids < 18,Female
100192,2025,-1.5462967320288252,-0.058498614137553126,0.30156587975506355,0.20584546887984748,0.9535300297328052,Convenience,0.6519641499777417,$25K to $49K,57-65,Have kids < 18,Female
200877,2021,-1.545633116159247,0.1475046570348699,-1.119606291963471,-0.9152772411714284,0.9609618401155531,Convenience,0.8134571830806832,$50K to $74K,37-56,Have kids < 18,Male
101030,2025,0.07208415886581429,1.0549018649320092,-0.5958128314005716,0.20208986928626943,0.5055431810201807,Quality,0.5493586839118285,$75K to $99K,37-56,Have kids < 18,Male
101069,2025,-0.8272794309372087,-0.2661989796315947,0.08669431710568865,0.9387405530273051,-0.8458491755004406,Selection,0.8520462359216164,$150K plus,25-36,No kids < 18,Male
100375,2025,-0.029800559410579838,1.0545339227904948,-0.5862337462775706,1.3072020112753435,0.5055431810201807,Selection,0.2526680884848487,$50K to $74K,18-24,Have kids < 18,Female
200074,2021,-0.11620038384474604,-0.9317957422448536,-0.08782941225543502,-0.17987166591870432,0.06498814269030417,Convenience,0.15281755494573918,$50K to $74K,57-65,No kids < 18,Male
201086,2021,-0.8304209269873389,0.18123679468319437,0.09786534610060157,0.20208986928626943,-0.8532809858831885,Selection,0.02085307460307506,$75K to $99K,37-56,No kids < 18,Male
101225,2025,-0.11574967121375061,-1.161295854016734,-0.9239219152576545,-1.0978273541510988,0.9535300297328052,Convenience,1.0692797009465558,$25K to $49K,66+,No kids < 18,Female
100292,2025,-1.549192863136438,0.8360049923505106,-0.24941641585126148,0.19538269866349325,-0.39786232678781613,Quality,0.6406222936870174,$150K plus,37-56,No kids < 18,Male
200452,2021,0.24812441951323222,-0.4856891201101686,-0.2351558825124676,-1.2739425292630342,1.4255180509000467,Convenience,1.1773936313868145,$50K to $74K,25-36,Have kids < 18,Female
101976,2025,0.9509696441507389,-0.27835669675764146,0.47743634859912737,0.9377159845009593,-1.301267834595813,Price,0.013253659649779648,Under $25K,25-36,Have kids < 18,Male
100700,2025,-0.49083005269816327,-0.04789537494717146,0.8088801411890628,-0.35035593172728474,-0.8532809858831885,Digital,0.8567755161362343,$25K to $49K,25-36,Have kids < 18,Female
200861,2021,-0.4778782792745159,-0.0810342446984206,-0.413914174857775,0.3859884763404021,1.4089486888281777,Convenience,1.0229602124877757,$50K to $74K,37-56,No kids < 18,Female
101396,2025,-0.10805678215711426,0.8369662023891004,-0.40035915123494886,0.19292390035130214,-0.8532809858831885,Quality,0.6440423020377982,$25K to $49K,66+,No kids < 18,Female
200507,2021,0.413161267306227,1.0549018649320092,0.2982166631734327,0.747691071172589,0.4981113706374328,Quality,0.3072107937594202,$75K to $99K,18-24,Have kids < 18,Male
101581,2025,-0.30407808941523745,0.1700402875957374,-1.2983645843087783,0.01542618824659676,0.042692711542060446,Quality,0.12734757605367694,$50K to $74K,66+,No kids < 18,Male
200929,2021,-0.834972319993845,0.16003031630243103,-0.24987780893164874,0.01680872523936674,0.057556332307556246,Quality,0.10247398399487478,$150K plus,37-56,Have kids < 18,Female
101783,2025,0.06807369925762781,0.8369662023891004,-0.9259098845075671,0.3879495217615621,0.4981113706374328,Quality,0.33885483175166753,$150K plus,66+,No kids < 18,Female
100695,2025,0.4138248831758054,0.15870116412232688,0.1011855469846761,-0.36189260734291145,-1.301267834595813,Price,0.2551237190534785,$100K to $124K,25-36,Have kids < 18,Male
101622,2025,-1.0258574253562163,-1.656886627607823,0.2937804193466117,1.125676466822019,-0.8532809858831885,Selection,0.8318960474754072,Under $25K,25-36,No kids < 18,Male
101938,2025,-0.12200020161007652,1.0549018649320092,0.10943240047351521,0.7510006106682113,0.9609618401155531,Quality,0.09394002481645614,$50K to $74K,25-36,Have kids < 18,Male
101262,2025,-0.11409440931485722,-0.2789499646547168,0.6294442670719528,0.012474617217398653,0.9535300297328052,Convenience,0.32408576266085243,$75K to $99K,18-24,Have kids < 18,Male
200532,2021,0.24290941063714777,0.38856921803572153,-1.0979987593871692,0.7517189035212083,1.4255180509000467,Convenience,0.6737991473788384,$75K to $99K,66+,No kids < 18,Female
100180,2025,0.9549801037589254,-0.2899211459866129,-0.7654389238544871,-0.1707914326951201,-1.301267834595813,Price,1.1257715364540455,$50K to $74K,66+,Have kids < 18,Male
200326,2021,-0.28765678978172327,0.17063355549281273,-0.4061287144493232,-0.9121882416377719,-0.40529413717056406,Quality,0.458290345274536,$50K to $74K,37-56,Have kids < 18,Female
100471,2025,0.5968619553063466,0.17026561335129828,-0.7529490833207989,0.19935883821903716,0.5129749914029287,Price,0.08388696390341788,$100K to $124K,66+,Have kids < 18,Male
101418,2025,0.42619184771020663,-0.49569909140347496,-1.2767570517324764,-0.35303527000144164,0.050124521924808346,Price,0.37606732578539825,$50K to $74K,37-56,Have kids < 18,Female
100489,2025,0.2471327734839172,0.37663682666523574,-0.7714526037044418,-1.2751876377513458,-0.40529413717056406,Quality,0.12950405318131852,$100K to $124K,37-56,Have kids < 18,Female
101898,2025,-1.0238741332975863,0.8250338110186146,0.26837678495706985,0.9400373543086921,0.057556332307556246,Selection,0.11500354329007745,$150K plus,37-56,Have kids < 18,Other or not stated
200742,2021,0.0690653452869428,0.17122682338988804,-0.5862192384287924,0.20070733229349944,0.9535300297328052,Convenience,0.7528226974393057,$75K to $99K,66+,No kids < 18,Female
200613,2021,0.2399808178256004,-0.7142280218434591,-0.76632427025704,-0.07935147562633849,-0.39615658548144284,Price,0.3193322934519389,Under $25K,66+,Have kids < 18,Male
100052,2025,0.6024374560461023,-0.7157824997791242,-0.7649775307740998,-0.5444427203225819,-0.38299870602232033,Price,0.9854361620684227,$75K to $99K,57-65,Have kids < 18,Female
101940,2025,0.4147840675011856,-0.05982776631765728,-0.387163800985293,-0.35303527000144164,1.4089486888281777,Convenience,0.9941646213269921,$100K to $124K,37-56,Have kids < 18,Male
200321,2021,-0.2978275590189115,0.38856921803572153,-0.7636452991399378,-0.35303527000144164,0.5129749914029287,Convenience,0.12440577336720715,$25K to $49K,57-65,No kids < 18,Female
200109,2021,0.05917626093309347,0.18101146892763345,-0.4105794661249223,0.7572150085739805,0.5055431810201807,Selection,0.2516718275537998,$50K to $74K,25-36,Have kids < 18,Female
100751,2025,0.41837627618231144,-0.25582106619677397,0.10120005483345428,0.3860742120517851,0.5055431810201807,Convenience,0.08716690483786926,$75K to $99K,37-56,Have kids < 18,Male
100948,2025,-1.009119509349957,-0.27680221882197636,-0.22669284033221307,-0.7248943593766339,0.5055431810201807,Convenience,0.7322360213523937,$100K to $124K,66+,No kids < 18,Male
100064,2025,-1.187514967706668,1.2734307953719934,0.7955049542528219,0.3782050443982048,0.9609618401155531,Quality,0.31246895525644036,$100K to $124K,37-56,No kids < 18,Female
200419,2021,-0.28914302393296015,-0.2661989796315947,-0.41215690214805606,-0.08210134977023936,-0.8607127962659364,Selection,0.18409762986135536,$50K to $74K,37-56,No kids < 18,Male
101635,2025,0.5967717345390224,-0.4982147793777298,-0.7502556043549187,-0.5372401527289232,0.9535300297328052,Convenience,0.35675829519378277,$25K to $49K,66+,No kids < 18,Female
101443,2025,-0.46766116476093,-0.2661989796315947,0.2752623911141907,-1.6959166590367816,-0.8532809858831885,Digital,0.5414613707457854,$100K to $124K,37-56,No kids < 18,Female
200674,2021,0.7801443923794054,-0.7138600797019448,1.1646249453211803,-0.3588036078092551,0.057556332307556246,Digital,0.38448055294177497,Under $25K,66+,Have kids < 18,Male
100211,2025,-0.8356359358634234,0.37700476880675016,-0.24586551842699336,0.5662172195123397,1.4089486888281777,Convenience,0.842731469315838,$150K plus,57-65,Have kids < 18,Female
200499,2021,-0.31007184108205393,-0.058498614137553126,-1.6264736681658611,0.38527018348740516,0.9609618401155531,Convenience,0.5756916566281479,$100K to $124K,37-56,No kids < 18,Male
101681,2025,0.5934248908004144,-0.07006306336652454,0.6432663392398028,-0.36349804021779586,0.5055431810201807,Digital,0.049841448439388425,Under $25K,25-36,No kids < 18,Male
200361,2021,-0.656576861637134,0.15943704840535572,0.813330892864662,0.7493458409204001,0.5055431810201807,Digital,0.06398505194426185,$50K to $74K,37-56,No kids < 18,Female
200301,2021,-0.028658451958162676,0.40013366726469296,-0.05729744441849127,-0.35303527000144164,-0.8532809858831885,Quality,0.42879211922285565,$25K to $49K,25-36,Have kids < 18,Male
200865,2021,0.42287552654030536,0.3985791893290279,-0.9292445932404197,-0.5429227548253536,-0.39786232678781613,Price,0.02429633721127744,$25K to $49K,37-56,Have kids < 18,Male
101848,2025,-0.29836849241723107,0.5955336992467343,-0.24006802726845405,1.3072020112753435,-0.39786232678781613,Selection,0.7116683120286093,$125K to $149K,25-36,No kids < 18,Female
200206,2021,0.4255282318406282,0.8259950210572042,0.4687426098786791,0.38339487377762815,0.050124521924808346,Quality,0.35725241117852513,$125K to $149K,25-36,Have kids < 18,Female
101460,2025,0.5897424613519644,0.8360049923505106,-0.5813216015215842,-0.08537930316844637,0.4981113706374328,Quality,0.24626253099854623,$150K plus,25-36,Have kids < 18,Female
200839,2021,-0.1167851927339921,1.0549018649320092,-0.2434027360013067,0.5638441569115317,0.4981113706374328,Quality,0.49105770802047755,$75K to $99K,25-36,Have kids < 18,Female
100340,2025,-0.8222773252997071,-0.27776342886056615,-0.4116955090676688,0.5654989266593428,1.4255180509000467,Convenience,0.8600191242407039,$75K to $99K,37-56,No kids < 18,Male
101464,2025,0.059594511860154166,-0.04944985288283654,0.8967987277449408,-1.0873645839347446,0.9535300297328052,Convenience,0.05673130198786436,Under $25K,57-65,Have kids < 18,Female
200590,2021,-0.46766116476093,0.8259950210572042,-0.22358882813955405,0.5640646968734975,-0.38299870602232033,Quality,0.26193032418370676,$150K plus,37-56,No kids < 18,Female
200522,2021,-0.473417107035334,-0.25522779829969866,0.4772056520589337,0.20584546887984748,0.057556332307556246,Digital,0.2713601831790863,$75K to $99K,25-36,Have kids < 18,Female
101252,2025,-0.3025016344966764,-0.04730210705009612,0.09160646186167505,0.9387405530273051,0.050124521924808346,Selection,0.84713409116563,$100K to $124K,25-36,No kids < 18,Male
101766,2025,0.593843141727475,-0.49533114926196053,0.7968516937357619,0.3860742120517851,-1.301267834595813,Digital,0.20300855200828694,Under $25K,25-36,Have kids < 18,Female
200339,2021,0.5934248908004144,0.37700476880675016,0.13595207780580354,-0.17048515702177125,0.050124521924808346,Price,0.21642012199366423,$100K to $124K,18-24,Have kids < 18,Male
200757,2021,1.1345801113835343,-0.07102427340511427,-1.9891185863038778,0.5730101258464989,-0.39786232678781613,Price,0.5615699855370354,$25K to $49K,37-56,No kids < 18,Male
200235,2021,0.5887508153226495,1.2734307953719934,-0.4154771030321306,1.1215628987620168,0.4981113706374328,Quality,0.15186789660997668,$75K to $99K,57-65,Have kids < 18,Male
101584,2025,-0.47383535796239473,-1.3692215452663363,-0.5663834864109876,0.011618895859943402,-1.7566864936911855,Selection,0.48545425382233814,Under $25K,57-65,No kids < 18,Female
200351,2021,0.5967717345390224,0.11655480936833777,-0.5958128314005716,0.012337188712940306,0.057556332307556246,Price,0.48021692517068465,$25K to $49K,25-36,Have kids < 18,Female
101076,2025,-1.0129170657195605,-0.27776342886056615,0.639484745275341,0.01412938696520979,-1.301267834595813,Digital,0.6253553583101312,$25K to $49K,37-56,Have kids < 18,Female
101172,2025,0.7790625255827663,-0.7254245289309161,0.4741016398662746,-0.16739615748811482,0.057556332307556246,Price,0.3049608857164917,$50K to $74K,25-36,Have kids < 18,Female
101833,2025,0.4255282318406282,0.37759803670382547,-0.9221282905431053,0.5647829897264944,0.050124521924808346,Selection,0.13925475788586622,$25K to $49K,57-65,No kids < 18,Female
200062,2021,-1.1921890431844329,-0.05923449842058197,-1.985783877571025,0.5634861884451074,0.057556332307556246,Selection,0.5059298561375511,$150K plus,66+,No kids < 18,Male
100936,2025,-0.2968359129895965,-0.5184600477199034,0.46049575638984,0.2010136079668483,0.5055431810201807,Convenience,0.04504742463034067,$125K to $149K,66+,Have kids < 18,Male
200587,2021,0.06025812772973259,-0.25582106619677397,0.11789544265376975,-1.0994821238989099,-1.3086996449785608,Digital,0.05763731492403716,$150K plus,18-24,Have kids < 18,Female
200932,2021,-1.5990854041000926,1.0439306836001132,-1.6300390734389074,0.3780676158937465,0.5055431810201807,Quality,0.5383875025799325,$150K plus,66+,No kids < 18,Female
101421,2025,-0.8335624230374693,-0.2565569504798028,-0.407014060851876,1.1202660974806298,0.9535300297328052,Selection,0.16673606774782457,$75K to $99K,37-56,No kids < 18,Other or not stated
100355,2025,-0.8375728826456558,-1.6100607805116272,-1.1325345936681028,0.01542618824659676,-0.3904305164050682,Selection,0.40585670465166496,Under $25K,57-65,No kids < 18,Female
200962,2021,0.06484198244017335,-0.2787246388991559,0.8171124868291237,-0.35160104021559635,0.5055431810201807,Digital,0.31156930580894304,$75K to $99K,37-56,No kids < 18,Female
200248,2021,-1.0223878991463493,-1.3692215452663363,-0.7556291421912924,-0.16739615748811482,1.4089486888281777,Convenience,1.5763448463162926,$75K to $99K,57-65,No kids < 18,Female
100855,2025,0.05962697356408893,0.3882012758942071,0.8264753832607094,0.5678202964670755,-0.39786232678781613,Digital,0.2586550867936338,$75K to $99K,37-56,Have kids < 18,Male
200646,2021,-0.6482528184148539,0.6070981484757058,-0.9272566239905071,-0.5419550370447999,-0.8532809858831885,Quality,1.1490531855205055,$100K to $124K,37-56,Have kids < 18,Other or not stated
200168,2021,0.9556437196285038,0.37759803670382547,0.4678572634761263,0.9377159845009593,0.5055431810201807,Price,0.01792773512754453,$75K to $99K,25-36,Have kids < 18,Female
101611,2025,-0.11520873781543105,-0.9452826115510045,0.28531737716635713,0.19524527015903492,0.5055431810201807,Convenience,0.22022580385382357,$25K to $49K,66+,No kids < 18,Female
200264,2021,0.2388989510289613,0.8259950210572042,-0.0526159962026985,0.37784707593178063,0.4981113706374328,Quality,0.3278836504197714,$50K to $74K,66+,Have kids < 18,Female
200394,2021,-0.47568842343400114,0.6074660906172201,-0.5860030497373769,0.38682006193728424,-0.39786232678781613,Quality,0.22064602867993588,$100K to $124K,37-56,Have kids < 18,Male
100059,2025,0.5979762838069204,0.3779659788453399,-0.23493969382105215,-0.7144315891602797,0.9535300297328052,Convenience,0.35555374592588485,$75K to $99K,37-56,Have kids < 18,Female
200918,2021,0.4302023073183931,-0.04922452712727564,0.11789544265376975,0.19654207144042185,-0.8458491755004406,Price,0.23366023587797125,$75K to $99K,37-56,No kids < 18,Male
200179,2021,0.2362081676098264,0.38856921803572153,-0.043922257482250295,-0.7337000039250284,0.9535300297328052,Convenience,0.5649608116970837,$25K to $49K,57-65,No kids < 18,Male
200853,2021,0.054952898086323976,-0.04826331708868588,0.28975362099317814,0.3795875813909748,0.5055431810201807,Convenience,0.12595559962920588,$75K to $99K,18-24,Have kids < 18,Male
200842,2021,-0.6557078980790778,-0.9327569522834434,-0.7578612280767855,-0.914149287058932,0.5146807327093019,Convenience,1.1703886307883797,$50K to $74K,57-65,Have kids < 18,Female
101516,2025,0.20421811135675025,1.2734307953719934,-0.05729744441849127,-0.5416259535439666,0.057556332307556246,Quality,1.0692126840152432,$75K to $99K,37-56,No kids < 18,Male
100215,2025,-0.3015099884673614,0.6070981484757058,0.10475095225772242,0.19148967056545685,0.050124521924808346,Quality,0.4156084779102489,$50K to $74K,37-56,No kids < 18,Male
200392,2021,0.594744566989466,-0.1891826551792268,-0.7469354034708442,-0.9028848441983464,-0.8532809858831885,Price,0.7839272221686928,$125K to $149K,66+,No kids < 18,Male
101164,2025,0.23877626855770245,-0.07043100550803895,0.6428194540081937,0.1966794999448802,0.9535300297328052,Convenience,0.31071057572461147,$50K to $74K,25-36,Have kids < 18,Female
200357,2021,1.3131884729788283,0.8250338110186146,0.6381380057924009,0.7585118098553675,1.4089486888281777,Convenience,0.09576021584934935,$50K to $74K,25-36,Have kids < 18,Male
101545,2025,1.3131884729788283,-0.9337181623220331,-0.06418305057561212,-0.9023039798498078,0.050124521924808346,Price,1.26306395105402,Under $25K,37-56,Have kids < 18,Female
200100,2021,-0.6478021057838586,-0.49688562719762563,-0.23650262199540772,-0.16574138774030367,0.057556332307556246,Convenience,0.22329772004785992,Under $25K,66+,No kids < 18,Male
100714,2025,0.9479508305718674,0.38856921803572153,0.12635848483402434,0.5664377594743056,-0.39786232678781613,Price,0.3815130710975617,$25K to $49K,66+,No kids < 18,Male
101852,2025,-0.30183801862709797,-0.03633092571820004,0.8217939350449166,-0.3520107014750959,0.9535300297328052,Convenience,0.1317360946878886,$100K to $124K,18-24,Have kids < 18,Female
100934,2025,-1.1876376501779269,0.596494909285324,0.10253228646761625,-0.16609935620672783,-0.8458491755004406,Quality,0.49396262281770775,$25K to $49K,37-56,Have kids < 18,Female
100454,2025,0.23856336531911948,-0.6926536013211815,-0.7696589789898927,-0.1684724188075359,0.4981113706374328,Convenience,0.25954800531831335,$25K to $49K,57-65,No kids < 18,Female
101842,2025,-0.2943580328090446,-0.2555957404412131,0.4540206834594981,0.20266837771465945,1.4089486888281777,Convenience,0.9549280053686796,$75K to $99K,25-36,Have kids < 18,Female
200400,2021,-0.6540526361801844,-0.4856891201101686,-0.9261405810477606,-0.5385369540103102,0.042692711542060446,Convenience,0.5283818316522291,$25K to $49K,66+,No kids < 18,Male
101907,2025,-1.0104391855390087,-0.08236339687852477,0.1277197321657426,1.1202660974806298,0.9535300297328052,Selection,0.16673606774782457,$150K plus,37-56,Have kids < 18,Male
100214,2025,0.7770353580332098,-1.1632182740939134,0.10808566099057511,0.7510006106682113,0.050124521924808346,Price,0.026034747364998445,$75K to $99K,57-65,Have kids < 18,Female
101436,2025,-0.12799395327689306,0.16930440331270852,-0.4023326126360832,-0.9148675799119288,1.4089486888281777,Convenience,1.2396442855154692,$50K to $74K,57-65,Have kids < 18,Other or not stated
101079,2025,0.7801443923794054,-1.1622570640553236,-0.2416454632915878,1.3072020112753435,0.050124521924808346,Selection,0.5270576188959382,Under $25K,37-56,No kids < 18,Male
200585,2021,0.407123640148484,1.0545339227904948,-0.9259098845075671,-0.5403291522625797,0.057556332307556246,Quality,0.6474102826420108,$25K to $49K,37-56,Have kids < 18,Male
100342,2025,-0.12232823176981313,-0.49725356933914006,0.46918949511028823,0.38902578308098323,0.050124521924808346,Digital,0.080163712029305,$50K to $74K,25-36,Have kids < 18,Male
100148,2025,1.134129398752539,-0.25678227623536376,0.8137922859450493,0.6155657575703863,0.042692711542060446,Price,0.32033711280748967,Under $25K,25-36,Have kids < 18,Male
101084,2025,-0.4758949872158859,-0.2773954867190517,-1.6935840923568297,-0.5376828738382848,-0.39786232678781613,Quality,0.12046684006876446,$25K to $49K,66+,No kids < 18,Male
200594,2021,1.3131884729788283,-0.726160413213945,0.47743634859912737,0.7588697783217916,0.057556332307556246,Price,0.5543186946570368,$25K to $49K,57-65,No kids < 18,Female
101160,2025,0.06417836657059496,0.158475838366766,0.4727549003833345,0.5730101258464989,0.9535300297328052,Convenience,0.3805199038863063,$100K to $124K,37-56,Have kids < 18,Male
101372,2025,-1.7299071992616208,-0.26871466760584956,0.6381380057924009,0.19833426969269136,-0.40529413717056406,Digital,0.4398037360997095,$75K to $99K,37-56,Have kids < 18,Male
100218,2025,-0.11454512194585265,-0.06946979546944922,-0.5958128314005716,0.1991042553387636,1.4089486888281777,Convenience,1.209844433489414,$25K to $49K,57-65,Have kids < 18,Female
200388,2021,0.9519612901800538,1.0439306836001132,0.12793592085715808,-1.0875851238967105,0.5055431810201807,Quality,0.09196939342005939,Under $25K,37-56,Have kids < 18,Male
101448,2025,0.41783534278399187,-0.7254245289309161,0.4741016398662746,-0.5412679850775424,0.050124521924808346,Digital,0.05626629708228276,Under $25K,25-36,Have kids < 18,Female
100453,2025,-0.12236069347374787,-0.04922452712727564,0.2766091305971308,-0.7214967282494801,0.050124521924808346,Digital,0.22648460867232248,$125K to $149K,37-56,No kids < 18,Male
101691,2025,0.19413605933143707,-0.27835669675764146,0.4676265669359327,-0.5443052918181235,0.5055431810201807,Convenience,0.03791661408424801,$100K to $124K,25-36,Have kids < 18,Female
101479,2025,0.4233783818198129,-0.2661989796315947,-0.9292445932404197,0.15197662867518846,0.057556332307556246,Price,0.27140175314462445,$25K to $49K,37-56,Have kids < 18,Female
200758,2021,0.5968619553063466,-0.060421034214732605,0.10475095225772242,0.37922961292455065,0.4981113706374328,Price,0.09875058466891373,$100K to $124K,37-56,Have kids < 18,Female
101407,2025,0.23931720195602202,-0.7042180505501529,-0.7734550808031325,-0.16466512642088252,0.9535300297328052,Convenience,0.7142128277767832,$25K to $49K,57-65,No kids < 18,Female
200172,2021,-0.2984911748884899,-0.04789537494717146,0.10096935829326063,-0.7231514979972912,0.4981113706374328,Convenience,0.3971420123441722,$25K to $49K,18-24,Have kids < 18,Male
100758,2025,0.23931720195602202,-1.8176185296197152,0.2935497228064181,0.747691071172589,-0.39786232678781613,Selection,0.4541413483661709,Under $25K,66+,No kids < 18,Male
200471,2021,-0.2978275590189115,0.17040822973725178,0.12748903562554897,0.9403953227751163,1.4089486888281777,Convenience,0.4685533660530614,$100K to $124K,37-56,No kids < 18,Other or not stated
101219,2025,1.1335884653542194,-1.1732282453872196,0.8099961841318093,0.5705513275343078,1.4089486888281777,Convenience,0.2753602234739583,Under $25K,37-56,No kids < 18,Male
201001,2021,0.2392269811886979,-0.46667959466030595,-0.4159023900431288,0.38088438267236174,-0.39786232678781613,Selection,0.14165740148366385,Under $25K,57-65,Have kids < 18,Male
200741,2021,0.23976791458701743,-0.27776342886056615,-1.984437138088085,0.02329535590017705,-0.39786232678781613,Price,0.21647255868684037,$75K to $99K,25-36,Have kids < 18,Female
200711,2021,-0.4682923189265737,0.17040822973725178,-0.9310527258037471,0.5661655267192645,0.5055431810201807,Selection,0.06062234569908376,$150K plus,57-65,No kids < 18,Male
101525,2025,0.7790625255827663,0.596494909285324,-0.4114648125274752,0.2085248071540044,-0.40529413717056406,Price,0.18256761629744234,$50K to $74K,37-56,Have kids < 18,Male
200219,2021,0.05682106322380039,-0.06946979546944922,0.6428194540081937,0.19632153147845605,-0.3904305164050682,Digital,0.4464979225297377,$100K to $124K,25-36,No kids < 18,Male
201167,2021,-1.0151457227207084,1.2734307953719934,0.2982166631734327,1.1202660974806298,-0.8532809858831885,Quality,0.15316469789136367,$150K plus,18-24,Have kids < 18,Male
200218,2021,0.9545293911279299,-0.2893278780895375,-0.9359503627109553,0.009606157645708047,-0.3904305164050682,Price,0.9449232334822218,$25K to $49K,37-56,Have kids < 18,Female
101209,2025,-0.11780930046724183,-0.49784683723621537,-1.3030460325245712,-0.35844563934283086,0.5055431810201807,Convenience,0.6233524814874225,$75K to $99K,66+,No kids < 18,Female
100627,2025,-1.1953305392345632,-0.5078568085295218,-1.2836426578895972,-0.3638560086842201,-0.40529413717056406,Selection,0.041438128486343984,$75K to $99K,57-65,Have kids < 18,Female
101114,2025,0.06124977375904759,1.0545339227904948,-0.4239546530611633,0.3782050443982048,0.9609618401155531,Quality,0.09357208267494177,$150K plus,18-24,Have kids < 18,Male
200562,2021,-0.30183801862709797,-0.05982776631765728,-0.9138814370542662,-0.3567908695950197,-1.293836024213065,Quality,0.24201025230944068,$75K to $99K,37-56,Have kids < 18,Female
200692,2021,-0.4805690626936508,0.16907907755714763,-0.43218699870122423,0.38093607546543706,-0.8458491755004406,Selection,0.21185699790828944,$100K to $124K,37-56,Have kids < 18,Female
100076,2025,0.05504311885364813,-0.7138600797019448,-0.5958128314005716,0.3846399822659398,-0.39786232678781613,Selection,0.32959686341229166,$125K to $149K,66+,No kids < 18,Female
201137,2021,0.4230503516600763,-0.046340897011506454,0.9938828099245185,-0.910891440356385,0.9609618401155531,Digital,0.03292096980896542,$25K to $49K,25-36,Have kids < 18,Male
101287,2025,0.25258559175241413,1.0549018649320092,0.8173431833693173,1.3072020112753435,0.9535300297328052,Selection,0.2523001463433343,$150K plus,37-56,Have kids < 18,Male
200255,2021,-1.1927624382866873,0.39917245722610323,-0.039240809266457524,-0.7228792652422501,-1.3086996449785608,Quality,0.43841326649256074,$25K to $49K,37-56,Have kids < 18,Male
100859,2025,0.23108337950106606,-0.2883666680509478,-0.4007696844617276,0.5624099271256864,0.057556332307556246,Selection,0.3313265476246203,$50K to $74K,37-56,Have kids < 18,Female
200315,2021,-1.3672376578025358,1.0554951328290845,-0.21732994390062754,0.6118050743393995,-0.39786232678781613,Quality,0.443690058489685,$125K to $149K,57-65,Have kids < 18,Male
100151,2025,0.418917209580631,0.5849304600563526,0.12257689086956255,-0.724176066523637,0.5055431810201807,Quality,0.07938727903617193,$75K to $99K,66+,No kids < 18,Male
200506,2021,1.3131884729788283,-1.1622570640553236,-0.7420232587148579,-0.1730270667914698,0.050124521924808346,Price,1.26306395105402,Under $25K,66+,No kids < 18,Male
201071,2021,-0.2896839573312797,-0.7151892318820489,-0.2351558825124676,0.3836671065326694,0.050124521924808346,Selection,0.333542584607861,$75K to $99K,57-65,Have kids < 18,Male
101424,2025,-0.3015099884673614,-0.27798875461612704,0.9878546222257857,0.2014232692263478,-0.39786232678781613,Digital,0.7864313529994379,Under $25K,25-36,Have kids < 18,Male
200500,2021,0.06430104904185381,0.37663682666523574,-0.06820984892904565,-0.3534449312609412,1.4089486888281777,Convenience,1.032311862162942,$75K to $99K,25-36,Have kids < 18,Male
100485,2025,0.7733529285847599,0.8259950210572042,-1.2720756035166836,-0.17446129657731513,0.5055431810201807,Quality,0.052642092472444335,$75K to $99K,66+,Have kids < 18,Female
101969,2025,0.42507751920963277,0.17122682338988804,0.6200813706403672,0.7545356702998236,-0.39786232678781613,Selection,0.13445429965945643,$25K to $49K,37-56,Have kids < 18,Female
200291,2021,-0.11735858783624638,1.2734307953719934,0.9793915800455311,-0.165793080533379,-1.3086996449785608,Quality,0.2940392153264624,$25K to $49K,25-36,Have kids < 18,Male
201099,2021,0.06439126980917792,0.8369662023891004,-0.05973229890001295,-0.1698549558003059,0.057556332307556246,Quality,0.7725749325799225,$75K to $99K,37-56,Have kids < 18,Female
200523,2021,0.8662837544279218,1.0545339227904948,0.1228075874097562,0.3877806745926716,0.042692711542060446,Quality,0.18825016836257302,$25K to $49K,57-65,Have kids < 18,Female
100650,2025,0.06372765393959952,-0.05982776631765728,0.6162997766759054,-0.5399711837961555,-0.40529413717056406,Digital,0.5525721227363058,$75K to $99K,37-56,No kids < 18,Male
101087,2025,-0.48447501491782363,0.37759803670382547,-0.5714973120096114,0.1966794999448802,0.5055431810201807,Convenience,0.12794514431635523,$50K to $74K,25-36,No kids < 18,Male
201152,2021,-0.2888149937732235,-0.49629235930055027,-0.9439665196596008,-0.16739615748811482,0.050124521924808346,Convenience,0.21752067941292316,$75K to $99K,37-56,No kids < 18,Female
101211,2025,-0.12335233950306286,0.6068728227201448,-0.42664813202704355,-0.9053953353036128,-1.301267834595813,Quality,0.7302251622232077,$75K to $99K,66+,No kids < 18,Female
100570,2025,0.05603476488296313,-0.48614083234505445,0.8135615894048556,-0.9125462101041961,0.057556332307556246,Digital,0.7560052570972993,$100K to $124K,25-36,Have kids < 18,Female
100842,2025,0.4233783818198129,-1.5987216570382166,0.8135615894048556,-0.9097294433255808,-1.301267834595813,Digital,0.39018320758504266,$25K to $49K,25-36,Have kids < 18,Male
101784,2025,-0.3045288020462329,0.6065048805786304,0.8220246315851102,-0.5348330472098074,-1.301267834595813,Digital,0.2155197510064798,$150K plus,18-24,Have kids < 18,Male
100518,2025,0.22806456592219457,-0.49569909140347496,-0.5991475401334243,0.5719338645270778,-0.39786232678781613,Selection,0.34386929860488324,Under $25K,66+,No kids < 18,Female
101392,2025,-1.5497337965347575,-0.2677534575672598,-0.7504863008951124,-0.7229309580353254,-0.39786232678781613,Quality,0.1301088692205563,$75K to $99K,57-65,No kids < 18,Male
200644,2021,0.06025812772973259,-0.2671601896701845,0.11322850228675516,0.01291569714133034,-0.8458491755004406,Digital,0.05297037455702257,$25K to $49K,66+,Have kids < 18,Female
200437,2021,0.42661009863726734,-0.26679224752867003,0.10943240047351521,0.009657850438783356,0.042692711542060446,Price,0.31717769816375213,$25K to $49K,66+,Have kids < 18,Male
101103,2025,-0.2549427116044709,0.17968231674752927,0.2801745358701771,-0.16811209442096317,-0.8458491755004406,Digital,0.10049221912264783,$125K to $149K,37-56,Have kids < 18,Female
101630,2025,0.2448927026957778,0.596494909285324,0.12437051558411179,0.01680872523936674,0.9535300297328052,Convenience,0.3570351204474812,$150K plus,25-36,Have kids < 18,Female
100193,2025,0.418917209580631,1.0549018649320092,0.8222553281253038,0.009795278943241736,0.9535300297328052,Quality,0.10137183519920401,$25K to $49K,25-36,Have kids < 18,Female
101154,2025,0.5933022083291555,-0.04789537494717146,0.9976789117377585,0.5638441569115317,0.050124521924808346,Digital,0.404376703408603,$75K to $99K,18-24,Have kids < 18,Female
200809,2021,-0.12277894440080858,0.825401753160129,0.656656034024822,0.9387922458203805,-0.39786232678781613,Selection,0.11339049266025147,$150K plus,18-24,Have kids < 18,Male
200293,2021,-0.1259204404509389,-0.9456505536925189,-0.41368347831758134,-1.6427102631844215,0.050124521924808346,Convenience,0.17604496237574724,$50K to $74K,66+,No kids < 18,Female
200874,2021,0.4143658165741249,-0.04789537494717146,-0.23025824560525937,0.7480490396390133,0.9609618401155531,Convenience,0.21291280047653982,$75K to $99K,37-56,Have kids < 18,Female
100073,2025,-0.4764359206142055,0.596494909285324,0.28886827459062525,0.38231861245820703,0.5055431810201807,Quality,0.0909517282651433,$75K to $99K,66+,No kids < 18,Male
200225,2021,0.056247668121546114,-1.151653824864942,0.10452025571752879,0.5665751879787639,-0.8532809858831885,Selection,0.4620549322612352,$50K to $74K,37-56,Have kids < 18,Male
101398,2025,-0.12277894440080858,-0.27835669675764146,0.9974482151975649,0.20070733229349944,0.050124521924808346,Digital,0.7967408829040654,$25K to $49K,25-36,Have kids < 18,Male
100763,2025,-0.4692839649558887,-1.3701827553049262,0.23698810479272234,0.015511923957979767,-1.301267834595813,Digital,0.22147618083474258,Under $25K,37-56,Have kids < 18,Male
200881,2021,1.1382625408319842,0.6070981484757058,-0.055950704935551175,-0.35160104021559635,0.050124521924808346,Price,0.5311643923562784,$50K to $74K,25-36,Have kids < 18,Male
100090,2025,-1.012589035559824,0.39954039936761765,1.1548151636579858,0.006926819371551096,0.057556332307556246,Digital,0.7552747642903681,$100K to $124K,25-36,Have kids < 18,Female
200878,2021,0.775921029532636,1.0439306836001132,0.28863757805043166,0.005987986556588343,0.49640562933105953,Quality,0.26800965406747723,$50K to $74K,37-56,Have kids < 18,Other or not stated
100018,2025,0.41134700299525345,1.0554951328290845,-1.2885548026455838,0.3927813826745613,0.050124521924808346,Quality,0.644148129833831,$100K to $124K,66+,No kids < 18,Male
200367,2021,0.5944165368297294,-0.4833987578914748,-0.7636307912911597,0.3836671065326694,1.4089486888281777,Convenience,0.8145321519984483,$50K to $74K,37-56,No kids < 18,Male
201161,2021,0.05962697356408893,-0.9446893436539292,1.338701789450695,0.9377159845009593,-1.7566864936911855,Digital,0.4009858049497357,$75K to $99K,25-36,No kids < 18,Male
100665,2025,-1.0140313942201344,0.5959016413882487,1.1632782058382403,1.1219208672284409,1.4089486888281777,Convenience,0.24567048298993743,$150K plus,25-36,No kids < 18,Female
200383,2021,-0.47676395077394207,-0.4856891201101686,0.652859932211582,-0.7333937282516796,-0.39786232678781613,Digital,1.050722258999398,$75K to $99K,25-36,No kids < 18,Other or not stated
101110,2025,-1.1957812518655588,0.836598260247586,0.9878546222257857,-0.172228018401114,0.4981113706374328,Digital,0.1512563619781997,$100K to $124K,25-36,Have kids < 18,Female
100116,2025,0.056575698281282685,0.6080593585142955,0.4581189151760637,0.9360612147531482,0.057556332307556246,Selection,0.3280018562388527,$50K to $74K,37-56,No kids < 18,Male
101620,2025,1.3145239028285405,-0.04789537494717146,0.45536742294243815,-0.7173831601894779,-0.8458491755004406,Price,0.8591564798861023,Under $25K,37-56,Have kids < 18,Female
100837,2025,0.7765846454022144,-0.07102427340511427,0.9843037248015175,0.570330787572342,-0.39786232678781613,Digital,0.20771907939930312,$25K to $49K,37-56,No kids < 18,Male
200104,2021,0.9556437196285038,-0.27680221882197636,0.2817519718933108,0.011976864326367543,0.9535300297328052,Price,0.0021136898956986006,$25K to $49K,18-24,Have kids < 18,Female
100752,2025,-0.022066803681283678,-1.173821513284295,-0.4154771030321306,-0.16364055789453677,0.9535300297328052,Convenience,0.9755968334140889,$150K plus,57-65,No kids < 18,Male
101136,2025,-0.1187684847926221,0.8259950210572042,-0.05973229890001295,0.19833426969269136,1.3923793267563085,Convenience,0.5663843056991043,$50K to $74K,57-65,No kids < 18,Male
101562,2025,0.24755102441097793,0.39954039936761765,0.30178206844647903,0.015511923957979767,0.057556332307556246,Quality,0.09775833092113861,$50K to $74K,37-56,No kids < 18,Male
200195,2021,0.42661009863726734,0.3882012758942071,-0.051499953259952026,-0.17692009488950627,0.9609618401155531,Convenience,0.5343517414782857,$75K to $99K,66+,Have kids < 18,Male
100263,2025,0.24075956061633244,0.16907907755714763,-1.119159406731862,-0.5412679850775424,0.050124521924808346,Price,0.07168048305918481,$75K to $99K,66+,No kids < 18,Male
100525,2025,0.7842775344588507,0.8356370502089963,0.278827796387237,0.5757411569137312,0.9535300297328052,Convenience,0.11789297952380895,$125K to $149K,37-56,Have kids < 18,Female
200572,2021,0.04855477906490972,1.0545339227904948,0.23606610342286255,0.5638441569115317,-0.8458491755004406,Quality,0.4906897658789632,$75K to $99K,25-36,Have kids < 18,Female
100944,2025,-0.48880288514860676,1.0439306836001132,0.8088801411890628,0.9366397231815382,0.9609618401155531,Quality,0.08296884348456013,$150K plus,25-36,No kids < 18,Male
101507,2025,-0.11062488310499027,0.825401753160129,-0.4058980179091295,-0.35289784149698333,-1.3086996449785608,Quality,0.9360266362651193,$50K to $74K,37-56,Have kids < 18,Female
100834,2025,0.41068338712567504,0.6174760619105265,0.6381380057924009,-0.3557663010686739,-0.40529413717056406,Digital,0.020661943881874367,$75K to $99K,25-36,Have kids < 18,Male
100299,2025,0.06285869038154336,-0.4947378813648853,0.2766091305971308,-0.9121882416377719,-0.39786232678781613,Digital,0.21375044021558748,$50K to $74K,25-36,Have kids < 18,Female
200596,2021,-0.47697685401252504,-0.05945982417614286,0.8004170990088082,0.9373580160345352,-0.8532809858831885,Selection,0.13694091702572697,$125K to $149K,37-56,No kids < 18,Female
101759,2025,-0.3019607010983568,-1.3917571758272038,-0.5846563102544369,-0.7245340349900612,0.050124521924808346,Convenience,0.35208522302316514,$25K to $49K,37-56,Have kids < 18,Female
100950,2025,0.42350106429107176,0.3779659788453399,0.6332258610364145,0.014933415529589777,-0.8458491755004406,Digital,0.20972479674534278,$25K to $49K,18-24,Have kids < 18,Female
101966,2025,0.6390718694686883,-0.2771701609634908,0.46897330641887275,-0.5478403514497358,-0.8458491755004406,Price,0.17009856304981558,Under $25K,37-56,Have kids < 18,Male
100761,2025,0.2357249932748962,-0.27776342886056615,1.1255642658379952,-0.7238180980572129,-1.301267834595813,Digital,0.889839272563099,Under $25K,37-56,Have kids < 18,Female
100513,2025,0.06115955299172347,-0.7151892318820489,-1.2718449069764899,0.5624099271256864,0.4981113706374328,Selection,0.06429855648825356,$25K to $49K,37-56,No kids < 18,Male
100038,2025,1.1345801113835343,1.0549018649320092,0.44956993178389887,0.9359237862486899,-1.301267834595813,Price,0.0796782464515251,$25K to $49K,37-56,Have kids < 18,Male
200553,2021,0.9596541792366903,-0.2773954867190517,0.46049575638984,0.38469167505901514,0.9535300297328052,Price,0.006124149503885068,$50K to $74K,18-24,Have kids < 18,Male
101735,2025,0.41837627618231144,1.2734307953719934,-0.1782386373145568,-0.17692009488950627,0.5129749914029287,Quality,0.7604558039690648,$75K to $99K,57-65,Have kids < 18,Male
200028,2021,0.0684017294173644,-0.04826331708868588,-0.2398373307282604,0.37885831763149475,1.4089486888281777,Convenience,1.030090371196683,$75K to $99K,57-65,No kids < 18,Female
100399,2025,-1.0095702219809526,0.6065048805786304,-0.2520964747217549,0.3805781069990129,-0.39786232678781613,Quality,0.2259267735796175,$150K plus,57-65,Have kids < 18,Female
101600,2025,-0.6503702067317345,0.3891624859327969,0.4741016398662746,-0.17048515702177125,1.4089486888281777,Convenience,0.9348470489619031,$150K plus,37-56,Have kids < 18,Female
101644,2025,0.7769126755619509,0.836598260247586,0.1257172550670519,-0.7235975580952471,-1.7492546833084375,Quality,0.05968558468563512,$50K to $74K,25-36,Have kids < 18,Male
200332,2021,-0.4796676374316599,0.6070981484757058,-1.8150417421743632,-0.17661381921615738,-1.293836024213065,Quality,0.7837119676918631,$75K to $99K,57-65,Have kids < 18,Female
101590,2025,-0.11889116726388094,0.40013366726469296,-0.22669284033221307,0.19775576126430133,0.050124521924808346,Quality,0.20237790600039163,$150K plus,57-65,No kids < 18,Male
101730,2025,-0.29836849241723107,0.17100149763432712,0.28729083856749155,-1.0951480158769418,0.5055431810201807,Convenience,0.21825234245268915,$25K to $49K,25-36,Have kids < 18,Male
101091,2025,0.06170048639004304,0.15810789622525157,0.9793915800455311,0.20482090035350167,-0.8532809858831885,Digital,0.7745706796920294,$25K to $49K,25-36,No kids < 18,Female
101352,2025,0.060831522831986874,-1.1522470927620172,0.8151245175792112,0.19524527015903492,0.5055431810201807,Digital,0.30958133655903053,$150K plus,25-36,Have kids < 18,Female
100396,2025,-0.8437795375510553,1.0554951328290845,-0.0728767892960603,0.1591870509349552,0.9609618401155531,Quality,0.09453329271353139,$50K to $74K,37-56,Have kids < 18,Male
100095,2025,0.05202430527477665,0.14713671489335545,-0.7710057184728327,-0.9044048096955747,0.5146807327093019,Convenience,0.3675440178159465,$100K to $124K,57-65,No kids < 18,Female
100848,2025,0.06529269507116882,0.38856921803572153,-0.049281287469845815,-0.5454672888489277,-0.3904305164050682,Quality,0.3232765229645527,$75K to $99K,25-36,Have kids < 18,Male
101503,2025,0.41415291333554194,1.0439306836001132,-0.253443214204695,-0.1713722970436587,-0.8458491755004406,Quality,0.6297777702645713,$75K to $99K,18-24,Have kids < 18,Female
200655,2021,-0.7044263109391633,-0.25582106619677397,0.10475095225772242,0.3861259048448605,0.057556332307556246,Selection,0.28137495258713807,$75K to $99K,66+,Have kids < 18,Female
100833,2025,0.4148165292051204,0.6080593585142955,-1.634951218194894,0.9441509223686944,0.5129749914029287,Selection,0.33609156385439887,$50K to $74K,66+,No kids < 18,Male
101808,2025,0.7733529285847599,-0.2776208124746126,0.9878546222257857,0.19560323862545909,0.5055431810201807,Digital,0.21450169364102578,Under $25K,25-36,Have kids < 18,Male
200491,2021,-0.4774275666435205,0.6065048805786304,-0.5679464145853432,-0.530447246394764,-1.7492546833084375,Quality,1.0839324472221508,$150K plus,25-36,No kids < 18,Female
100010,2025,-0.30183801862709797,0.14905913497053494,0.08425946262416698,-0.7269070975908692,-0.39786232678781613,Quality,0.06479967234636796,$50K to $74K,37-56,No kids < 18,Male
101386,2025,-0.83398067396453,0.6070981484757058,-0.4007551766129495,0.016450756772942575,-0.39786232678781613,Quality,0.5906473917027631,$150K plus,57-65,Have kids < 18,Female
200915,2021,0.40667292751748857,-0.07102427340511427,0.4784749834179845,0.5688965577864967,0.9609618401155531,Convenience,0.39206528232905635,$25K to $49K,25-36,Have kids < 18,Male
200808,2021,-0.47676395077394207,0.5955336992467343,-0.7368949252674559,0.3825391524201729,1.4089486888281777,Convenience,0.8134149895814434,$100K to $124K,66+,No kids < 18,Male
101123,2025,0.05615744735422199,0.15884378050828038,-1.2731916464594302,-0.9006492101019966,0.050124521924808346,Quality,0.1026863331540584,$25K to $49K,66+,No kids < 18,Male
101182,2025,0.23509383910925252,-1.818579739658305,1.338701789450695,0.024371617219598206,-0.3904305164050682,Digital,1.1036079503414424,$25K to $49K,37-56,Have kids < 18,Female
100197,2025,0.5907341073812794,0.6186625977046771,-0.7553984456510987,0.3782050443982048,-0.3904305164050682,Quality,0.027928490323397726,$75K to $99K,37-56,No kids < 18,Male
200110,2021,0.23575745497883097,0.37759803670382547,-0.5844256137142433,0.19422070163268912,0.4981113706374328,Convenience,0.12051333393360736,$75K to $99K,66+,No kids < 18,Female
100408,2025,0.4148165292051204,0.3985791893290279,0.12257689086956255,1.1215628987620168,-1.293836024213065,Selection,0.7067463695568963,$100K to $124K,57-65,No kids < 18,Male
101574,2025,0.2362081676098264,0.39012369597138663,-0.5978008006504842,0.01882381937375064,-0.8532809858831885,Quality,0.15391552836156022,$75K to $99K,57-65,Have kids < 18,Female
100662,2025,-0.10586058685990127,-0.4866503301487584,0.2935497228064181,-0.9094572105705396,1.4089486888281777,Convenience,1.1153989660217596,$100K to $124K,66+,No kids < 18,Female
100579,2025,0.5897424613519644,-0.5078568085295218,0.8220246315851102,-0.5369338770555744,-1.301267834595813,Digital,0.2322821702331458,$25K to $49K,57-65,Have kids < 18,Female
200799,2021,-0.6553723123692361,-1.3927183858657937,-0.2512245484145888,0.01010155461659058,-0.3904305164050682,Selection,0.26132610303117937,$150K plus,37-56,Have kids < 18,Male
101628,2025,0.9545293911279299,-0.4982147793777298,0.6559639444042411,-0.16739615748811482,-0.39786232678781613,Price,0.2985654467236888,$25K to $49K,25-36,Have kids < 18,Male
101223,2025,-0.3009690550690418,-0.47434999663675814,1.1632782058382403,-0.7661767094588989,-0.8607127962659364,Digital,1.464247260907282,$50K to $74K,18-24,Have kids < 18,Female
200440,2021,-0.6554949948404949,-0.046340897011506454,-0.7551677491109051,0.570909296000732,1.4089486888281777,Convenience,0.8380393928274457,$75K to $99K,66+,Have kids < 18,Female
100318,2025,-0.12302430934332628,-0.27643427668046194,-0.41081016266511594,-1.2818116969166145,0.050124521924808346,Convenience,0.17314883126813463,$100K to $124K,25-36,Have kids < 18,Female
200207,2021,-0.11463534271317675,-0.29993111727991917,0.10632838828085615,-0.5414054135820008,-0.3904305164050682,Digital,0.2209637309940329,Under $25K,57-65,Have kids < 18,Female
101471,2025,0.417925563551316,0.3876080079971318,1.338701789450695,-0.726549129124445,-0.3904305164050682,Digital,0.920776225899379,$50K to $74K,57-65,No kids < 18,Female
101770,2025,-1.006338505163498,-0.04922452712727564,-0.06932589187179215,-1.0913407234902885,0.050124521924808346,Convenience,0.09934904905208398,$50K to $74K,25-36,Have kids < 18,Female
200970,2021,0.5933022083291555,-1.5987216570382166,0.8184592263120639,-0.35160104021559635,0.4981113706374328,Digital,0.22515701798290844,Under $25K,25-36,Have kids < 18,Male
100771,2025,0.24233601553489348,-0.5063023305938567,-1.113131219033129,-1.6515182636529646,0.9609618401155531,Convenience,0.7186258245806596,$50K to $74K,66+,No kids < 18,Female
200086,2021,1.1382625408319842,1.0545339227904948,-0.7783527177103408,0.38188386672785296,-0.40529413717056406,Price,0.08372861804148934,$75K to $99K,37-56,Have kids < 18,Male
201122,2021,-0.8262877849078937,0.5955336992467343,-0.7616428220412471,0.9360612147531482,0.9535300297328052,Convenience,0.01746881497965702,$75K to $99K,37-56,Have kids < 18,Male
101522,2025,0.07109251283649928,-0.4965176850561112,-1.442587042373152,0.1499475408714192,0.042692711542060446,Selection,0.07885502803491992,$100K to $124K,57-65,No kids < 18,Female
100545,2025,-0.656576861637134,-0.5184600477199034,-0.7651937194655153,-0.1698549558003059,0.050124521924808346,Convenience,0.21997947772511425,$100K to $124K,37-56,No kids < 18,Female
200960,2021,0.24245869800615233,0.39954039936761765,-0.5855416566569898,1.3010169989570657,0.5055431810201807,Selection,0.795473817936885,$50K to $74K,37-56,No kids < 18,Male
101353,2025,0.05723931415086111,0.16967234545422297,-0.039240809266457524,0.7497038093868243,-1.301267834595813,Selection,0.5800314639326014,$100K to $124K,37-56,Have kids < 18,Male
200737,2021,-0.690360515896879,1.0554951328290845,-0.06576048659874584,-0.5354996472697291,-0.40529413717056406,Quality,1.1212556194278303,$50K to $74K,37-56,Have kids < 18,Female
100547,2025,0.7801443923794054,-0.49569909140347496,0.06623558605215768,-0.5446656162046963,0.5055431810201807,Price,0.27460121135922466,$25K to $49K,57-65,No kids < 18,Female
200607,2021,0.060167906962408466,-0.058498614137553126,-0.397434975728875,0.7534594089804024,0.9535300297328052,Convenience,0.20007062075240278,$25K to $49K,25-36,Have kids < 18,Female
200666,2021,0.7730248984250233,0.596494909285324,-0.4094634231821758,-0.9054810710149959,0.5055431810201807,Price,0.1765299891396993,$25K to $49K,37-56,Have kids < 18,Female
101359,2025,-0.834972319993845,-1.3913892336856895,-0.7540517061681586,-0.5386743825147685,-0.39786232678781613,Convenience,0.14081205572695238,$25K to $49K,66+,No kids < 18,Male
101555,2025,0.4108060695969339,-0.4849532358271398,-0.413914174857775,0.7491253009584343,0.9609618401155531,Convenience,0.21183653915711875,Under $25K,37-56,Have kids < 18,Male
200356,2021,0.7719105699244495,0.14846586707345963,1.1632782058382403,0.36999094357525475,0.057556332307556246,Digital,0.39136763591379076,$25K to $49K,25-36,Have kids < 18,Female
200854,2021,0.05962697356408893,0.38953042807431126,0.2899843175333718,-0.719841958501669,-0.39786232678781613,Quality,0.09954611054093948,$150K plus,37-56,Have kids < 18,Male
100636,2025,0.24043153045659585,0.17026561335129828,0.46563859768602006,-0.31407902096740875,0.9535300297328052,Convenience,0.48789143204678515,$75K to $99K,37-56,No kids < 18,Female
101063,2025,1.1382625408319842,0.1596623741609166,-0.08245587441906137,0.7510006106682113,-0.40529413717056406,Price,0.38726193016377286,$25K to $49K,37-56,Have kids < 18,Other or not stated
100591,2025,0.9586625332073753,0.16062358419950637,-0.2387212877855139,0.01412938696520979,0.057556332307556246,Price,0.7980389490078689,Under $25K,37-56,No kids < 18,Male
101229,2025,-0.8308391779143997,-0.4856891201101686,0.44600452651085254,1.3072020112753435,0.050124521924808346,Selection,0.861197484764491,$150K plus,57-65,No kids < 18,Male
101496,2025,-1.5461740495575664,-0.289695820231052,-0.7698896755300862,-0.7337000039250284,0.057556332307556246,Convenience,0.34725215253860825,$150K plus,25-36,Have kids < 18,Female
200285,2021,-0.1153314202866899,0.8356370502089963,-0.5882217155274831,-1.6436490959993844,0.9535300297328052,Convenience,0.11789297952380895,$50K to $74K,37-56,Have kids < 18,Male
100109,2025,0.06439126980917792,-0.04922452712727564,0.9193695216849831,-0.3492796704078636,0.9535300297328052,Convenience,0.034160508047822113,$75K to $99K,25-36,Have kids < 18,Female
101767,2025,0.6557520898552183,-0.7369889781598875,-1.265333700186742,0.38088438267236174,-0.40529413717056406,Price,0.2748677071828565,$75K to $99K,37-56,Have kids < 18,Female
200659,2021,-0.1177768387633071,0.6174760619105265,-0.2402987238086477,0.20079306800488245,-0.39786232678781613,Quality,0.41668299390564406,$75K to $99K,37-56,Have kids < 18,Male
100719,2025,-0.4652735053477022,-0.2770275445775373,-0.07090332789492589,-0.17084312548819544,-0.40529413717056406,Digital,0.09993979759326956,$25K to $49K,37-56,Have kids < 18,Female
201002,2021,0.059594511860154166,-0.04789537494717146,-1.2997113237917184,-0.7323174669322584,-1.301267834595813,Price,0.10748988680732563,Under $25K,25-36,Have kids < 18,Male
101597,2025,-0.2892332447002842,0.8369662023891004,-0.42260791357822314,0.013719725705710317,0.9609618401155531,Convenience,0.12399563772645272,$25K to $49K,37-56,Have kids < 18,Male
101687,2025,0.5963210219080269,0.8144305718282329,0.2748155058825816,0.3796392741840501,0.057556332307556246,Quality,0.21810954992020593,$25K to $49K,57-65,Have kids < 18,Female
200611,2021,0.7765846454022144,-0.04752743280565706,0.021093998172073275,0.7510006106682113,-0.3904305164050682,Price,0.02558403473400306,$150K plus,37-56,No kids < 18,Male
101648,2025,0.055706734723226556,-0.4847279100715789,-0.2496471123914551,-0.727931666117215,-0.39786232678781613,Price,0.30535384711468166,$25K to $49K,37-56,No kids < 18,Female
100982,2025,-0.11988281329319593,-0.9327569522834434,0.11970357521709711,-0.35361377842983166,0.057556332307556246,Digital,0.062147242909540865,Under $25K,66+,Have kids < 18,Male
200764,2021,-0.11921919742361753,-0.05923449842058197,0.29331902626622447,0.5730101258464989,-0.8532809858831885,Selection,0.27969109958027444,$25K to $49K,25-36,Have kids < 18,Male
101780,2025,-0.6666574101069982,0.6068728227201448,0.46897330641887275,-0.5399711837961555,0.9535300297328052,Convenience,0.34665720701266045,$25K to $49K,66+,No kids < 18,Male
100713,2025,-0.8387774319135537,-0.20407358143669732,0.12793592085715808,0.20338667056765639,1.4089486888281777,Convenience,1.2055620182605213,$100K to $124K,57-65,No kids < 18,Female
101623,2025,-0.29480874544004004,1.0439306836001132,0.29844735971362635,0.38088438267236174,-1.301267834595813,Quality,0.6630463009277514,Under $25K,18-24,Have kids < 18,Male
100288,2025,0.06695937075705397,0.3876080079971318,0.8135615894048556,0.01412938696520979,-0.39786232678781613,Digital,0.42595358140772377,$50K to $74K,37-56,Have kids < 18,Female
101180,2025,-0.30506973544455246,-0.2677534575672598,-0.7739019660347417,-1.1005066924252558,0.9609618401155531,Convenience,1.2287152976828128,$75K to $99K,37-56,Have kids < 18,Female
200024,2021,-1.3554413849844424,0.8259950210572042,0.3100289219353181,-0.5424024976278301,-0.8384173651176927,Quality,0.5159660991218862,$150K plus,25-36,Have kids < 18,Other or not stated
101492,2025,-0.655585215607819,-0.2787246388991559,0.10253228646761625,-0.5427022148633878,0.9535300297328052,Convenience,0.850997743265189,$50K to $74K,37-56,No kids < 18,Female
101721,2025,-1.371789050809042,-1.3815218787783365,0.13261736907295088,-0.7248943593766339,0.5146807327093019,Convenience,0.38206336363635107,$100K to $124K,66+,No kids < 18,Female
200567,2021,0.7796034589810859,-0.9437281336153394,-0.2316049850881995,-0.17070569698373705,-0.8532809858831885,Price,0.9503091559648229,Under $25K,18-24,Have kids < 18,Female
200162,2021,0.9592034666056948,-0.06078897635624704,0.44600452651085254,0.1966794999448802,0.5055431810201807,Price,0.4536602855855141,Under $25K,25-36,Have kids < 18,Male
200358,2021,0.41825359371105253,0.39954039936761765,-0.397434975728875,0.20352409907211472,0.4981113706374328,Convenience,0.0798577769263803,$75K to $99K,37-56,No kids < 18,Male
101369,2025,-1.009119509349957,-0.058498614137553126,1.1632782058382403,0.2031144378126152,0.4981113706374328,Digital,0.6651668352008074,$25K to $49K,37-56,No kids < 18,Female
200846,2021,0.9559717497882404,0.382115854483867,-0.42483999946371614,-0.35441780699421166,-0.41272594755331193,Price,0.5738558953043734,$125K to $149K,37-56,Have kids < 18,Female
100745,2025,0.9515105775490584,-0.486282388007244,-0.24006802726845405,-0.5399711837961555,0.050124521924808346,Price,0.9013860556242501,$50K to $74K,37-56,No kids < 18,Female
200892,2021,-0.47954495496040106,1.2734307953719934,0.1172542128867973,0.3812940439318612,-0.39786232678781613,Quality,0.8921367514401322,$75K to $99K,25-36,No kids < 18,Male
200827,2021,-0.4671779904259998,-2.0365154022012137,-0.7681324028203673,-1.0939343260530623,0.4981113706374328,Convenience,0.9652893610634325,Under $25K,66+,No kids < 18,Female
100980,2025,-0.8299702143563435,0.8369662023891004,1.1632782058382403,-0.3049107303483619,-1.7492546833084375,Digital,0.3263120034491399,$100K to $124K,18-24,Have kids < 18,Male
100201,2025,0.418917209580631,-0.2658310374900803,0.288406881510238,0.5654989266593428,0.5055431810201807,Selection,0.05995574563916206,$75K to $99K,37-56,No kids < 18,Female
200056,2021,0.23976791458701743,0.8259950210572042,-0.5895539471616451,0.015511923957979767,0.057556332307556246,Quality,0.5862271064701868,$150K plus,57-65,No kids < 18,Male
200780,2021,0.41825359371105253,0.17100149763432712,0.4715733794891861,-0.17250025115615514,-0.39786232678781613,Digital,0.053319785778133566,Under $25K,18-24,Have kids < 18,Male
200320,2021,0.7760437120038948,-1.5890796278864248,0.1243850234328899,-0.9083809492511186,0.9535300297328052,Convenience,0.17748631772891044,Under $25K,25-36,No kids < 18,Female
200194,2021,0.4143658165741249,-0.2793179067962312,0.13127062959001076,-1.2342798339336996,0.042692711542060446,Price,0.2830951869841142,$25K to $49K,37-56,Have kids < 18,Female
101491,2025,-0.4813192120341193,-0.71445334759902,-0.7567451851340389,-1.2793528986044234,-0.38299870602232033,Convenience,0.09832050601179898,Under $25K,37-56,Have kids < 18,Female
101560,2025,-0.11789952123456593,-0.7254245289309161,0.47878308808206743,1.1215628987620168,-1.3086996449785608,Selection,0.6427798106799494,$50K to $74K,25-36,Have kids < 18,Male
100526,2025,-0.29952669640873136,0.1596623741609166,-1.2863361368554775,0.9414715840945374,1.4089486888281777,Convenience,0.46747710473364035,$75K to $99K,57-65,Have kids < 18,Female
101514,2025,0.7754703169016405,0.6196238077432669,0.4408761930634507,-1.099261583936944,1.4089486888281777,Convenience,0.6334783719265372,Under $25K,66+,No kids < 18,Male
201032,2021,-1.006551408402081,-0.2895532038450985,0.3033595044696128,0.5662172195123397,0.06498814269030417,Selection,0.2628577150427269,$100K to $124K,37-56,Have kids < 18,Male
200259,2021,-0.6587267116579493,0.8360049923505106,-0.22803957981515316,-0.1701271885553471,0.050124521924808346,Quality,0.7858804704257023,$75K to $99K,57-65,No kids < 18,Male
100808,2025,-0.12290162687206742,0.8360049923505106,0.2837254332944453,-0.1748192650437393,-1.301267834595813,Quality,0.5522795590560654,$150K plus,66+,No kids < 18,Female
100507,2025,-0.6493346852114932,-0.7148212897405345,0.2899843175333718,0.3825908452132482,-0.8458491755004406,Selection,0.09260652767987643,$50K to $74K,57-65,No kids < 18,Female
100480,2025,-0.4765586030854643,0.39976572512317854,0.47766704513932096,-0.9054810710149959,0.050124521924808346,Digital,0.07790132001614242,$75K to $99K,37-56,Have kids < 18,Female
100688,2025,0.22860549932051413,1.2734307953719934,1.338701789450695,0.38902578308098323,0.057556332307556246,Digital,0.06527099407870152,$125K to $149K,25-36,Have kids < 18,Female
101142,2025,0.7790625255827663,-1.1510605569678667,-0.5877966744519262,-0.3557663010686739,0.5055431810201807,Price,0.27351934456258564,Under $25K,66+,No kids < 18,Female
101423,2025,-0.12091833481343742,0.38893716017723595,-0.23137428854800585,-0.3557663010686739,0.9535300297328052,Convenience,0.5645928695555693,$75K to $99K,37-56,No kids < 18,Female
100397,2025,-1.546714982955886,0.3876080079971318,0.8099961841318093,-0.7670691803791491,-0.39786232678781613,Digital,0.4223881761346775,$150K plus,37-56,No kids < 18,Female
201069,2021,0.6011177798570507,-0.2893278780895375,-1.6396181585619085,-0.3534449312609412,0.5055431810201807,Price,0.09557459883687003,$150K plus,66+,No kids < 18,Male
101540,2025,-0.29480874544004004,0.1700402875957374,-0.2324903314907524,-0.17361055539388398,0.050124521924808346,Quality,0.11991576567092904,Under $25K,25-36,No kids < 18,Male
200689,2021,0.41580817523443536,0.6184372719491162,0.6432808470885809,-1.0875851238967105,0.9609618401155531,Convenience,0.31768099302697217,Under $25K,25-36,No kids < 18,Female
100493,2025,-0.11822755139430254,-2.048079851430185,0.4671651738555454,0.1950247301970691,0.9609618401155531,Convenience,0.4937966662600077,$50K to $74K,25-36,Have kids < 18,Female
101096,2025,-0.4805690626936508,-0.04826331708868588,-0.5897846437018388,-0.9105334718899608,0.5055431810201807,Convenience,0.5538064981088666,$50K to $74K,37-56,Have kids < 18,Male
200208,2021,1.1335884653542194,-0.5082247506710361,-0.22312743505916677,-0.5403291522625797,0.9609618401155531,Price,0.17262662523866634,Under $25K,25-36,Have kids < 18,Female
100892,2025,-0.647351393152863,-2.0471186413915956,-0.9158694063041788,-0.7238180980572129,0.4981113706374328,Convenience,1.1454627637902959,$50K to $74K,57-65,No kids < 18,Female
100603,2025,-0.11062488310499027,-1.3737367463369365,0.46049575638984,-0.5345106634089264,-0.40529413717056406,Digital,0.5711206394948303,$50K to $74K,37-56,Have kids < 18,Female
100241,2025,-0.8381138160439754,-0.04826331708868588,0.285302869317579,-0.07861634149170986,-1.301267834595813,Digital,0.33356618640626484,$50K to $74K,37-56,No kids < 18,Female
100898,2025,0.6015360307841114,-0.9337181623220331,-0.06441374711580572,0.013719725705710317,-0.3904305164050682,Price,0.5878163050784011,Under $25K,57-65,No kids < 18,Male
101954,2025,-1.9068602989580212,0.617108119769012,0.3035902010098064,0.5719855573201531,-0.8384173651176927,Quality,0.04512256244885893,$75K to $99K,37-56,Have kids < 18,Other or not stated
100878,2025,0.7743884501050013,-0.27798875461612704,0.11789544265376975,-0.34552407081428554,-0.39786232678781613,Price,0.6564930074512316,$50K to $74K,37-56,Have kids < 18,Male
100449,2025,-0.02519752260001748,-0.7263857389695059,0.10989379355390246,0.9373580160345352,-0.8532809858831885,Selection,0.8274642224806327,$75K to $99K,57-65,No kids < 18,Male
200898,2021,0.9556437196285038,-0.9437281336153394,-0.6186122682149248,-0.17213992676958234,0.057556332307556246,Price,0.8980873873209476,Under $25K,18-24,Have kids < 18,Female
200723,2021,-0.30084637259778296,-0.05827328838199221,0.30156587975506355,0.024319924426522845,-0.40529413717056406,Digital,0.2772459553285407,$50K to $74K,37-56,Have kids < 18,Male
100014,2025,-0.029800559410579838,0.3891624859327969,0.6517438892688355,0.021640586152365915,-0.8458491755004406,Digital,0.26258140333603863,$50K to $74K,37-56,Have kids < 18,Male
201133,2021,0.41068338712567504,-0.7154145576376099,-0.5906844979531698,-0.3526773015350175,-0.39786232678781613,Price,0.7633606886606925,$25K to $49K,57-65,No kids < 18,Male
101190,2025,-0.3009365933651071,0.1590691062638413,-1.450833895861991,0.38071553550347126,0.042692711542060446,Selection,0.22164642923962996,$100K to $124K,57-65,No kids < 18,Female
200243,2021,0.24800173704197337,-0.2877734001538725,-0.05483466199280468,-0.7293658959030604,0.5055431810201807,Convenience,0.25754144397820733,$50K to $74K,37-56,No kids < 18,Female
101147,2025,-0.2936944169394662,0.617108119769012,-0.23025824560525937,0.01680872523936674,-1.301267834595813,Quality,0.6002993945296453,$25K to $49K,66+,No kids < 18,Female
200735,2021,-0.12290162687206742,-0.49702824358357917,0.6430356426996092,0.014847679818206783,0.9535300297328052,Convenience,0.310494387033196,$25K to $49K,25-36,Have kids < 18,Male
200007,2021,0.06372765393959952,-0.7036247826530775,-0.051269256719758384,0.00871901762382058,0.9609618401155531,Convenience,0.8972341861759535,$75K to $99K,37-56,Have kids < 18,Male
100377,2025,-0.1184404546328855,0.6178440040520409,-0.5813216015215842,0.7547562102617894,0.050124521924808346,Selection,0.13691220620974853,$25K to $49K,57-65,Have kids < 18,Female
200493,2021,-1.010233837850531,-0.9331248944249577,0.11924218213670987,0.19905256254568832,0.9535300297328052,Convenience,0.7544774671871168,$75K to $99K,57-65,No kids < 18,Female
100264,2025,-0.8341935772031129,-0.03788540365386514,0.4424536290865844,-0.3520107014750959,0.057556332307556246,Digital,0.3848972967790282,$25K to $49K,37-56,No kids < 18,Male
100616,2025,-0.4786138566899848,0.1802755846446046,0.6383541944838164,-0.36255920740283315,-1.7566864936911855,Digital,0.4580786098392118,$50K to $74K,37-56,Have kids < 18,Male
100858,2025,-1.0095702219809526,0.17063355549281273,-0.5723971662609424,-1.2368656667883795,-0.8458491755004406,Quality,0.7430307217537551,$75K to $99K,57-65,No kids < 18,Female
100504,2025,-0.12601066121826301,0.6070981484757058,-0.06464444365599936,1.1215628987620168,0.5055431810201807,Selection,0.514464750286311,$100K to $124K,66+,Have kids < 18,Female
100058,2025,0.5897424613519644,-0.4856891201101686,0.6249935153963536,0.20374463903408055,0.5055431810201807,Digital,0.03525105404438922,Under $25K,57-65,Have kids < 18,Male
100047,2025,0.12195220589842898,0.1700402875957374,0.8184592263120639,1.1215628987620168,0.057556332307556246,Selection,0.30310367244995284,$50K to $74K,18-24,No kids < 18,Male
200612,2021,0.4188269888133069,0.1700402875957374,0.8236020676082438,0.7599460396412128,0.9609618401155531,Convenience,0.13735977250730924,$50K to $74K,37-56,Have kids < 18,Male
200421,2021,-0.1177768387633071,0.16907907755714763,0.6263402548792937,-0.17142398983673401,0.5055431810201807,Digital,0.12079707385911298,$25K to $49K,66+,No kids < 18,Female
100267,2025,-0.8299702143563435,-0.9331248944249577,-0.2416454632915878,0.5667957279407297,0.057556332307556246,Selection,0.5092393956331736,$125K to $149K,25-36,Have kids < 18,Female
101583,2025,0.06517001259990998,-0.06019570845917173,-1.11137394632341,0.19632153147845605,0.5129749914029287,Convenience,0.31665345992447264,$150K plus,57-65,Have kids < 18,Female
200833,2021,-0.648465721653437,-1.5994575413212455,1.1679596540540331,0.9403953227751163,0.057556332307556246,Digital,0.22756433127891684,Under $25K,37-56,Have kids < 18,Male
101128,2025,0.23976791458701743,-1.5990895991797311,-0.7587331543839515,-0.16430715795445833,0.057556332307556246,Price,0.1822115822794612,$25K to $49K,37-56,No kids < 18,Male
100233,2025,0.060045224491149615,1.0549018649320092,0.6345726005193546,0.3795018456795918,-1.7566864936911855,Quality,0.4203292644126546,$50K to $74K,25-36,Have kids < 18,Female
201165,2021,-0.11889116726388094,0.9683456323332054,-0.75161685168663706,0.013857154210168653,-0.8532809858831885,Quality,0.9544884781230367,$150K plus,66+,No kids < 18,Female
200752,2021,-0.4835878762725223,-0.2661989796315947,0.7968516937357619,0.568948250579572,-0.39786232678781613,Digital,0.22790344315618993,$25K to $49K,37-56,No kids < 18,Female
201118,2021,0.6052184602325613,0.8259950210572042,0.11835683573415699,0.3927813826745613,-0.39956806809418943,Quality,0.22077656082464292,$75K to $99K,18-24,No kids < 18,Female
101846,2025,0.5904060772215429,-0.7870453009837319,-1.1160553945392029,-0.35736937802340973,-0.3904305164050682,Price,0.9477754552449527,Under $25K,66+,No kids < 18,Female
101870,2025,-0.11520873781543105,0.38856921803572153,-0.2387212877855139,1.3010169989570657,0.9609618401155531,Selection,0.3400551588415126,$125K to $149K,57-65,No kids < 18,Other or not stated
101166,2025,-0.29728662562059194,0.8250338110186146,0.2948964622893582,-0.35742107081648505,-0.39786232678781613,Quality,0.5301373487292564,$75K to $99K,37-56,No kids < 18,Male
200337,2021,-0.3012970852287784,0.17159476553140246,-0.2146643928789122,0.013719725705710317,0.057556332307556246,Quality,0.11403843322384621,$50K to $74K,25-36,Have kids < 18,Female
200481,2021,0.052565238673096204,0.15810789622525157,-0.5897846437018388,0.5674623280006514,0.5055431810201807,Selection,0.06191914698047074,$100K to $124K,37-56,Have kids < 18,Male
200271,2021,-0.014439303826804861,0.6190305398461915,-0.05572000839535758,0.010015818905207552,0.5055431810201807,Quality,0.1134873588260108,$125K to $149K,25-36,Have kids < 18,Male
200705,2021,-0.3051924179158113,1.0554951328290845,1.338701789450695,0.38231861245820703,-0.3904305164050682,Digital,0.2832066566216105,$125K to $149K,18-24,Have kids < 18,Female
100786,2025,0.41771266031273296,-0.9440960757568538,-0.22669284033221307,-0.3580876708764067,0.5129749914029287,Convenience,0.09526233109019572,Under $25K,57-65,Have kids < 18,Male
200943,2021,0.4147840675011856,1.0549018649320092,-0.4023471204848614,0.5651409581929187,0.9535300297328052,Quality,0.10137183519920401,$50K to $74K,66+,No kids < 18,Female
100174,2025,0.23877626855770245,-0.5076314827739609,-0.21156038068625316,0.7543982417953652,1.4089486888281777,Convenience,0.6545504470328125,Under $25K,37-56,No kids < 18,Female
100142,2025,0.418917209580631,-0.26679224752867003,0.4654079011458264,-0.9903929867270018,0.057556332307556246,Digital,0.04649069156519542,$25K to $49K,37-56,No kids < 18,Female
100205,2025,0.23575745497883097,0.8250338110186146,-0.5846563102544369,0.2024478377526936,1.4089486888281777,Convenience,0.5839148778095631,Under $25K,37-56,Have kids < 18,Female
200148,2021,-0.8310845428569174,-0.2677534575672598,-0.7417925621746642,-0.07493030189146728,0.9535300297328052,Convenience,1.0284603316242724,$25K to $49K,37-56,Have kids < 18,Female
101821,2025,0.7719105699244495,0.16944701969866205,0.2714807971497289,-0.5401086123006138,-0.8532809858831885,Price,0.5004297727747207,$75K to $99K,18-24,No kids < 18,Male
101893,2025,0.6057918553348156,-0.9437281336153394,-0.0526159962026985,-0.07134189983944504,-0.39786232678781613,Price,0.6584078515375141,Under $25K,57-65,No kids < 18,Other or not stated
200161,2021,0.4137022007045465,-2.266015513973094,-0.9245631450246269,-0.7279833589102904,-0.40529413717056406,Price,0.8189963378751106,Under $25K,37-56,Have kids < 18,Female
100864,2025,-0.4739580404336536,1.0554951328290845,-0.06219508132569953,0.01407769417213448,0.050124521924808346,Quality,1.0053706109042762,$125K to $149K,37-56,No kids < 18,Female
101062,2025,1.3131884729788283,-0.27835669675764146,0.9941135064647122,-0.07807076496840618,1.4089486888281777,Convenience,0.09576021584934935,$50K to $74K,57-65,Have kids < 18,Male
101675,2025,-1.728792870761047,1.0439306836001132,0.8236020676082438,-0.7270445260953275,0.057556332307556246,Quality,0.22032861599186937,$150K plus,37-56,No kids < 18,Male
101809,2025,-0.02519752260001748,0.5959016413882487,-0.5715118198583895,-0.07448284130843708,-0.8532809858831885,Quality,0.6210991639882663,$75K to $99K,57-65,No kids < 18,Female
100682,2025,-1.193180689213748,0.825401753160129,-0.24006802726845405,-0.7269070975908692,-0.8458491755004406,Quality,1.065469780428583,$75K to $99K,66+,Have kids < 18,Male
101601,2025,-1.187514967706668,-0.2789499646547168,-0.2496471123914551,-0.7252523278430582,-1.2955417655194383,Digital,0.02930285226326168,$25K to $49K,25-36,Have kids < 18,Female
200311,2021,-1.0162714650082738,-0.4850958522130933,-0.9357196661707617,-1.2764844390327328,0.9535300297328052,Convenience,1.4386258819458986,$25K to $49K,57-65,Have kids < 18,Female
100846,2025,-0.11520873781543105,0.37700476880675016,0.616530473216099,0.7534594089804024,0.9609618401155531,Convenience,0.20750243113515066,$50K to $74K,37-56,No kids < 18,Female
101388,2025,0.2315340921320615,0.8375594702861757,-0.41994236255650796,-0.3006636914394196,0.050124521924808346,Quality,0.6060253781541143,$50K to $74K,37-56,Have kids < 18,Male
201124,2021,-0.4717184265882524,-0.737356920301402,-1.985783877571025,-0.5426505220703124,0.050124521924808346,Convenience,0.5218429485130608,$25K to $49K,37-56,No kids < 18,Female
200091,2021,-0.4799956675913965,0.6180693298076018,-1.289016195725971,-1.0967510928316777,0.050124521924808346,Quality,0.5679448078827934,$25K to $49K,66+,No kids < 18,Female
100940,2025,0.6056691728635567,-0.7148212897405345,-0.41081016266511594,-0.16609935620672783,-1.301267834595813,Price,0.7717685290702845,$100K to $124K,25-36,Have kids < 18,Female
200425,2021,-0.6554949948404949,1.2734307953719934,0.28508668062616355,0.5705513275343078,-0.3904305164050682,Quality,0.7028794678376856,$150K plus,37-56,No kids < 18,Female
100790,2025,0.06505488567875632,0.40013366726469296,-0.234925185972274,-0.31660449208853364,0.5146807327093019,Convenience,0.11454706544460896,$50K to $74K,25-36,No kids < 18,Other or not stated
200473,2021,0.056698380752541556,-0.06019570845917173,-0.5860030497373769,-0.5409957523225012,0.5055431810201807,Convenience,0.4488448002676391,$75K to $99K,66+,Have kids < 18,Male
101592,2025,1.3131884729788283,-1.600644077115396,-0.78280346938594,-1.0950963230838666,-0.39786232678781613,Price,1.7110507997666444,Under $25K,57-65,No kids < 18,Female
200566,2021,0.24245869800615233,1.0439306836001132,-0.5911168753360008,-0.1688303872739601,0.4981113706374328,Quality,0.5458193129626804,$75K to $99K,25-36,Have kids < 18,Male
101163,2025,-0.6674112467439007,-0.27643427668046194,-0.2449656641756623,0.5746648955943101,0.057556332307556246,Selection,0.5171085632867538,$75K to $99K,66+,No kids < 18,Male
201075,2021,0.4230503516600763,0.596494909285324,-0.6040451770406327,-0.5372918455219986,-0.39786232678781613,Quality,0.1734445576252477,$50K to $74K,37-56,No kids < 18,Female
200038,2021,0.42350106429107176,-0.05945982417614286,-0.22534610084927292,0.934984953433727,-0.39786232678781613,Selection,0.5114838891426552,$25K to $49K,25-36,Have kids < 18,Female
100269,2025,0.7733529285847599,-0.7036247826530775,-0.7748018202860727,-0.3519590086820205,-1.2955417655194383,Price,1.1253119372667804,Under $25K,66+,Have kids < 18,Female
100904,2025,0.5969846377776054,0.8369662023891004,0.992766766981772,0.9414715840945374,0.050124521924808346,Digital,0.05129518288723467,$100K to $124K,25-36,Have kids < 18,Male
200196,2021,-1.5436059486096905,0.17026561335129828,-1.1095803216088609,0.018242955025212025,-0.39786232678781613,Quality,0.15202265832608625,$25K to $49K,37-56,Have kids < 18,Female
101338,2025,-0.29013466996227516,0.18256594686329852,0.2837254332944453,-0.719123665648672,-0.39786232678781613,Digital,0.10115948643114675,$100K to $124K,37-56,No kids < 18,Other or not stated
100512,2025,-0.12079565234217858,0.09153497109332186,-0.7518475482268306,-0.7229309580353254,-0.39786232678781613,Quality,0.21233062343550044,$75K to $99K,66+,Have kids < 18,Male
200813,2021,-0.653017114659943,0.37700476880675016,-1.0917543829970207,-0.16667786463511783,0.5055431810201807,Convenience,0.12853841221343054,$75K to $99K,57-65,No kids < 18,Female
101781,2025,1.1335884653542194,-0.289695820231052,0.6249935153963536,0.3850496435254393,0.050124521924808346,Price,0.5085949499578658,$75K to $99K,37-56,Have kids < 18,Male
201015,2021,-0.2927027709101512,0.16003031630243103,1.1646249453211803,0.011756324364401716,-0.3904305164050682,Digital,1.0045946290187493,Under $25K,37-56,Have kids < 18,Female
100101,2025,-0.11475802518443562,1.2734307953719934,0.46049575638984,0.384912215020981,1.4089486888281777,Convenience,0.13551789345618426,$25K to $49K,37-56,Have kids < 18,Female
100013,2025,0.4193679222116264,-0.0488565849857612,1.1632782058382403,0.02329535590017705,-1.301267834595813,Digital,0.7439102836266138,$50K to $74K,18-24,Have kids < 18,Female
100645,2025,0.5979762838069204,-0.49533114926196053,0.6227748496062473,0.38902578308098323,0.057556332307556246,Digital,0.024798565799326933,$50K to $74K,25-36,Have kids < 18,Female
200832,2021,0.772451503322769,-0.47412467088119725,-0.41191169775908426,-0.3580876708764067,-0.39786232678781613,Price,1.1305391741991757,$125K to $149K,37-56,Have kids < 18,Female
100779,2025,-0.6602592910855839,0.6065048805786304,1.338701789450695,0.7517189035212083,-0.8532809858831885,Digital,0.5869828859294867,$50K to $74K,25-36,Have kids < 18,Male
200459,2021,0.9586625332073753,0.38856921803572153,-2.15986072170054,-0.5453815531375447,-0.3904305164050682,Price,0.5700933151716537,$50K to $74K,66+,No kids < 18,Male
200330,2021,-0.47131113250544515,1.2734307953719934,0.4408761930634507,-0.5440847518561578,0.5055431810201807,Quality,0.7678876143518127,$75K to $99K,25-36,Have kids < 18,Male
200312,2021,0.23674910100814595,-1.1632182740939134,-1.2854507904529247,-1.6410554934366104,0.5055431810201807,Convenience,0.26879408001203475,$25K to $49K,25-36,Have kids < 18,Female
201168,2021,-0.11062488310499027,0.5955336992467343,-0.0777889340520467,0.19377962170875745,0.5055431810201807,Quality,0.08999051822655357,$150K plus,57-65,Have kids < 18,Male
101871,2025,0.6009950973857918,-0.9340861044635475,0.292202983323478,-1.2738908364699588,-0.8458491755004406,Price,0.3087921140623138,Under $25K,25-36,No kids < 18,Male
200552,2021,0.23931720195602202,0.15870116412232688,-1.4606436775251856,0.009385617683742253,-0.3904305164050682,Price,0.08061603783369514,$25K to $49K,37-56,Have kids < 18,Male
200247,2021,0.06372765393959952,-0.9446893436539292,0.6348032970595482,0.01412938696520979,0.9609618401155531,Convenience,0.3261585430560049,$25K to $49K,37-56,Have kids < 18,Male
101967,2025,0.2408822430875913,0.8360049923505106,1.1548151636579858,0.9360612147531482,-1.7566864936911855,Digital,0.21875394890483757,$25K to $49K,25-36,Have kids < 18,Male
100033,2025,1.3131884729788283,0.6186625977046771,0.4722935073029473,-1.0967510928316777,0.057556332307556246,Price,0.6945258752741512,Under $25K,25-36,Have kids < 18,Female
100021,2025,0.41837627618231144,0.15870116412232688,-0.4105794661249223,-0.17294395533396237,-0.8458491755004406,Price,0.25967511205998456,$50K to $74K,66+,No kids < 18,Male
100750,2025,1.1382625408319842,-0.04693416490858171,1.1681903505942268,-0.16775412595453898,-0.40529413717056406,Digital,0.02992780976224263,Under $25K,18-24,Have kids < 18,Female
101158,2025,0.9519612901800538,0.38856921803572153,0.9892013617087257,0.38196064399178287,-1.2955417655194383,Digital,0.037240071528671925,$50K to $74K,18-24,Have kids < 18,Female
100984,2025,-0.4882619517502872,1.0545339227904948,-0.23295172457113966,-0.09214226484518286,-0.8458491755004406,Quality,1.1466761876356777,$75K to $99K,66+,Have kids < 18,Male
100118,2025,-0.12604312292219777,-1.1632182740939134,0.9793915800455311,-2.016224122307425,0.9535300297328052,Digital,0.025861550312725856,Under $25K,25-36,No kids < 18,Female
201088,2021,0.9515105775490584,-1.8291829788486866,0.8135615894048556,-0.3519590086820205,0.5055431810201807,Price,0.13794898814420287,Under $25K,37-56,Have kids < 18,Male
201143,2021,-0.8427878915217403,0.6080593585142955,-0.9343729266878216,-0.5331265846689209,-0.8532809858831885,Quality,1.1411859431832165,$75K to $99K,57-65,Have kids < 18,Female
200325,2021,0.9555210371572449,-0.06019570845917173,0.4422229325463908,0.20482090035350167,-0.8384173651176927,Price,0.5132981046108541,$75K to $99K,25-36,Have kids < 18,Female
201107,2021,0.5969846377776054,0.617108119769012,-0.8724730570728283,0.9333301836859159,0.057556332307556246,Selection,0.3162220639169039,$50K to $74K,66+,Have kids < 18,Other or not stated
100564,2025,-0.4851204557001568,0.17063355549281273,-1.1147086550562626,0.3754740133309726,-0.8458491755004406,Selection,0.20484045783815985,$75K to $99K,66+,No kids < 18,Male
200668,2021,-0.12248337594500673,0.9770234683964514,-0.05774432965010036,0.9373580160345352,-0.8458491755004406,Quality,0.03966545236191621,$125K to $149K,25-36,No kids < 18,Female
100491,2025,0.23530674234783552,-1.1635862162354278,0.4591490169068999,-1.280598007092735,0.057556332307556246,Digital,0.22384227455906439,$25K to $49K,57-65,Have kids < 18,Male
101847,2025,0.2388989510289613,-0.03633092571820004,-1.4510645924021848,0.006208526518554192,0.057556332307556246,Price,0.18134261872140506,Under $25K,66+,No kids < 18,Male
101097,2025,0.6041365934359222,-0.05982776631765728,-0.21821529030318035,0.5654989266593428,-0.8532809858831885,Price,0.03863766677657943,$75K to $99K,37-56,No kids < 18,Male
200096,2021,-1.0130397481908195,-0.5072635406324464,0.12614229614260888,0.015153955491555604,-0.3904305164050682,Digital,0.11098834065105329,$100K to $124K,57-65,No kids < 18,Female
101843,2025,0.7765846454022144,0.3872400658556174,-1.280538645696938,-0.7283413273767145,0.9535300297328052,Convenience,0.17694538433059082,$25K to $49K,37-56,No kids < 18,Female
101165,2025,0.6021094258863657,0.8144305718282329,0.29823117102221086,0.19560323862545909,1.4089486888281777,Convenience,0.5945181169999448,$150K plus,37-56,Have kids < 18,Female
200302,2021,0.05826342188411084,0.6074660906172201,0.119689067368319,0.7506426422017871,-0.8458491755004406,Selection,0.143176551584567,$150K plus,37-56,Have kids < 18,Female
101565,2025,-0.1194321006622005,-0.4847279100715789,0.6423944129326367,-0.9138430113855831,0.050124521924808346,Digital,0.5922698910078283,Under $25K,37-56,Have kids < 18,Female
101813,2025,0.7765846454022144,-0.508450076426597,-1.631155116381654,0.3927813826745613,0.9535300297328052,Convenience,0.17694538433059082,$25K to $49K,57-65,No kids < 18,Female
101962,2025,-1.0167221776392692,-0.060421034214732605,-0.21109898760586587,0.38772898179959625,0.9535300297328052,Convenience,0.565801047933209,$25K to $49K,57-65,No kids < 18,Female
100610,2025,0.4188269888133069,0.15810789622525157,-0.23849059124532027,-0.5460481531974664,0.9535300297328052,Convenience,0.5347030409194984,$50K to $74K,57-65,No kids < 18,Female
200245,2021,0.06753276585930824,-0.7267536811110203,-1.6313858129218477,0.5634861884451074,1.4089486888281777,Convenience,0.8454625003830702,$75K to $99K,25-36,Have kids < 18,Female
101385,2025,-0.658063095788371,1.2734307953719934,0.46851191333848546,-1.0984058625794888,-0.39786232678781613,Quality,0.804918882033508,$125K to $149K,37-56,Have kids < 18,Male
200187,2021,-0.472425461006019,-0.26523776959300505,-0.9305913327233598,0.19234539192291214,0.9609618401155531,Convenience,0.768616448192641,$100K to $124K,57-65,Have kids < 18,Female
100998,2025,-0.11409440931485722,0.836598260247586,0.450916671266839,1.3072020112753435,-0.39786232678781613,Selection,0.47060375102775753,$150K plus,37-56,Have kids < 18,Female
100577,2025,-0.8335624230374693,-0.49666030144206474,0.10452025571752879,0.01680872523936674,0.050124521924808346,Digital,0.054395733792720447,$75K to $99K,57-65,No kids < 18,Male
200434,2021,0.23530674234783552,-0.7257924710724306,0.29197228678328435,1.125676466822019,-1.7566864936911855,Selection,0.8337041800387346,$50K to $74K,37-56,Have kids < 18,Male
101785,2025,0.0484645582975856,-0.9331248944249577,0.8269367763410966,0.38742270612624746,-0.39786232678781613,Digital,0.4395140702148492,$50K to $74K,37-56,No kids < 18,Male
200472,2021,0.22806456592219457,0.1480979249319452,0.9972175186573712,0.19596120709188328,1.4089486888281777,Convenience,0.4117311701708065,$50K to $74K,25-36,Have kids < 18,Female
101707,2025,-1.543155235978695,0.38953042807431126,0.11456073392091708,0.19292390035130214,0.5129749914029287,Convenience,0.12344456332861742,$150K plus,57-65,Have kids < 18,Male
100756,2025,0.4137022007045465,0.1590691062638413,0.4544820765398853,-0.17669955492754041,0.5055431810201807,Convenience,0.05106110448029538,$25K to $49K,37-56,Have kids < 18,Female
101894,2025,-1.1844059333604724,-0.0488565849857612,0.2948964622893582,0.01896124787820902,0.057556332307556246,Digital,0.23734012998180193,$150K plus,37-56,No kids < 18,Female
101722,2025,0.6449151192076201,0.17100149763432712,0.6466010479726555,-0.16775412595453898,0.5055431810201807,Digital,0.0016859287650353716,$25K to $49K,66+,No kids < 18,Female
100640,2025,-0.6478923265511827,0.38953042807431126,0.4676265669359327,0.017166693705790926,-0.3904305164050682,Digital,0.07809613886162142,$75K to $99K,25-36,Have kids < 18,Male
100044,2025,0.7719105699244495,0.08726057595747612,0.6392540487351474,-0.731907805672759,-0.39786232678781613,Price,0.13265652118930216,$50K to $74K,25-36,Have kids < 18,Female
100008,2025,0.07100229206917517,0.17968231674752927,-0.7616573298900253,0.38339487377762815,0.5055431810201807,Convenience,0.12214830724255255,$50K to $74K,57-65,No kids < 18,Male
200495,2021,0.6061198854945522,-0.9443214015124147,1.1681903505942268,-0.35742107081648505,0.9535300297328052,Digital,0.21466032086142162,Under $25K,37-56,No kids < 18,Male
100472,2025,0.4204151096768589,0.15943704840535572,0.10987928570512429,-0.9067778722963827,-0.3904305164050682,Price,0.2609780612715032,$50K to $74K,57-65,No kids < 18,Female
100422,2025,0.9555210371572449,-0.7142280218434591,0.4558288160228254,0.3839733822060182,-0.39786232678781613,Price,0.4996922211344195,$75K to $99K,37-56,Have kids < 18,Female
101899,2025,0.41524802668582655,0.1475046570348699,0.04223307943514071,0.38772898179959625,-0.39786232678781613,Price,0.027519044886230304,$50K to $74K,25-36,Have kids < 18,Male
101773,2025,-0.29282545338141003,0.5849304600563526,-0.40100038100192126,-1.2357262223174514,-0.8532809858831885,Quality,0.8777559134377626,$75K to $99K,37-56,No kids < 18,Male
201045,2021,-0.03556855254309792,0.38953042807431126,0.8137922859450493,0.3850496435254393,-0.3904305164050682,Digital,0.424261857870738,Under $25K,37-56,Have kids < 18,Male
200975,2021,0.7801443923794054,0.39917245722610323,0.12635848483402434,-0.3543320712828286,-0.39615658548144284,Price,0.38097193515330213,Under $25K,18-24,Have kids < 18,Female
100906,2025,-1.194666923364985,-0.5088180185681115,0.13127062959001076,0.19761833275984297,1.4089486888281777,Convenience,1.2113303560683346,Under $25K,25-36,No kids < 18,Female
101194,2025,-0.11831777216162664,0.671905714011645,-0.4072447573920696,0.38629475201375096,0.4981113706374328,Quality,0.17379434337421218,$100K to $124K,66+,No kids < 18,Male
200681,2021,0.24791151627464927,0.17100149763432712,-0.42372395652096967,-0.16090952682730447,-0.3904305164050682,Price,0.07691001864032215,$150K plus,18-24,Have kids < 18,Female
200538,2021,-0.12948018742813,-0.03766007789830424,-0.234925185972274,0.009964126112132243,0.057556332307556246,Convenience,0.047592206195424,$25K to $49K,37-56,No kids < 18,Male
100465,2025,-1.1927624382866873,0.3989471314705423,-0.8261881271910112,0.20266837771465945,0.050124521924808346,Quality,0.19627875375588283,$50K to $74K,57-65,No kids < 18,Female
201186,2021,1.0822292941830045,-0.2758410087833867,-0.7701203720702798,-0.3494170989123219,1.4089486888281777,Convenience,0.3267193946451732,$75K to $99K,37-56,Have kids < 18,Female
101546,2025,0.053015951304091646,0.617108119769012,0.3017965762952572,0.570330787572342,-0.8532809858831885,Quality,0.04677733219667002,$50K to $74K,25-36,Have kids < 18,Male
101145,2025,0.5978536013356616,-1.5996828670768064,-0.5750627172826577,-1.277918668818578,0.9609618401155531,Convenience,0.3631082387798915,$125K to $149K,66+,No kids < 18,Female
200385,2021,1.134129398752539,0.3872400658556174,0.62990566015234,0.3812423511387859,0.9535300297328052,Price,0.18059936901973372,$75K to $99K,25-36,Have kids < 18,Male
101948,2025,0.06070884036072803,-0.7051792605887426,-1.1209530314464111,0.199000869752613,-0.39786232678781613,Selection,0.13829202939188495,$150K plus,25-36,Have kids < 18,Male
201130,2021,0.41068338712567504,-0.4747179387782726,-0.07913567353498682,0.19126913060349102,-1.7492546833084375,Price,0.21941425652218402,Under $25K,66+,No kids < 18,Male
101442,2025,-0.6474740756241218,0.6177013876660874,-0.5946967884578251,-0.34892170194143945,-1.293836024213065,Quality,0.9666230896075269,$50K to $74K,66+,No kids < 18,Other or not stated
100066,2025,-0.263165912299549,-0.05886655627906753,0.12303828394994981,0.571627588853729,-0.39786232678781613,Selection,0.4485893049037792,$100K to $124K,25-36,Have kids < 18,Female
101548,2025,0.06538291583849291,-1.1410505856745603,0.11613816994405084,-0.9129041785706202,-0.8532809858831885,Digital,0.05075525410555792,Under $25K,37-56,Have kids < 18,Female
100433,2025,0.06439126980917792,-0.49725356933914006,0.4506859747266454,-0.9116904887467409,-1.3086996449785608,Digital,0.3862947049174675,Under $25K,25-36,No kids < 18,Male
101603,2025,-1.5426143025803754,0.6174760619105265,0.9974482151975649,0.19422070163268912,-0.8458491755004406,Digital,0.37997215328703837,$75K to $99K,66+,Have kids < 18,Male
100049,2025,-0.2850098818535148,-0.26679224752867003,-0.40211642394466773,0.9377159845009593,-0.3904305164050682,Selection,1.2045082320296294,$50K to $74K,25-36,Have kids < 18,Male
200630,2021,0.7733529285847599,1.283023617425625,0.9878546222257857,0.37985981414601594,0.5129749914029287,Quality,0.2951689951998394,$25K to $49K,25-36,Have kids < 18,Female
101253,2025,0.7723612825554449,-0.954331372805721,0.43754148433059803,0.8510278404472391,-0.39786232678781613,Selection,0.07866655789179422,$125K to $149K,57-65,Have kids < 18,Female
101354,2025,-0.1187684847926221,-0.26871466760584956,-0.22690902902362856,-0.5386743825147685,0.9535300297328052,Convenience,1.0722985145254273,$25K to $49K,37-56,No kids < 18,Female
101321,2025,0.2464691576143388,-0.04730210705009612,0.2647589434969151,0.5678202964670755,0.050124521924808346,Selection,0.30306135297016046,$50K to $74K,37-56,No kids < 18,Other or not stated
200540,2021,-0.11889116726388094,-0.2561890083382884,-0.7598491973266979,-0.1783543246753516,-0.8458491755004406,Price,0.05946315741147065,$75K to $99K,66+,No kids < 18,Female
101298,2025,1.1305696517753479,0.6722061483523929,0.6294442670719528,0.383615413739594,0.9609618401155531,Price,0.16960781165979477,Under $25K,57-65,No kids < 18,Male
200041,2021,-0.4677513855282541,-0.4959244171590359,-0.07644219456910659,0.38231861245820703,0.9609618401155531,Convenience,0.5786432276573461,$50K to $74K,66+,Have kids < 18,Male
200908,2021,-0.6591774242889448,0.1700402875957374,-0.2529818211243078,-0.16543275614680625,-0.39956806809418943,Quality,0.3354730437425436,$75K to $99K,37-56,Have kids < 18,Female
100130,2025,0.2399808178256004,-0.03825334579537956,-0.23114359200781226,-0.5443052918181235,-0.8532809858831885,Price,0.27823416362097997,$50K to $74K,66+,No kids < 18,Female
101764,2025,-0.1177768387633071,-0.48532117796865426,0.9840730282613239,0.19725800837327023,-2.20467334240381,Digital,0.7868150198880537,$50K to $74K,18-24,Have kids < 18,Male
101544,2025,0.9559717497882404,-0.27835669675764146,-0.9270259274503135,0.3860742120517851,0.057556332307556246,Price,0.5698975377364552,$75K to $99K,66+,No kids < 18,Female
200298,2021,-0.2949314279112989,0.3882012758942071,0.6559639444042411,0.7535111017734777,0.9535300297328052,Convenience,0.20001892795932752,$75K to $99K,25-36,Have kids < 18,Male
101432,2025,-0.11768661799598298,0.1596623741609166,0.10609769174066254,-0.3516527330086717,-0.3904305164050682,Quality,0.05356468242025407,$150K plus,25-36,Have kids < 18,Male
200372,2021,0.418917209580631,1.0439306836001132,0.8135615894048556,0.19775576126430133,0.5129749914029287,Quality,0.23036909419525764,$75K to $99K,37-56,Have kids < 18,Male
101207,2025,-0.290257352433534,-1.8176185296197152,-0.04122877851637006,0.7524348404540566,0.057556332307556246,Selection,0.6948785081465003,$50K to $74K,66+,No kids < 18,Male
100238,2025,-0.8243044928492635,-0.48532117796865426,0.30804095268540554,0.19905256254568832,0.4981113706374328,Convenience,0.19007041795202728,Under $25K,37-56,No kids < 18,Female
200977,2021,0.41424313410286606,-0.058498614137553126,0.25230811905494865,0.5638441569115317,0.5055431810201807,Selection,0.05830097589135097,$75K to $99K,25-36,Have kids < 18,Male
200527,2021,-1.1923117256556917,-0.2773954867190517,-0.7469354034708442,0.38196064399178287,0.050124521924808346,Selection,0.33183612206697455,$50K to $74K,25-36,Have kids < 18,Female
200743,2021,0.7723612825554449,0.6074660906172201,-0.41549161088090875,0.20352409907211472,-0.39786232678781613,Price,0.16489519193822477,$100K to $124K,57-65,No kids < 18,Female
101911,2025,-1.0048961465031876,-1.3921251179687182,0.8236020676082438,-1.0883034167497074,0.057556332307556246,Digital,0.7660457353006875,$75K to $99K,25-36,Have kids < 18,Female
100523,2025,-0.6540526361801844,-0.2546345304026234,0.649063830398342,0.012474617217398653,0.057556332307556246,Digital,0.5915074980907857,$25K to $49K,25-36,Have kids < 18,Female
100055,2025,-0.128488541398815,0.40181210732797656,0.10096935829326063,0.20352409907211472,-1.301267834595813,Quality,0.19828800825586185,$25K to $49K,57-65,Have kids < 18,Female
200751,2021,-0.9358776535765039,1.0554951328290845,0.0393574178473364,-0.16842072601446056,0.9609618401155531,Quality,0.09453329271353139,$50K to $74K,25-36,No kids < 18,Male
200338,2021,-0.30138730599610253,-0.4965176850561112,0.10920170393332158,0.5657194666213087,0.050124521924808346,Selection,0.4565177626879871,$75K to $99K,37-56,No kids < 18,Female
200921,2021,-0.48202283514095307,-1.162625006196838,-0.3960882362459348,-0.17424075661534932,0.9535300297328052,Convenience,1.1277707863481545,$125K to $149K,37-56,Have kids < 18,Female
100383,2025,-0.4846697430691614,-1.656886627607823,-0.7598491973266979,-1.0984058625794888,0.06498814269030417,Convenience,0.5496578857594656,$25K to $49K,37-56,No kids < 18,Female
200484,2021,0.4137022007045465,-0.7142280218434591,-1.0912929899166335,0.9400373543086921,-0.8458491755004406,Selection,0.5263351536041456,$150K plus,66+,No kids < 18,Male
100158,2025,0.4213950897611829,0.37759803670382547,0.4578305445008216,0.20727969866569276,-0.8458491755004406,Digital,0.03643545473963872,$125K to $149K,25-36,Have kids < 18,Female
200968,2021,0.23931720195602202,0.40072693516176827,0.26679934893393614,0.7547562102617894,-0.39786232678781613,Selection,0.35402927510002113,$25K to $49K,18-24,Have kids < 18,Female
200433,2021,-1.012589035559824,-0.036924193615275394,0.09139027317025962,0.15891420356990688,-1.301267834595813,Selection,0.06752393039964726,$25K to $49K,25-36,Have kids < 18,Female
201060,2021,-1.1916481097861134,-0.2887346101924622,0.10475095225772242,0.3846399822659398,0.5055431810201807,Convenience,0.12090319875424088,$75K to $99K,37-56,No kids < 18,Female
100836,2025,0.05504311885364813,-1.5990895991797311,0.4818871002747265,0.37856301286462896,-0.8458491755004406,Digital,0.10332408741009752,$125K to $149K,37-56,No kids < 18,Female
201070,2021,-0.30552044807554785,0.8375594702861757,0.11434454522950163,0.9403953227751163,-0.8458491755004406,Selection,0.10283585248894056,$125K to $149K,37-56,Have kids < 18,Male
100464,2025,-0.2953496788383596,-0.05886655627906753,-0.19099205151309617,-0.541338241077007,-1.7566864936911855,Quality,0.13212549523402864,$125K to $149K,18-24,Have kids < 18,Male
200003,2021,0.7713696365261299,-0.7032568405115631,-0.23182117377961495,0.9387405530273051,0.050124521924808346,Selection,0.1673709165011752,$75K to $99K,18-24,Have kids < 18,Male
200869,2021,0.7764619629309555,-0.7157824997791242,0.6744222460096952,-0.3542803784897533,0.5129749914029287,Price,0.10203971692126024,$25K to $49K,25-36,Have kids < 18,Male
101459,2025,-0.2984911748884899,-0.27680221882197636,0.10943240047351521,0.009025293297169478,0.5129749914029287,Convenience,0.40354259092941347,$50K to $74K,37-56,Have kids < 18,Female
200526,2021,-1.011597389530509,-0.9439534593709004,-1.6385021156191621,0.3782050443982048,0.9535300297328052,Convenience,0.5753249853346004,$100K to $124K,66+,No kids < 18,Female
101497,2025,-0.10697491536047513,0.38893716017723595,-0.06622187967913311,-1.0964448171583288,0.5055431810201807,Convenience,0.11660602084294475,$50K to $74K,37-56,Have kids < 18,Female
101230,2025,-0.4697346775868841,0.16003031630243103,-0.9172161457871189,-1.2847115751527374,-0.3904305164050682,Quality,0.5504608327074992,$75K to $99K,37-56,No kids < 18,Female
200131,2021,-0.47018539021787953,-0.05945982417614286,-0.5958128314005716,0.19833426969269136,0.050124521924808346,Selection,0.148209747767883,$75K to $99K,37-56,Have kids < 18,Male
201196,2021,0.5942938543584705,0.1590691062638413,0.4725242038431409,0.7531531333070536,0.057556332307556246,Selection,0.1588592789485831,$125K to $149K,37-56,No kids < 18,Other or not stated
100596,2025,0.6004541639874723,-0.49666030144206474,-0.0425755179993102,-0.16739615748811482,1.4089486888281777,Convenience,0.8084945248407054,$25K to $49K,66+,No kids < 18,Female
101086,2025,0.23455290571093299,0.38856921803572153,-0.4078085488802013,0.19775576126430133,0.050124521924808346,Quality,0.15401631232478855,$25K to $49K,37-56,Have kids < 18,Male
101741,2025,0.6000034513564769,0.39329847484578856,0.812431038613331,0.7504221022398213,0.050124521924808346,Digital,0.06200893637350968,$50K to $74K,25-36,Have kids < 18,Male
101328,2025,-0.11310276328554222,-0.7267536811110203,0.10966309701370885,-0.9109431331494603,1.4089486888281777,Convenience,1.2992855918144688,Under $25K,25-36,Have kids < 18,Other or not stated
101293,2025,0.2408822430875913,-0.4837667000329892,-0.2220113921164203,0.19941053101211248,0.5055431810201807,Convenience,0.2646609379325894,$25K to $49K,57-65,Have kids < 18,Female
101889,2025,0.4260691652389478,0.6180693298076018,-0.22534610084927292,0.7547562102617894,-1.7566864936911855,Selection,0.13668688045418764,$75K to $99K,25-36,No kids < 18,Male
200947,2021,0.19003127327724745,-0.04789537494717146,-0.40859149687500973,0.01131262018659449,-0.39956806809418943,Price,0.17871865309065296,$75K to $99K,57-65,Have kids < 18,Male
100368,2025,0.23629838837715053,0.17159476553140246,-1.2816546886396847,-0.9030222727028048,-0.39786232678781613,Price,0.06470362284574807,$150K plus,66+,No kids < 18,Female
200730,2021,0.7807177874816597,-1.3936795959043833,-0.40568182921771406,-0.16126749529372864,-0.8607127962659364,Price,0.9419852827753883,$50K to $74K,37-56,Have kids < 18,Male
101171,2025,0.06070884036072803,0.37700476880675016,-1.1245184367194574,0.936281754715114,0.4981113706374328,Selection,0.43817038407768116,$50K to $74K,37-56,Have kids < 18,Male
101226,2025,1.1335884653542194,0.8250338110186146,-0.04614092327235647,-0.166371588961769,0.5055431810201807,Price,0.3085546543356048,$150K plus,37-56,Have kids < 18,Female
100098,2025,0.06070884036072803,1.2734307953719934,0.29979409919656647,0.5688965577864967,-0.3904305164050682,Quality,0.7045342375854967,$25K to $49K,18-24,Have kids < 18,Male
101887,2025,-0.11542164105401401,0.14846586707345963,0.09962261881032056,0.19400016167072326,0.050124521924808346,Selection,0.04553429459726363,Under $25K,37-56,No kids < 18,Male
200843,2021,-0.473417107035334,-0.5078568085295218,1.338701789450695,-0.5410474451155766,-1.293836024213065,Digital,1.8121188964860289,$125K to $149K,25-36,Have kids < 18,Female
101551,2025,0.4265198778699432,1.0545339227904948,0.8053147359160164,-0.913928747096966,-0.39786232678781613,Quality,0.24921918687447842,$25K to $49K,37-56,Have kids < 18,Male
100382,2025,-0.48044638022239194,-0.048488642844246796,-0.2198072341750923,-0.1701271885553471,0.050124521924808346,Convenience,0.09861316476905514,$75K to $99K,66+,No kids < 18,Female
201074,2021,-0.290257352433534,1.2734307953719934,1.1646249453211803,-1.086511218497438,-0.8458491755004406,Quality,0.10880585005081311,$25K to $49K,25-36,Have kids < 18,Female
101934,2025,0.06025812772973259,-0.4965176850561112,0.6559639444042411,-0.16753358599257318,0.5055431810201807,Digital,0.1504207633840604,$25K to $49K,25-36,Have kids < 18,Male
100029,2025,0.41837627618231144,-0.03766007789830424,-0.41081016266511594,-0.17007549576227174,-0.8532809858831885,Price,0.45603635408061566,$75K to $99K,57-65,Have kids < 18,Female
101099,2025,0.060167906962408466,0.17100149763432712,-0.23784936147834781,1.125676466822019,0.057556332307556246,Selection,0.9546749691876918,$50K to $74K,18-24,Have kids < 18,Male
100448,2025,-0.24658537709267758,0.18183006258026968,-0.5844256137142433,-0.5344233859503079,0.050124521924808346,Quality,0.13170554065546133,$75K to $99K,57-65,Have kids < 18,Female
200402,2021,0.41514455936485695,-0.7151892318820489,0.9843037248015175,-0.35093444015567477,0.06498814269030417,Digital,0.5691591654366606,$25K to $49K,18-24,Have kids < 18,Female
100821,2025,0.7765846454022144,0.16967234545422297,0.3020127649866727,0.5660797910078814,0.5055431810201807,Price,0.21050485439433297,$25K to $49K,37-56,No kids < 18,Male
200967,2021,-0.48110999609197036,-0.49629235930055027,-0.21822979815195848,-0.7175205886939362,0.9535300297328052,Convenience,1.1717598278847636,Under $25K,25-36,Have kids < 18,Male
200052,2021,0.06699183246098869,-0.2677534575672598,-0.2543285606072479,0.011040387431553366,-0.40529413717056406,Price,0.055951445029435325,$100K to $124K,18-24,Have kids < 18,Female
101468,2025,0.5928514956981601,0.1596623741609166,0.12302377610117167,0.5715758960606536,0.9609618401155531,Convenience,0.368110344417393,$75K to $99K,37-56,Have kids < 18,Female
200115,2021,-0.6514845352323084,0.38893716017723595,0.10143075137364788,0.748987872453976,0.5055431810201807,Selection,0.24344469143379532,$25K to $49K,57-65,Have kids < 18,Male
200691,2021,-0.4774275666435205,-0.49533114926196053,-1.8139256992316166,0.19976849947853664,-1.293836024213065,Selection,0.6771960661220571,$75K to $99K,57-65,No kids < 18,Female
100722,2025,-0.1177768387633071,0.1802755846446046,-1.2983645843087783,0.015205648284630946,0.057556332307556246,Quality,0.12271925233704836,Under $25K,66+,Have kids < 18,Female
101284,2025,-0.8416735630211665,-1.818579739658305,-0.40323246688741426,-0.3513805002536305,1.4089486888281777,Convenience,1.7603291890818082,$25K to $49K,66+,No kids < 18,Male
200076,2021,-0.11421709178611605,-0.06078897635624704,-0.24853106944870862,0.01556361675105511,-0.39786232678781613,Selection,0.07635259310730215,$25K to $49K,66+,Have kids < 18,Female
200379,2021,0.417925563551316,0.17026561335129828,-0.5764094567655977,0.5732306658084648,0.057556332307556246,Selection,0.15530510225714883,$100K to $124K,66+,Have kids < 18,Female
101241,2025,-0.46807941568799066,0.3882012758942071,0.45203271420958546,0.9441509223686944,-0.8458491755004406,Selection,0.4921182081591089,$150K plus,37-56,Have kids < 18,Female
101268,2025,-1.1916481097861134,-1.1622570640553236,-0.051269256719758384,-0.1684724188075359,0.050124521924808346,Convenience,0.10139377864456672,$25K to $49K,25-36,Have kids < 18,Female
100780,2025,-0.8298799935890194,-0.954331372805721,0.4725242038431409,-0.3526773015350175,-1.7492546833084375,Digital,0.8252015053781584,$75K to $99K,37-56,Have kids < 18,Female
200726,2021,0.5958703092770316,0.38893716017723595,-0.5712811233181959,0.20584546887984748,0.5055431810201807,Price,0.09032712825685085,$75K to $99K,66+,No kids < 18,Female
101024,2025,-0.12178729837149357,-0.05945982417614286,-0.056166893626966655,-1.284353606686313,0.9609618401155531,Convenience,1.0171287337425197,Under $25K,37-56,Have kids < 18,Female
100005,2025,-1.0085785759516375,0.8375594702861757,-0.7567306772852608,-0.5331265846689209,0.057556332307556246,Quality,0.7800031379786194,$150K plus,37-56,Have kids < 18,Male
101700,2025,-0.4789138007947574,0.16967234545422297,0.8086494446488692,0.010015818905207552,1.4089486888281777,Convenience,0.6002992441793085,$25K to $49K,25-36,Have kids < 18,Female
101692,2025,-0.6560359282388144,0.6710233193672778,0.652859932211582,0.3863464448068263,-0.8458491755004406,Quality,0.018163387155695765,$100K to $124K,18-24,No kids < 18,Other or not stated
201103,2021,1.1345801113835343,1.0439306836001132,-1.4595276345824393,0.570909296000732,0.9535300297328052,Price,0.09064942778342111,$50K to $74K,57-65,No kids < 18,Male
100517,2025,-0.8376631034129799,-0.5074888663880073,0.8053147359160164,-0.1782168961708932,-2.20467334240381,Digital,0.9835316320869096,Under $25K,66+,No kids < 18,Female
101902,2025,0.4184989586535703,1.0545339227904948,0.11456073392091708,0.199000869752613,0.9535300297328052,Quality,0.10100389305768964,$25K to $49K,25-36,Have kids < 18,Male
200595,2021,-0.6441196763354087,-0.27858202251320235,-0.2632529958678897,0.7551141787282135,-0.39786232678781613,Selection,1.0183671745961032,$100K to $124K,57-65,No kids < 18,Female
200893,2021,0.25069252046110824,-0.05982776631765728,0.1147914304611107,-0.17589552636316041,-0.3904305164050682,Price,0.13590108999999753,$50K to $74K,25-36,Have kids < 18,Female
100351,2025,0.06182316886130187,-1.3705506974464405,-0.7471515921622597,0.013771418498785626,-0.8532809858831885,Price,0.04805175036251624,$50K to $74K,37-56,No kids < 18,Male
201008,2021,-1.3691421428808335,0.38893716017723595,0.28373994114322343,0.9414715840945374,-0.8607127962659364,Selection,0.5525344239173013,$125K to $149K,37-56,Have kids < 18,Female
200707,2021,-1.0138260465316566,0.596494909285324,-0.24696814127435301,0.934984953433727,0.9535300297328052,Convenience,0.0185450762990782,$150K plus,25-36,Have kids < 18,Male
101243,2025,1.134129398752539,-0.4860570622516831,-0.5730892558815233,0.384912215020981,-1.301267834595813,Price,0.749217183731558,Under $25K,37-56,No kids < 18,Male
100661,2025,0.592761274930836,-0.7038501084086384,-0.5764094567655977,-0.16971752729584755,0.050124521924808346,Price,0.54263675300602765,Under $25K,25-36,Have kids < 18,Female
200905,2021,0.6098023149430021,-0.2762089509249011,-0.7469354034708442,-0.35858306784728916,0.057556332307556246,Price,0.5522459826354458,$75K to $99K,57-65,Have kids < 18,Male
200303,2021,-0.2933663867797296,-0.7271216232525347,0.46049575638984,-1.4583679519524817,0.057556332307556246,Digital,0.4029394240822838,$50K to $74K,37-56,No kids < 18,Male
100900,2025,0.41837627618231144,-1.1512858827234276,0.46897330641887275,-1.4608267502646728,0.4981113706374328,Convenience,0.029138064218560078,$50K to $74K,37-56,Have kids < 18,Female
200886,2021,-0.4737451371950706,0.3989471314705423,-1.0480260157000907,0.20079306800488245,-0.39786232678781613,Quality,0.19815406346565984,$75K to $99K,57-65,No kids < 18,Female
200280,2021,0.2398905970582763,0.6186625977046771,-0.22623144725182584,0.5607551573778753,-1.301267834595813,Quality,0.05790744032680184,$25K to $49K,66+,No kids < 18,Female
100159,2025,0.5898326821192885,-0.04944985288283654,-0.40591252575790765,0.3825391524201729,0.5129749914029287,Price,0.07685769071635984,$150K plus,18-24,Have kids < 18,Female
100384,2025,-0.2968359129895965,0.37759803670382547,0.9905481011916658,0.38629475201375096,0.057556332307556246,Digital,0.6042533491779148,$125K to $149K,25-36,Have kids < 18,Female
200238,2021,-0.47230277853476016,0.17040822973725178,-1.4461524476461982,0.7507800707062455,0.5129749914029287,Selection,0.23780507930331685,$150K plus,37-56,No kids < 18,Male
100141,2025,-0.9182240047015587,0.6070981484757058,0.4624837256397526,-0.1731644952959282,0.9609618401155531,Convenience,0.3538636916398473,$150K plus,37-56,Have kids < 18,Female
100466,2025,0.7770353580332098,0.9911611206502937,-0.41549161088090875,0.5694750662148867,-2.20467334240381,Quality,0.21412576261708394,$50K to $74K,37-56,Have kids < 18,Female
200353,2021,-0.299854726568468,-0.05945982417614286,1.338701789450695,-0.17280652682950404,-0.8458491755004406,Digital,1.3981616136268378,$50K to $74K,25-36,No kids < 18,Female
101782,2025,-0.6642697506937705,0.8259950210572042,0.12793592085715808,-0.910891440356385,-1.301267834595813,Quality,0.6980591002000461,$50K to $74K,25-36,Have kids < 18,Female
100300,2025,-0.30506973544455246,0.6065048805786304,-0.7785834142505345,-0.7217172682114459,-1.301267834595813,Quality,0.9115746160231828,$75K to $99K,37-56,No kids < 18,Male
200016,2021,-1.3702564713814074,0.3773727109482646,-0.2434027360013067,0.5665751879787639,1.4089486888281777,Convenience,0.8423735008494138,$100K to $124K,37-56,No kids < 18,Other or not stated
100398,2025,0.9539884577296104,-0.27798875461612704,-1.4523968240363465,-1.4666467808655614,0.050124521924808346,Price,0.9038639358048021,$75K to $99K,37-56,Have kids < 18,Female
100935,2025,-0.8350950024651038,-0.7257924710724306,-0.23159047723942133,0.7572150085739805,-0.40529413717056406,Selection,0.9888054858134019,$50K to $74K,25-36,No kids < 18,Female
101998,2025,-0.2944807152803034,0.40611676385570566,0.4542513799996917,0.7493458409204001,0.4981113706374328,Selection,0.2512344702829673,$75K to $99K,25-36,Have kids < 18,Male
101854,2025,0.7754703169016405,0.5959016413882487,0.11100983649664894,-0.5440847518561578,-1.3086996449785608,Price,0.17956867551339173,$50K to $74K,18-24,Have kids < 18,Male
200876,2021,0.4190398920518898,-0.04826331708868588,0.2948964622893582,1.3072020112753435,-0.40529413717056406,Selection,0.8881621192234537,$75K to $99K,25-36,Have kids < 18,Male
101034,2025,0.9592034666056948,0.6074660906172201,0.10475095225772242,0.6059345835829131,0.050124521924808346,Price,0.35173737598847465,$75K to $99K,25-36,Have kids < 18,Female
200278,2021,-0.47598520798321003,-0.0372921357567898,0.10853254622218413,0.19400016167072326,0.050124521924808346,Selection,0.08546761544853913,$75K to $99K,37-56,Have kids < 18,Female
200545,2021,-1.1528306291600863,0.40072693516176827,-0.93573417401954,-0.7176894358628267,0.9609618401155531,Convenience,0.5602349049537848,$75K to $99K,57-65,No kids < 18,Female
200627,2021,0.2325257381613765,-0.05945982417614286,-0.5931193524346914,-0.1684724188075359,0.5055431810201807,Convenience,0.2730174428588042,$150K plus,37-56,No kids < 18,Male
101049,2025,0.4172619476817376,-0.9556605249858252,0.8269367763410966,-1.0924169848097096,-0.39786232678781613,Digital,0.40967482865935906,$50K to $74K,37-56,Have kids < 18,Female
200164,2021,-0.11934187989487638,0.8363729344920251,-0.5681771111255369,-0.3636354687222542,1.4089486888281777,Convenience,0.5725757543361526,$75K to $99K,25-36,Have kids < 18,Female
200645,2021,0.9515105775490584,0.825401753160129,-0.06464444365599936,-0.1704334642286959,0.050124521924808346,Price,0.12610882438892945,$50K to $74K,66+,Have kids < 18,Male
100847,2025,-1.363555228354086,0.17040822973725178,-0.8579182012467479,0.7504221022398213,-1.7566864936911855,Selection,0.5800138725025695,$100K to $124K,37-56,No kids < 18,Male
100252,2025,-0.29381709941072504,-1.1632182740939134,0.2881906928188226,0.19905256254568832,-0.40529413717056406,Digital,0.08913813027313428,$50K to $74K,18-24,Have kids < 18,Male
200186,2021,-1.0066740908733398,0.6068728227201448,-0.9404011143865545,-0.16905092723592596,0.5055431810201807,Quality,0.10132964169996406,$25K to $49K,37-56,No kids < 18,Female
200191,2021,0.5963210219080269,0.6190305398461915,0.2754930876543843,0.012474617217398653,0.9609618401155531,Convenience,0.3419313002693616,$25K to $49K,66+,Have kids < 18,Female
100807,2025,-0.11475802518443562,0.6856515611431392,-0.07310748583625394,-1.0950963230838666,0.042692711542060446,Quality,0.6429588496010787,$125K to $149K,66+,Have kids < 18,Male
200521,2021,-1.1927624382866873,-0.27835669675764146,-0.2316049850881995,-0.5385369540103102,-1.293836024213065,Digital,0.046751711669441975,$50K to $74K,37-56,No kids < 18,Male
100716,2025,-0.2969261337569206,-1.3655147203545108,-0.07755823751185309,0.38196064399178287,-0.39786232678781613,Selection,0.45951888150363596,$75K to $99K,37-56,Have kids < 18,Male
100337,2025,0.5928514956981601,-0.9333502201805186,1.1646249453211803,0.38223287674682405,0.9609618401155531,Digital,0.20366310520562725,$75K to $99K,37-56,Have kids < 18,Male
101217,2025,0.07208415886581429,0.39917245722610323,-0.9308075214147753,0.013053125645788689,-0.40529413717056406,Quality,0.32708829836028896,$75K to $99K,37-56,Have kids < 18,Female
100988,2025,-0.4764359206142055,-0.2658310374900803,0.6162997766759054,0.01081984746958754,-1.301267834595813,Digital,0.6054799292063179,$25K to $49K,37-56,No kids < 18,Female
200882,2021,-0.8304209269873389,0.36603358747485404,0.6785906319257612,1.1219208672284409,0.057556332307556246,Selection,0.4433302353026797,$150K plus,18-24,No kids < 18,Male
100196,2025,0.06372765393959952,-0.4856891201101686,0.4638304651226927,0.5647829897264944,0.4981113706374328,Selection,0.0666716190890616,$50K to $74K,57-65,No kids < 18,Male
200297,2021,0.6011177798570507,1.0549018649320092,0.4591490169068999,0.1979763012262672,0.057556332307556246,Quality,0.4537840850749585,$100K to $124K,18-24,Have kids < 18,Female
101045,2025,0.4148165292051204,0.39917245722610323,-0.051269256719758384,0.20338667056765639,0.050124521924808346,Price,0.015644071979017182,$150K plus,37-56,No kids < 18,Male
100280,2025,-0.12344256027038698,-0.2889599359480231,0.6247628188561599,0.012337188712940306,-0.3904305164050682,Digital,0.6124256301432196,$75K to $99K,37-56,Have kids < 18,Female
100097,2025,0.5963210219080269,-0.26812139970877424,-0.75161685168663706,0.3863464448068263,-1.293836024213065,Price,0.20997457710120065,$75K to $99K,66+,No kids < 18,Female
100442,2025,-0.12145926821175698,1.0549018649320092,1.3233103829412058,-0.5399711837961555,-0.3904305164050682,Digital,0.26840851800919663,$75K to $99K,18-24,Have kids < 18,Female
101197,2025,0.5934248908004144,1.0545339227904948,0.4772056520589337,-0.3546900397492528,0.5129749914029287,Quality,0.46110903199008046,$25K to $49K,57-65,No kids < 18,Female
101325,2025,-0.12223801100248902,0.8250338110186146,-0.5813216015215842,-0.17178195830315818,-1.7492546833084375,Quality,0.9472718220211036,$25K to $49K,18-24,Have kids < 18,Female
101043,2025,-0.12505147689288276,0.37759803670382547,-0.41215690214805606,-0.17907261752834852,0.4981113706374328,Convenience,0.12051333393360736,$125K to $149K,25-36,Have kids < 18,Female
200487,2021,0.06170048639004304,-1.8285897109516114,0.6261095583391001,0.9359237862486899,-0.8532809858831885,Selection,0.3098142279095898,Under $25K,37-56,Have kids < 18,Male
200756,2021,0.593752920960151,-0.9323890101419289,-0.4105794661249223,0.9414715840945374,-0.8458491755004406,Selection,0.3477186631343864,$25K to $49K,37-56,Have kids < 18,Female
101610,2025,-0.11732612613231164,-0.060421034214732605,-0.24451877894405322,1.125676466822019,-0.39786232678781613,Selection,1.1860975010367516,$75K to $99K,57-65,Have kids < 18,Male
100331,2025,-0.3045288020462329,0.37759803670382547,0.10943240047351521,0.5678202964670755,-0.8458491755004406,Selection,0.19022225976325008,$150K plus,25-36,Have kids < 18,Female
101559,2025,-0.29013466996227516,0.37700476880675016,-0.9127653941115197,-0.5384060093737724,-0.38299870602232033,Quality,0.6671394387690253,$125K to $149K,57-65,Have kids < 18,Female
100862,2025,0.9555210371572449,-0.49688562719762563,0.46406116166288636,-1.0963931243652534,1.4089486888281777,Convenience,0.4534276516709328,Under $25K,37-56,No kids < 18,Female
100746,2025,-1.0130397481908195,-0.0488565849857612,0.9976789117377585,0.5674623280006514,-0.8532809858831885,Digital,0.43021658373710703,$150K plus,37-56,No kids < 18,Male
200834,2021,0.23228792876896404,-0.2658310374900803,-1.8186071474474095,0.01810552652075371,-1.3086996449785608,Price,0.21418240224821034,$50K to $74K,66+,Have kids < 18,Female
101377,2025,-0.46050920910261317,0.3785592467424152,0.9974482151975649,0.19725800837327023,-0.8532809858831885,Digital,0.6188889684551497,$75K to $99K,37-56,Have kids < 18,Female
101112,2025,-0.8341033564357888,-0.49569909140347496,-0.5897846437018388,-0.3580876708764067,0.5129749914029287,Convenience,0.8710626622793354,$25K to $49K,37-56,No kids < 18,Female
100328,2025,0.7769126755619509,0.6065048805786304,0.6715465844218911,-0.7272133732642182,-0.40529413717056406,Price,0.10536609114005979,$75K to $99K,37-56,Have kids < 18,Male
201093,2021,0.41870430634204797,0.1687111354156332,-0.5783974260155104,-0.7229309580353254,-0.40529413717056406,Price,0.24999317092641477,$50K to $74K,25-36,No kids < 18,Female
200973,2021,-1.3712481174107223,1.0554951328290845,0.6479477874555956,0.01896124787820902,0.5055431810201807,Quality,0.4075473453734889,$25K to $49K,66+,No kids < 18,Female
200319,2021,0.6009950973857918,-0.508450076426597,-0.22534610084927292,0.01407769417213448,0.4981113706374328,Price,0.102883726748359,$75K to $99K,25-36,No kids < 18,Female
200857,2021,0.18712850866227526,-1.3711439653435158,0.10453476356630696,-0.5440847518561578,-1.293836024213065,Price,0.0825937450959683,Under $25K,25-36,Have kids < 18,Female
200971,2021,-1.3780609944106792,-1.380560668739747,-1.4657720109725876,0.5627678955921105,-0.39956806809418943,Selection,0.9623359636862999,$25K to $49K,18-24,Have kids < 18,Female
200732,2021,-1.1994636813140085,0.1590691062638413,-1.1180433637891154,-1.2820322368785804,-0.3904305164050682,Quality,0.5494996226689095,$50K to $74K,37-56,No kids < 18,Male
100595,2025,0.4137924214718706,0.6065048805786304,-1.106245612876008,0.3904600128668285,0.5129749914029287,Quality,0.09352988917570171,Under $25K,57-65,Have kids < 18,Female
200418,2021,-0.8344313865955255,0.18064352678611906,0.6764265040815404,-0.17048515702177125,-0.8532809858831885,Digital,0.4957829772954213,$75K to $99K,37-56,No kids < 18,Female
101683,2025,0.7810458176413962,-1.36600530987653,-0.5909006866445853,-0.34530353085231974,0.9609618401155531,Convenience,0.17991602247415683,Under $25K,37-56,Have kids < 18,Male
200781,2021,-0.6576123831573755,0.6180693298076018,0.11924218213670987,-0.7331214954966385,0.050124521924808346,Quality,0.49882714767089187,$100K to $124K,37-56,Have kids < 18,Female
100550,2025,-0.6461468438849651,-0.036924193615275394,-0.6492175244564977,0.9360612147531482,0.9535300297328052,Convenience,0.01746881497965702,$150K plus,66+,No kids < 18,Male
100557,2025,-0.829519501725348,0.3891624859327969,-0.9270259274503135,-0.1740516353178157,0.057556332307556246,Quality,0.33160615362524065,$100K to $124K,66+,No kids < 18,Other or not stated
200683,2021,-0.12133658574049813,0.16930440331270852,0.2881906928188226,1.1202660974806298,1.4089486888281777,Convenience,0.2886825913475479,$50K to $74K,66+,No kids < 18,Male
100542,2025,0.06170048639004304,0.6065048805786304,0.4769749555187401,0.20070733229349944,0.050124521924808346,Quality,0.1295299250598903,$25K to $49K,25-36,Have kids < 18,Female
101906,2025,-1.1890800088382374,-0.7257924710724306,0.27550759550316245,-1.0913407234902885,-0.40529413717056406,Digital,0.6808017326737266,$75K to $99K,37-56,Have kids < 18,Female
100265,2025,0.5979762838069204,1.0545339227904948,-1.1229410006963236,0.5653614981548845,-0.40529413717056406,Quality,0.4565576389835745,$25K to $49K,37-56,No kids < 18,Male
101280,2025,0.413161267306227,0.18219800472178413,-0.41081016266511594,0.9403953227751163,0.9609618401155531,Convenience,0.020566517340436796,$125K to $149K,37-56,Have kids < 18,Female
101235,2025,-1.543155235978695,-0.06019570845917173,0.8086494446488692,0.38629475201375096,0.06498814269030417,Digital,0.42235469263511827,$75K to $99K,57-65,No kids < 18,Male
101771,2025,0.9509696441507389,-1.153208302800607,-1.985783877571025,-1.277918668818578,-1.3086996449785608,Price,2.1041779469513457,$125K to $149K,66+,No kids < 18,Female
200150,2021,0.19930248693074373,-0.060421034214732605,0.6397154418155346,0.3927813826745613,1.4089486888281777,Convenience,0.7692332470126431,$75K to $99K,66+,No kids < 18,Female
200490,2021,0.6016587132553702,-0.2773954867190517,0.8039679964330764,0.9346269849673029,0.5055431810201807,Selection,0.13065898853422653,$25K to $49K,57-65,Have kids < 18,Female
200032,2021,1.1335884653542194,-0.9437281336153394,0.9892013617087257,-0.9125462101041961,0.5129749914029287,Price,0.14438710364549368,Under $25K,66+,Have kids < 18,Female
101524,2025,-1.1880883628089223,-0.7263857389695059,-0.05639759016716027,0.38759155329513795,0.9535300297328052,Convenience,0.5659384764376673,$75K to $99K,37-56,No kids < 18,Female
101065,2025,-1.0098982521406892,-0.2661989796315947,-1.0418858347551077,0.7518046392325913,-0.3904305164050682,Selection,1.0180036188641861,$100K to $124K,57-65,No kids < 18,Male
200266,2021,0.7807177874816597,0.8259950210572042,0.6261095583391001,0.206255130139347,-0.39786232678781613,Quality,0.045277233575544584,$25K to $49K,18-24,Have kids < 18,Male
100301,2025,0.05971719433141304,-0.059091882034628465,0.11947287867690351,-0.166371588961769,0.057556332307556246,Digital,0.05975568434549047,$75K to $99K,37-56,No kids < 18,Female
200958,2021,-1.360551909578902,1.0554951328290845,-1.0953052804212888,0.747691071172589,1.4089486888281777,Convenience,0.3534535559990932,$100K to $124K,57-65,No kids < 18,Male
100554,2025,0.7796034589810859,-0.08162751259549593,0.4558288160228254,-1.6957448734062086,-0.8532809858831885,Price,0.3237746429582605,$25K to $49K,18-24,Have kids < 18,Male
100468,2025,0.2398905970582763,0.39917245722610323,-0.5944660919176316,-0.166371588961769,1.4089486888281777,Convenience,1.0097762316020744,$75K to $99K,66+,No kids < 18,Male
100345,2025,-0.1194321006622005,0.8356370502089963,-0.7685429360471461,0.7547562102617894,1.4089486888281777,Convenience,0.5733116386191814,$50K to $74K,18-24,Have kids < 18,Male
200137,2021,0.407123640148484,0.6180693298076018,-0.05483466199280468,0.019488063513523668,-0.8458491755004406,Quality,0.21094568965911775,$150K plus,37-56,Have kids < 18,Female
101348,2025,0.7805951050104009,-0.04922452712727564,-0.40188572740447415,-0.5387260753078439,0.4981113706374328,Price,0.28248373437296803,$50K to $74K,66+,Have kids < 18,Female
200465,2021,0.42561845260795234,-0.517866779822828,0.11433003738072345,0.7531531333070536,-0.8532809858831885,Selection,0.32753468069910124,$75K to $99K,25-36,No kids < 18,Male
201037,2021,0.4225996390290809,-0.2677534575672598,-0.5717425163985832,-1.0978273541510988,0.057556332307556246,Price,0.36504330672152463,$25K to $49K,37-56,Have kids < 18,Female
200167,2021,0.9519612901800538,0.5959016413882487,0.6479477874555956,0.38325744527316985,0.057556332307556246,Price,0.30401350272445826,$25K to $49K,25-36,No kids < 18,Female
200690,2021,-1.5507254425640726,-0.49688562719762563,-0.0777889340520467,-0.35720053085451925,-0.40529413717056406,Digital,0.2794115968024725,$75K to $99K,25-36,No kids < 18,Male
200082,2021,1.3105028206873552,-0.49533114926196053,-0.5978008006504842,-0.5484188598781258,-0.8458491755004406,Price,1.8058339699493158,$25K to $49K,66+,Have kids < 18,Female
200087,2021,0.23216524629770519,0.18101146892763345,0.9905481011916658,-0.17388278814892513,0.5055431810201807,Digital,0.4850049201714851,$100K to $124K,25-36,Have kids < 18,Female
101456,2025,-0.4735397895065928,-0.7251992031753552,0.9892013617087257,-0.5412679850775424,0.9535300297328052,Digital,0.03567133197592054,$50K to $74K,37-56,Have kids < 18,Male
200731,2021,-0.48479242554042024,-0.2789499646547168,0.2968844315392708,0.9403953227751163,0.5055431810201807,Selection,0.4348521417549356,$25K to $49K,25-36,Have kids < 18,Male
100440,2025,0.9596541792366903,0.3876080079971318,-1.2587004165804427,0.9346269849673029,0.5129749914029287,Price,0.025027194269387376,$75K to $99K,57-65,No kids < 18,Female
100022,2025,0.6024374560461023,-1.3699574295493653,0.03886623072779041,0.936281754715114,-0.8458491755004406,Selection,0.33384429866901166,$50K to $74K,37-56,Have kids < 18,Female
101816,2025,-0.10239106065003435,0.6070981484757058,-0.05950160235981933,0.39079130858099254,1.4089486888281777,Convenience,0.8018505403524719,$25K to $49K,37-56,Have kids < 18,Female
200672,2021,0.6016587132553702,-0.04752743280565706,-0.23849059124532027,-0.1731644952959282,-0.39786232678781613,Price,0.6491861460610273,$50K to $74K,66+,No kids < 18,Male
200083,2021,0.5967717345390224,-0.04767004919161055,0.9793915800455311,0.5649204182309527,-0.8458491755004406,Digital,0.3826198455065086,Under $25K,25-36,Have kids < 18,Male
200657,2021,0.4260691652389478,-0.07079894764955338,-0.7518330403780524,-1.0934415533360555,-0.8458491755004406,Price,0.4968681128885012,$25K to $49K,37-56,No kids < 18,Female
101534,2025,0.772451503322769,0.3876080079971318,-0.061079038382953046,-0.5435062434277678,0.5129749914029287,Price,0.25947651191984034,Under $25K,25-36,Have kids < 18,Male
101228,2025,-0.6550442822094994,-0.27776342886056615,-0.39252283097288854,-0.5414054135820008,-0.8532809858831885,Quality,0.11475940211232238,$25K to $49K,37-56,Have kids < 18,Female
200542,2021,-0.8346442898341084,-0.05886655627906753,0.3033595044696128,0.7585118098553675,0.050124521924808346,Selection,0.4551523053857547,$150K plus,25-36,No kids < 18,Male
101488,2025,-1.191197397155118,0.5849304600563526,0.11835683573415699,0.01810552652075371,-1.301267834595813,Quality,0.4665736243221956,$150K plus,25-36,No kids < 18,Male
101214,2025,0.4193679222116264,0.17100149763432712,-0.9441972161997945,-0.5406097103955234,0.5055431810201807,Convenience,0.08617525880855431,$50K to $74K,66+,No kids < 18,Male
200697,2021,0.9479508305718674,0.18123679468319437,-0.9270259274503135,0.013719725705710317,-0.8458491755004406,Price,0.766714035888673,$50K to $74K,25-36,Have kids < 18,Male
100488,2025,0.057149093383536985,-0.7148212897405345,-0.04122877851637006,0.5743069271278859,0.050124521924808346,Selection,0.5171578337443489,$50K to $74K,66+,No kids < 18,Female
100230,2025,0.05202430527477665,0.38834389228016064,-0.5897991515506169,0.38629475201375096,0.06498814269030417,Quality,0.002049140266409677,$75K to $99K,37-56,Have kids < 18,Male
101716,2025,-0.8283937594377826,-0.7248312610338408,-1.6347205216547003,-0.726276896369404,1.4089486888281777,Convenience,2.1337799498620185,$125K to $149K,66+,No kids < 18,Female
200428,2021,-0.6522632780230404,-0.922746980990137,-0.5848870067946305,0.15766758945975,-0.8607127962659364,Selection,0.7425545962543805,$125K to $149K,66+,No kids < 18,Male
200060,2021,0.4220587056307613,-0.49629235930055027,0.11321399443797699,0.7588697783217916,-0.8458491755004406,Selection,0.3368110726910303,$150K plus,25-36,Have kids < 18,Female
100287,2025,-0.47143381497670395,-0.508450076426597,-0.7551677491109051,0.01573246391994564,0.9535300297328052,Convenience,0.9377975658128596,$100K to $124K,66+,Have kids < 18,Male
200639,2021,-0.12245091424107199,-0.7142280218434591,0.6443823821825493,-0.16797466591650478,-1.301267834595813,Digital,0.7668332964236213,$50K to $74K,25-36,Have kids < 18,Male
101510,2025,0.23108337950106606,1.0439306836001132,1.1646249453211803,-0.17007549576227174,1.4089486888281777,Convenience,0.24432374350699737,$25K to $49K,25-36,Have kids < 18,Other or not stated
100811,2025,-0.4831371636415268,-0.9337181623220331,0.4544820765398853,0.383615413739594,0.057556332307556246,Digital,0.0708666628002913,$25K to $49K,57-65,No kids < 18,Male
201039,2021,0.06025812772973259,-0.046708839153020876,0.9709285378652766,0.01355087853681981,-0.3904305164050682,Digital,0.910670410135544,$50K to $74K,37-56,Have kids < 18,Male
100432,2025,0.7765846454022144,-0.27680221882197636,-0.056166893626966655,0.19529696295211024,0.050124521924808346,Price,0.5812876824501041,$75K to $99K,57-65,Have kids < 18,Female
200516,2021,1.1335884653542194,0.14846586707345963,-0.24654310019879605,-0.5372918455219986,-1.301267834595813,Price,0.9851225982807598,$75K to $99K,37-56,No kids < 18,Female
200290,2021,-1.0162714650082738,-1.3711439653435158,-0.21331765339597208,-0.5380958740863785,0.057556332307556246,Convenience,0.27087398570352833,Under $25K,37-56,Have kids < 18,Female
201129,2021,0.4213950897611829,-0.7136347539463839,-0.9259098845075671,-0.7235975580952471,-0.8532809858831885,Price,1.1350298437075668,$100K to $124K,66+,No kids < 18,Male
100621,2025,-0.47634569984688135,-1.1512858827234276,-0.24338822815252859,-1.280598007092735,0.5055431810201807,Convenience,0.7489314091727093,$25K to $49K,18-24,Have kids < 18,Male
101626,2025,-0.11152630836698116,0.8144305718282329,0.11456073392091708,0.1976159768396944,0.050124521924808346,Quality,0.6168145949885384,$50K to $74K,37-56,Have kids < 18,Female
100937,2025,0.24701009101265836,-0.050185737165865385,-0.5946967884578251,0.7561904400476347,0.050124521924808346,Selection,0.5091803490349763,$25K to $49K,57-65,No kids < 18,Female
101206,2025,0.2011750844322011,0.6190305398461915,0.09494117059452775,0.01623021681097673,-0.8458491755004406,Quality,0.4178554554139904,$150K plus,18-24,Have kids < 18,Male
101203,2025,-0.8371221700146604,0.9916517101723129,-0.4177102766710149,0.2024478377526936,0.5055431810201807,Quality,0.4861085291521322,$150K plus,25-36,Have kids < 18,Male
200234,2021,-0.4846697430691614,-0.9549246407027964,-1.9759740959078305,1.1215628987620168,0.9609618401155531,Selection,0.16060105864646368,$125K to $149K,66+,Have kids < 18,Male
200057,2021,-0.11475802518443562,0.394279653889827,-0.41414487139796863,0.6038326214492199,1.4089486888281777,Convenience,0.8051160673789578,$25K to $49K,25-36,Have kids < 18,Male
101876,2025,-0.11520873781543105,-0.49569909140347496,0.47030553805303477,0.5719855573201531,-0.8384173651176927,Selection,0.10168001926711834,$50K to $74K,25-36,No kids < 18,Female
100131,2025,0.6015360307841114,-0.04944985288283654,-0.2632529958678897,-0.5311631833276125,-0.39786232678781613,Price,0.650985883666948,$50K to $74K,66+,No kids < 18,Female
101676,2025,0.9509696441507389,-0.05886655627906753,0.7570248343808984,0.38629475201375096,0.050124521924808346,Price,0.19394480976984052,Under $25K,37-56,Have kids < 18,Female
100956,2025,1.134129398752539,1.0549018649320092,-0.9370664056537018,0.5715758960606536,0.4981113706374328,Price,0.07922753382052972,Under $25K,57-65,Have kids < 18,Male
100914,2025,0.416721014283418,0.6068728227201448,-0.06130973492314669,0.38088438267236174,1.4089486888281777,Convenience,0.8020758661080329,$50K to $74K,66+,Have kids < 18,Male
100860,2025,-0.4846697430691614,0.4010948773032827,0.3033595044696128,0.1963732242715314,1.4089486888281777,Convenience,1.007853811524895,$75K to $99K,37-56,No kids < 18,Male
101706,2025,0.4230503516600763,-1.1632182740939134,0.11099532864787079,0.9414715840945374,-1.7492546833084375,Selection,0.518421232434461,$75K to $99K,66+,Have kids < 18,Female
101433,2025,-0.2984911748884899,-0.49629235930055027,0.2815212753531172,-1.0974693856846747,-0.40529413717056406,Digital,0.5800124502416071,Under $25K,66+,Have kids < 18,Female
100128,2025,0.5933022083291555,-0.26679224752867003,0.2935497228064181,0.5650035296884602,-0.39786232678781613,Price,0.02829867864069524,$25K to $49K,37-56,Have kids < 18,Female
100285,2025,-0.4692839649558887,0.36640152961636846,-0.2543285606072479,0.007505327799941131,-1.301267834595813,Quality,0.35889620181642734,$125K to $149K,25-36,No kids < 18,Female
200254,2021,-0.8443643464403012,-0.048488642844246796,-0.205070799907133,0.747691071172589,-0.39786232678781613,Selection,0.7961797140168358,$125K to $149K,37-56,No kids < 18,Male
100979,2025,-0.4752313713463075,-0.3008923273185089,0.8173431833693173,0.19976849947853664,0.057556332307556246,Digital,0.6175746838907807,$75K to $99K,37-56,Have kids < 18,Female
100624,2025,0.060831522831986874,-0.9331248944249577,-0.5764094567655977,-0.7294175886961357,0.9535300297328052,Convenience,0.8926985069008183,$75K to $99K,57-65,No kids < 18,Male
100689,2025,-1.1881785835762464,-1.1632182740939134,-1.2836426578895972,-2.018682920619616,-0.39786232678781613,Convenience,0.7653559473060974,$25K to $49K,57-65,No kids < 18,Male
101988,2025,-0.6533890203106061,0.6070981484757058,0.4748378988463649,-0.5423442463969635,0.050124521924808346,Quality,0.13226024962934085,$50K to $74K,37-56,No kids < 18,Male
200130,2021,0.410877750230449,-0.9446893436539292,-0.23024373775648121,0.3839733822060182,-0.3904305164050682,Price,0.026904368024430803,Under $25K,66+,Have kids < 18,Female
100996,2025,0.9550703245262495,0.1590691062638413,0.8066614753989566,0.6093483724169534,-0.8458491755004406,Price,0.1484088491272929,$25K to $49K,18-24,No kids < 18,Female
101904,2025,-1.0008856868950011,-0.05945982417614286,0.4624837256397526,0.3795018456795918,0.050124521924808346,Digital,0.08298187996016082,$150K plus,66+,No kids < 18,Female
200783,2021,0.4146938467338615,0.38856921803572153,0.6443823821825493,0.570909296000732,0.9609618401155531,Convenience,0.3165794579330038,Under $25K,18-24,Have kids < 18,Female
100611,2025,-1.154913318375717,-0.49533114926196053,-0.5844256137142433,-0.35598684103063977,-0.8458491755004406,Selection,0.13934430823132077,$50K to $74K,57-65,No kids < 18,Female
100459,2025,-0.03754407322991796,0.38953042807431126,0.12770522431696443,0.384997950732364,-0.40529413717056406,Quality,0.004532477341947283,$25K to $49K,57-65,Have kids < 18,Male
200371,2021,-0.30552044807554785,0.6070981484757058,1.1681903505942268,0.38866781461455907,-0.39786232678781613,Digital,0.5610922021185211,$125K to $149K,18-24,Have kids < 18,Female
201050,2021,0.9479508305718674,0.16003031630243103,-0.6233392606705019,0.9373580160345352,-1.293836024213065,Price,0.010592814537332185,$25K to $49K,25-36,No kids < 18,Female
100463,2025,0.8680627952425825,0.6074660906172201,-0.5799893698874222,-0.35593514823756445,-1.301267834595813,Price,0.26059670462536233,$75K to $99K,25-36,Have kids < 18,Female
100793,2025,-0.11421709178611605,-0.036924193615275394,0.9843037248015175,0.7497038093868243,0.050124521924808346,Digital,0.23459991541469316,$75K to $99K,37-56,No kids < 18,Male
100505,2025,-0.8222773252997071,0.158475838366766,-0.7565144885938453,0.01139835589797753,-0.3904305164050682,Quality,0.14707748246878846,$125K to $149K,66+,No kids < 18,Female
100309,2025,-1.3713383381780464,0.16967234545422297,-1.4592969380422456,-0.17173026551008286,-0.39786232678781613,Quality,0.3414026109643058,Under $25K,66+,Have kids < 18,Female
101704,2025,-1.0201917038491364,0.6997892133969814,-0.9221282905431053,0.936281754715114,-0.39786232678781613,Selection,0.23649254131813258,$50K to $74K,37-56,Have kids < 18,Female
100364,2025,0.6493455836567505,-0.05945982417614286,1.338701789450695,0.3812568777162363,0.057556332307556246,Digital,0.6893562057939444,$75K to $99K,18-24,Have kids < 18,Male
100580,2025,0.06070884036072803,0.14713671489335545,0.48077105733198006,0.5651409581929187,0.057556332307556246,Selection,0.0843699008609386,$100K to $124K,25-36,No kids < 18,Male
100106,2025,-0.23897989048748447,0.14713671489335545,-0.39252283097288854,-0.5342028459883421,0.050124521924808346,Quality,0.0970121929685471,Under $25K,37-56,No kids < 18,Male
200619,2021,0.413161267306227,1.0439306836001132,-0.24853106944870862,0.5692545262529208,0.042692711542060446,Quality,0.4746761573471924,$125K to $149K,37-56,No kids < 18,Female
101133,2025,-0.2942678120417205,-0.26679224752867003,-0.4192732048453705,-0.5383164140483443,1.4089486888281777,Convenience,1.6757409363568478,$25K to $49K,57-65,No kids < 18,Female
100508,2025,0.41514455936485695,-0.26679224752867003,-0.05239980751128307,-0.3556288725642156,-1.301267834595813,Price,0.46754436687614004,$50K to $74K,25-36,Have kids < 18,Female
101012,2025,0.05971719433141304,0.6068728227201448,-0.04614092327235647,0.5715758960606536,-0.3904305164050682,Quality,0.035296926659491135,$75K to $99K,25-36,Have kids < 18,Female
101651,2025,0.7713696365261299,0.15943704840535572,0.6345726005193546,-0.172228018401114,0.9609618401155531,Convenience,0.1895922035894232,Under $25K,25-36,Have kids < 18,Female
100947,2025,0.9596541792366903,-0.9449146694094901,-0.06599118313893948,0.3833431809845529,-1.301267834595813,Price,0.5763109982521374,$150K plus,18-24,Have kids < 18,Female
101339,2025,1.1335884653542194,-0.05945982417614286,-0.0526159962026985,-0.17692009488950627,0.5055431810201807,Price,0.6280452843340387,$25K to $49K,66+,No kids < 18,Male
101364,2025,0.593752920960151,1.0545339227904948,0.265452609450996,0.5732306658084648,-2.2178312218629324,Quality,0.4607810018303439,$125K to $149K,25-36,No kids < 18,Female
200811,2021,-0.659054741817686,0.16907907755714763,0.11924218213670987,-1.6535310018671998,1.4089486888281777,Convenience,1.2398696112710301,$75K to $99K,57-65,No kids < 18,Male
101337,2025,0.06417836657059496,1.0545339227904948,-1.096652019904229,0.3904083200737532,-1.293836024213065,Quality,0.6641256027167417,$125K to $149K,25-36,Have kids < 18,Male
200867,2021,-0.6595054544486814,-0.9331248944249577,0.28373994114322343,-0.5421237064349977,-0.8532809858831885,Digital,0.8258636475782212,$25K to $49K,37-56,Have kids < 18,Male
101402,2025,-0.2933663867797296,-0.7248312610338408,0.813330892864662,0.2014232692263478,-0.39786232678781613,Digital,0.6119076236383142,$50K to $74K,18-24,Have kids < 18,Male
101543,2025,0.07208415886581429,0.4005016094062074,0.3064635166622718,0.7497038093868243,0.06498814269030417,Selection,0.34920219998061697,$100K to $124K,37-56,Have kids < 18,Male
201005,2021,0.592761274930836,0.6074660906172201,0.9938828099245185,0.01542618824659676,0.5146807327093019,Digital,0.3864167193072984,$50K to $74K,18-24,No kids < 18,Male
100189,2025,0.6442389524597207,1.0439306836001132,-0.4007696844617276,-0.3580876708764067,0.9535300297328052,Quality,0.090400653867308,$50K to $74K,37-56,Have kids < 18,Male
101819,2025,0.9586625332073753,0.8250338110186146,-0.05887488044162507,0.015511923957979767,0.050124521924808346,Price,0.13362872218876065,Under $25K,25-36,Have kids < 18,Female
200261,2021,0.9519612901800538,1.2734307953719934,0.288406881510238,0.1414630114068653,1.4255180509000467,Convenience,0.15208725552805324,$50K to $74K,37-56,Have kids < 18,Female
101983,2025,0.24710031177998248,-0.9325316265278825,-0.9308220292635534,0.3812940439318612,0.9609618401155531,Convenience,0.5796677961836918,$50K to $74K,66+,No kids < 18,Female
201072,2021,0.9545293911279299,-0.9558858507413861,-1.8186071474474095,0.016450756772942575,0.4981113706374328,Price,0.45641802049049707,$50K to $74K,57-65,Have kids < 18,Female
201028,2021,0.056698380752541556,-0.060421034214732605,0.6512824961884482,-0.5502134140505439,0.4981113706374328,Digital,0.15317112555101542,$150K plus,37-56,Have kids < 18,Female
101451,2025,-0.4805690626936508,0.8250338110186146,-0.5681771111255369,0.19400016167072326,-0.8532809858831885,Quality,0.6310336493478914,$50K to $74K,37-56,No kids < 18,Female
101553,2025,-1.3712481174107223,-0.27776342886056615,-0.7685429360471461,-0.3598798691286762,0.9609618401155531,Convenience,1.2387252689761192,$75K to $99K,66+,No kids < 18,Female
101437,2025,-0.4790364832660162,0.8144305718282329,1.1632782058382403,0.39010204440040436,-0.39786232678781613,Digital,0.3488476340100074,$75K to $99K,25-36,No kids < 18,Female
101789,2025,-0.6597183576872643,0.1816047368247088,-0.9390543749036144,0.7524348404540566,0.057556332307556246,Selection,0.5708301036293478,$125K to $149K,66+,No kids < 18,Other or not stated
201194,2021,0.057149093383536985,-0.07176015768814314,-0.05618140147574482,0.7547562102617894,0.5055431810201807,Selection,0.2492130292416087,$25K to $49K,57-65,No kids < 18,Male
101865,2025,0.4190398920518898,0.825401753160129,1.1548151636579858,0.9403953227751163,0.050124521924808346,Digital,0.21441984088286947,$25K to $49K,37-56,Have kids < 18,Male
101804,2025,-1.1957812518655588,0.8250338110186146,0.9976789117377585,0.37784707593178063,-0.8607127962659364,Digital,0.17264510071914385,$150K plus,37-56,Have kids < 18,Female
100863,2025,-0.4764359206142055,-1.818579739658305,0.6702863231365573,0.20352409907211472,0.5129749914029287,Digital,0.15731133173362866,$75K to $99K,25-36,Have kids < 18,Other or not stated
101174,2025,0.4137022007045465,-0.2879987259094334,-0.579974862038644,0.38723358482871373,0.5055431810201807,Convenience,0.0918409803156342,$25K to $49K,57-65,Have kids < 18,Female
101341,2025,-0.83398067396453,-0.7151892318820489,-0.39720427918868134,0.011092080224628709,0.5055431810201807,Convenience,0.494451100795552,$75K to $99K,66+,Have kids < 18,Male
101594,2025,0.593843141727475,0.606136938437116,-1.1280838419925037,0.747691071172589,0.9609618401155531,Convenience,0.21327076894296404,$125K to $149K,66+,No kids < 18,Female
200190,2021,-0.6631878838971312,0.39880451508458875,-0.9261405810477606,1.3072020112753435,0.5055431810201807,Selection,0.8016588302551628,$50K to $74K,37-56,Have kids < 18,Male
101116,2025,0.06538291583849291,0.6174760619105265,0.46563859768602006,0.20374463903408055,0.9535300297328052,Convenience,0.3360539678222787,$75K to $99K,18-24,Have kids < 18,Female
100354,2025,0.9559717497882404,0.836598260247586,0.47608960911618725,0.38339487377762815,0.5129749914029287,Price,0.11937348954065441,$150K plus,66+,No kids < 18,Female
101035,2025,1.3105028206873552,-1.1410505856745603,0.6530906287517756,0.9346269849673029,-2.20467334240381,Price,0.37587583572005234,Under $25K,25-36,Have kids < 18,Male
200800,2021,0.06038081020099144,-0.27776342886056615,-0.40053898792153403,-0.7293658959030604,0.9609618401155531,Convenience,0.9005810299145617,$50K to $74K,66+,No kids < 18,Female
100732,2025,-0.6513618527610495,-1.5987216570382166,0.4411068896036443,-0.5369596209900205,-1.301267834595813,Digital,0.9780665105936648,$125K to $149K,18-24,No kids < 18,Female
100703,2025,-0.1187684847926221,-1.151653824864942,0.992766766981772,-0.17567498640119464,0.9535300297328052,Digital,0.03923673724896681,Under $25K,37-56,Have kids < 18,Female
201082,2021,-0.12356524274164585,-0.27680221882197636,0.46437994965878715,0.01926752355155782,0.050124521924808346,Digital,0.41425542773397883,$75K to $99K,66+,No kids < 18,Other or not stated
201042,2021,-0.3039554069439786,-0.6936148113597712,0.6294442670719528,-0.07493030189146728,0.9535300297328052,Convenience,0.32408576266085243,$125K to $149K,37-56,Have kids < 18,Male
200909,2021,-0.4764359206142055,1.0549018649320092,-0.760296082558307,0.19457867009911328,0.5055431810201807,Quality,0.5493586839118285,$25K to $49K,37-56,No kids < 18,Male
100161,2025,0.869806468228211,-0.07102427340511427,-0.5857723531971833,0.19976849947853664,1.4089486888281777,Convenience,0.5391422205999667,$75K to $99K,66+,No kids < 18,Male
200676,2021,0.7753800961343164,-0.9446893436539292,0.11124053303684255,0.19524527015903492,0.9609618401155531,Convenience,0.18558174398123672,Under $25K,18-24,Have kids < 18,Other or not stated
101378,2025,0.774929383503321,0.6080593585142955,0.28863757805043166,0.9373580160345352,0.4981113706374328,Selection,0.1624286325312142,$75K to $99K,25-36,Have kids < 18,Female
200951,2021,0.23886648932502658,-0.04826331708868588,0.10475095225772242,-0.3507139001937089,0.9535300297328052,Convenience,0.7146635404077786,$25K to $49K,57-65,Have kids < 18,Female
101585,2025,-0.28612421035408864,-0.07065633126359988,0.4725387116919191,-0.1703477285173129,0.057556332307556246,Digital,0.41498237938436283,Under $25K,37-56,Have kids < 18,Female
101138,2025,-0.29827827164990695,0.1480979249319452,0.8137922859450493,-0.7317389585038685,-0.39786232678781613,Digital,0.6656943610131041,$150K plus,25-36,Have kids < 18,Male
101199,2025,0.4225996390290809,0.6065048805786304,1.338701789450695,1.122997128547862,0.5055431810201807,Digital,0.21570466090283302,$125K to $149K,18-24,Have kids < 18,Female
101696,2025,-0.8314125730166539,-0.48435996793006447,-0.5761787602254042,0.020206356366520628,-0.40529413717056406,Selection,0.4255004935370847,$125K to $149K,57-65,No kids < 18,Male
200445,2021,0.23674910100814595,1.2734307953719934,0.4654079011458264,0.7547562102617894,0.5129749914029287,Quality,0.518674585110204,$125K to $149K,25-36,Have kids < 18,Female
100163,2025,0.2356347725075721,0.8356370502089963,-1.129430581475444,-0.5430601833298119,1.4089486888281777,Convenience,0.5733116386191814,$75K to $99K,57-65,Have kids < 18,Female
101643,2025,-1.012589035559824,-0.04752743280565706,0.11702351634660367,-0.5344233859503079,-0.39786232678781613,Digital,0.16455094915226073,$150K plus,57-65,No kids < 18,Female
101633,2025,-0.2969261337569206,-0.0372921357567898,-0.24608170711840877,-0.5453815531375447,-1.7492546833084375,Quality,0.20878957136161896,$25K to $49K,18-24,Have kids < 18,Male
200494,2021,0.5958703092770316,0.8259950210572042,0.09650409876888331,0.3782050443982048,1.4089486888281777,Convenience,0.5829536677709735,$100K to $124K,57-65,No kids < 18,Female
100186,2025,-1.3722397634400374,0.8259950210572042,0.6298911523035617,0.9373580160345352,-0.8532809858831885,Selection,0.11136299497733093,$100K to $124K,25-36,Have kids < 18,Female
100460,2025,0.23575745497883097,0.39954039936761765,0.6162997766759054,-1.0896859537424772,0.9535300297328052,Convenience,0.3372302530568998,$50K to $74K,37-56,Have kids < 18,Female
201007,2021,0.41514455936485695,0.3876080079971318,-0.6083218361648486,1.125676466822019,0.057556332307556246,Selection,0.710531907457162,Under $25K,37-56,No kids < 18,Male
200018,2021,0.7764619629309555,-1.588118417847835,0.8086494446488692,-1.6508516635930428,0.5055431810201807,Digital,0.032187481717913746,Under $25K,25-36,No kids < 18,Female
101008,2025,-1.5391447763705084,0.38856921803572153,-0.9294607819318352,-0.17048515702177125,0.057556332307556246,Quality,0.3310128857281653,$75K to $99K,37-56,Have kids < 18,Female
101009,2025,-0.11822755139430254,0.8375594702861757,-1.1026802076029618,0.013771418498785626,1.4089486888281777,Convenience,0.571389218542002,$125K to $149K,66+,Have kids < 18,Male
200204,2021,-0.024055415147600318,-0.7140026960878983,-0.7520637369182461,0.017884986558787862,0.9609618401155531,Convenience,0.9430768535567652,$25K to $49K,66+,No kids < 18,Female
200427,2021,-1.1879656803376635,-0.49747889509470095,-0.7100943774307216,0.38629475201375096,0.4981113706374328,Convenience,0.11181661862368186,$25K to $49K,37-56,Have kids < 18,Female
200384,2021,0.7713696365261299,-0.9327569522834434,0.9925360704415784,-1.0936620932980212,0.4981113706374328,Digital,0.22116643391544855,$25K to $49K,37-56,Have kids < 18,Female
200021,2021,0.06430104904185381,1.2734307953719934,-0.4288667978171497,-1.2874426062199695,-0.39786232678781613,Quality,1.2091297463301396,$125K to $149K,18-24,Have kids < 18,Male
101288,2025,0.06538291583849291,0.3891624859327969,0.7719912284493103,0.5692545262529208,-0.40529413717056406,Digital,0.2027367021963895,$125K to $149K,37-56,Have kids < 18,Female
100369,2025,0.055706734723226556,-1.1635862162354278,0.8102268806720029,0.017166693705790926,-0.39786232678781613,Digital,0.7545201459487764,$25K to $49K,18-24,Have kids < 18,Female
101169,2025,-0.2568584358890141,0.37700476880675016,-0.2496471123914551,0.009964126112132243,-0.8532809858831885,Quality,0.3670406426946179,$50K to $74K,37-56,Have kids < 18,Male
101413,2025,-0.6472611723855389,-0.4947378813648853,0.6214281101233072,-0.7227935295308671,-1.293836024213065,Digital,1.1161659914881925,$75K to $99K,57-65,No kids < 18,Male
101319,2025,-0.11789952123456593,0.40072693516176827,0.2766091305971308,-0.17070569698373705,-0.39786232678781613,Quality,0.12411780456463745,$25K to $49K,25-36,Have kids < 18,Female
100494,2025,-0.29183380735209496,0.38856921803572153,-0.7600798938668916,0.7518563320256666,0.050124521924808346,Selection,0.36328711398994507,$150K plus,57-65,No kids < 18,Female
100232,2025,0.059839876802671874,0.17063355549281273,0.46517720460563283,-1.9227589736120931,1.4089486888281777,Convenience,0.9437714842225449,Under $25K,57-65,No kids < 18,Female
201003,2021,0.6378568748344977,-0.07006306336652454,1.1255642658379952,1.0766881569037379,0.9535300297328052,Digital,0.04887610893425731,Under $25K,37-56,Have kids < 18,Female
100334,2025,-1.1500633717892845,0.8363729344920251,0.6312378917865019,-0.7310206656508715,-0.40529413717056406,Quality,0.20513504270552319,$150K plus,57-65,No kids < 18,Female
200454,2021,0.4137924214718706,0.3989471314705423,1.116078207260509,0.20316613060569055,0.050124521924808346,Digital,0.7022857857886384,Under $25K,18-24,Have kids < 18,Male
100789,2025,0.7796034589810859,0.3879759501386462,0.28373994114322343,0.37690824311681786,-1.7566864936911855,Price,0.39162750884243963,$75K to $99K,37-56,Have kids < 18,Male
101725,2025,-0.11934187989487638,0.6184372719491162,-1.11002720684047,-0.16811209442096317,0.057556332307556246,Quality,0.5608809396415599,$150K plus,57-65,Have kids < 18,Female
101455,2025,-0.2961722971200181,0.8369662023891004,0.10340421277478233,0.7493458409204001,0.5129749914029287,Quality,0.08762036146870023,$75K to $99K,25-36,Have kids < 18,Female
200441,2021,0.06363743317227541,-0.04826331708868588,-0.4023326126360832,0.9403953227751163,-1.7566864936911855,Selection,0.8767578896028408,$50K to $74K,25-36,Have kids < 18,Female
100381,2025,0.8577292846522434,-0.2793179067962312,0.11767925396235432,-1.651927924912464,-1.7492546833084375,Price,0.7400500306898891,Under $25K,18-24,Have kids < 18,Male
200177,2021,0.7810458176413962,-1.173821513284295,0.6332258610364145,0.5719338645270778,-0.3904305164050682,Price,0.1478199566049817,Under $25K,25-36,Have kids < 18,Male
100068,2025,0.7730248984250233,-0.06983773761096364,-0.05618140147574482,0.37985981414601594,0.050124521924808346,Price,0.39316508427900737,$100K to $124K,25-36,Have kids < 18,Female
101470,2025,-0.2845916309264541,0.6065048805786304,0.45716104765698734,0.009606157645708047,0.9609618401155531,Convenience,0.3544569595369227,$50K to $74K,37-56,Have kids < 18,Female
101831,2025,0.24278672816588892,0.399908341509132,0.11812613919396339,0.7547562102617894,1.4089486888281777,Convenience,0.6541924785663883,$75K to $99K,37-56,Have kids < 18,Female
100478,2025,-0.8401409835935318,1.0545339227904948,0.8135615894048556,-0.5424299821083466,0.050124521924808346,Quality,0.24097233338563928,$150K plus,25-36,Have kids < 18,Male
200324,2021,-1.013580681589139,0.17159476553140246,-0.03835546286390469,0.7491253009584343,-0.3904305164050682,Selection,0.5775305354270319,$50K to $74K,18-24,Have kids < 18,Male
201185,2021,-0.48011835006265535,-0.2773954867190517,0.46429185820307994,-0.5372401527289232,-0.39786232678781613,Digital,0.7416873449221316,$150K plus,37-56,Have kids < 18,Female
200015,2021,0.7693424689765734,-0.25545312405525955,-1.118274060329309,-0.3492796704078636,0.5055431810201807,Price,0.26379928795639274,$25K to $49K,37-56,No kids < 18,Female
200615,2021,0.5974353504086009,-1.3807859944953078,0.47387094332608104,-1.091392416283364,0.042692711542060446,Price,0.12356440708251981,Under $25K,57-65,No kids < 18,Female
101550,2025,-0.11065734480892502,0.6065048805786304,0.28886827459062525,0.7551141787282135,-0.8532809858831885,Selection,0.14860929814958312,$75K to $99K,37-56,Have kids < 18,Male
101282,2025,0.41219190898178076,1.0439306836001132,-1.096652019904229,0.009795278943241736,-1.301267834595813,Quality,0.6317387746183325,$50K to $74K,37-56,No kids < 18,Female
200662,2021,0.06741008338804941,-0.27776342886056615,-0.7484983316451999,0.3861259048448605,1.4089486888281777,Convenience,1.0228227839833173,$75K to $99K,57-65,No kids < 18,Male
100208,2025,0.23931720195602202,-0.2673855154257454,-0.7504863008951124,0.7507800707062455,-0.8458491755004406,Selection,0.5114628687502235,$75K to $99K,57-65,Have kids < 18,Male
101334,2025,0.4148165292051204,-0.05886655627906753,1.1681903505942268,-0.5401917237581213,-0.40529413717056406,Digital,0.7533738213891064,$25K to $49K,18-24,Have kids < 18,Male
100200,2025,-0.11889116726388094,-0.27798875461612704,0.8001864024686146,-0.3516527330086717,-0.8458491755004406,Digital,0.9190775697324955,$50K to $74K,25-36,Have kids < 18,Female
201102,2021,-0.1269120864802539,-0.26679224752867003,-0.06552979005855224,0.9403953227751163,-1.301267834595813,Selection,1.0059251128336686,$25K to $49K,37-56,No kids < 18,Male
101978,2025,-0.8386547494422949,-0.058498614137553126,-1.4729028215186801,-0.7266865576289034,0.050124521924808346,Convenience,0.10862313606236147,$100K to $124K,66+,No kids < 18,Female
100882,2025,-0.6601690703182598,0.17100149763432712,-0.7467047069306506,-0.7238180980572129,-0.40529413717056406,Quality,0.5762956348048912,$50K to $74K,66+,No kids < 18,Female
100144,2025,0.2429996314044719,0.836598260247586,-0.760296082558307,-0.9070841479697317,-0.8532809858831885,Quality,0.5935986288431141,$125K to $149K,57-65,No kids < 18,Female
100250,2025,-1.1521544624121869,0.6190305398461915,0.26703004547412973,0.5719855573201531,-1.7492546833084375,Quality,0.04704498252603839,$75K to $99K,18-24,Have kids < 18,Female
101939,2025,-0.11119827820724457,-0.5072635406324464,-1.2836426578895972,-0.172228018401114,0.5129749914029287,Convenience,0.6241732696101733,$25K to $49K,37-56,Have kids < 18,Female
200963,2021,0.23943988442728084,0.8363729344920251,0.4758589125759936,-0.72426180223502,-0.8458491755004406,Quality,0.3605140219160315,$75K to $99K,18-24,Have kids < 18,Male
200066,2021,1.3131884729788283,0.39976572512317854,0.992766766981772,-0.1686929587695018,1.4089486888281777,Convenience,0.09576021584934935,$50K to $74K,18-24,Have kids < 18,Male
100418,2025,0.774929383503321,-0.48532117796865426,1.1548151636579858,-0.5478403514497358,-0.39786232678781613,Digital,0.3798857801546648,$75K to $99K,18-24,Have kids < 18,Female
201021,2021,-0.4711884500341863,1.0554951328290845,0.6383541944838164,0.7513585791346356,1.4089486888281777,Convenience,0.3534535559990932,$150K plus,25-36,Have kids < 18,Female
200354,2021,-0.9327803033508139,0.6180693298076018,-0.413914174857775,0.3780676158937465,-0.39786232678781613,Quality,0.24000171391385527,$75K to $99K,57-65,No kids < 18,Male
200858,2021,0.5979762838069204,1.0545339227904948,0.9905481011916658,0.9373580160345352,0.9535300297328052,Quality,0.06398582159882904,$100K to $124K,25-36,Have kids < 18,Male
200541,2021,1.0886172365008397,-0.7242379931367655,-1.2767570517324764,0.20316613060569055,0.9609618401155531,Price,0.12765539638528667,Under $25K,57-65,No kids < 18,Male
200004,2021,0.05615744735422199,0.38856921803572153,-0.40568182921771406,0.19976849947853664,0.057556332307556246,Quality,0.1888007185571849,$25K to $49K,66+,No kids < 18,Male
200605,2021,-0.3009365933651071,0.39954039936761765,0.30312880792941915,-0.3097368110183787,-0.39786232678781613,Quality,0.0964115914381985,$150K plus,37-56,No kids < 18,Male
200740,2021,0.061282235462982323,-0.49629235930055027,0.11100983649664894,0.5638441569115317,0.5146807327093019,Selection,0.049163424202229744,Under $25K,66+,No kids < 18,Male
200744,2021,-0.11789952123456593,0.9683456323332054,-0.9141121335944599,-1.4676713493919071,-0.40529413717056406,Quality,1.0862451535677713,$50K to $74K,57-65,No kids < 18,Female
101129,2025,-0.3025016344966764,0.8369662023891004,-0.4152609143407151,0.01211664875097449,-1.7492546833084375,Quality,0.8248495536381258,$75K to $99K,37-56,No kids < 18,Female
200126,2021,-1.5416226565510605,-2.0471186413915956,-0.051269256719758384,-0.354469499787287,-0.8532809858831885,Digital,0.3032002430675286,$75K to $99K,25-36,Have kids < 18,Female
101458,2025,0.2325257381613765,0.6080593585142955,-0.04770385144671209,0.020395477664054272,0.5129749914029287,Quality,0.09508436711136681,$25K to $49K,57-65,No kids < 18,Female
100913,2025,0.24345034403546734,-1.1506926148263523,0.12123015138662244,0.0072847878379752925,0.5055431810201807,Convenience,0.26209283698471336,$25K to $49K,37-56,Have kids < 18,Female
101587,2025,0.5923105622998405,-0.05827328838199221,0.6345726005193546,-1.0909827550238642,-0.39786232678781613,Digital,0.04226203821951413,$50K to $74K,25-36,Have kids < 18,Male
100084,2025,0.5978536013356616,0.17026561335129828,-0.8466377437756074,0.011450048691052872,-0.8384173651176927,Price,0.42758798798436326,$75K to $99K,18-24,Have kids < 18,Male
100766,2025,0.05971719433141304,0.6190305398461915,-0.42372395652096967,0.5664377594743056,-0.40529413717056406,Quality,0.05259278037188586,$50K to $74K,25-36,Have kids < 18,Male
100103,2025,0.5933022083291555,-0.2773954867190517,0.10141624352486972,-0.17692009488950627,-0.8532809858831885,Price,0.49188596480428576,$25K to $49K,57-65,Have kids < 18,Male
100147,2025,0.19930248693074373,-0.7142280218434591,0.3020272728354508,0.19457867009911328,-1.301267834595813,Digital,0.10272478590470704,$50K to $74K,37-56,Have kids < 18,Female
101134,2025,-0.6585138084193664,0.39976572512317854,0.12748903562554897,0.3825391524201729,0.057556332307556246,Quality,0.01722657270300565,$75K to $99K,57-65,No kids < 18,Female
200709,2021,-0.11921919742361753,1.0439306836001132,-0.051269256719758384,-0.5420720136419224,0.5055431810201807,Quality,0.5383875025799325,$75K to $99K,25-36,Have kids < 18,Female
100395,2025,0.5944165368297294,-0.7145959639849736,0.6479477874555956,0.1956549314185344,0.5129749914029287,Digital,0.05353125062586617,$25K to $49K,25-36,Have kids < 18,Female
101746,2025,1.3168907630051903,-0.9325316265278825,-0.06219508132569953,-0.9043190739841916,-1.7492546833084375,Price,1.3790858443308898,Under $25K,66+,Have kids < 18,Male
201012,2021,1.3131884729788283,0.39917245722610323,-0.9174468423273124,-0.7218546967159043,0.9609618401155531,Price,0.35222663286327527,Under $25K,37-56,No kids < 18,Male
101222,2025,0.41068338712567504,0.38132483062109984,-1.9893492828440715,0.1996310709740783,1.4089486888281777,Convenience,0.9982653017025027,$25K to $49K,57-65,No kids < 18,Female
101527,2025,-1.3742669309895938,-0.2895532038450985,-0.4092327266419822,0.19256593188487797,0.9535300297328052,Convenience,0.7609640978479273,$125K to $149K,25-36,No kids < 18,Male
101476,2025,-1.3722930012781611,-0.49629235930055027,0.4676265669359327,-0.7364310349922607,-0.39786232678781613,Digital,0.8654888937237488,$50K to $74K,37-56,Have kids < 18,Female
200072,2021,-0.10652420272947968,0.38162526496184773,-0.7587331543839515,1.1219208672284409,1.4089486888281777,Convenience,0.28702782159973683,$75K to $99K,57-65,No kids < 18,Male
100322,2025,0.19155897311140563,0.6184372719491162,-1.815272438714557,-0.35720053085451925,0.4981113706374328,Quality,0.12032590131168341,$150K plus,37-56,No kids < 18,Female
100112,2025,-0.4758949872158859,1.0545339227904948,-0.057938674185463744,-0.16905092723592596,0.9609618401155531,Quality,0.09357208267494177,$150K plus,57-65,Have kids < 18,Female
100589,2025,-0.8341033564357888,-1.1628503319523988,-0.24338822815252859,0.5664377594743056,0.5129749914029287,Selection,0.053462768071376954,$25K to $49K,37-56,Have kids < 18,Male
101924,2025,0.7765846454022144,0.18064352678611906,0.2568040906827008,-0.17120344987476818,0.5129749914029287,Price,0.2636096539992857,$75K to $99K,25-36,No kids < 18,Male
201160,2021,-0.659054741817686,-0.0488565849857612,-0.42617331885126947,0.20070733229349944,0.5055431810201807,Convenience,0.30483584872668124,$75K to $99K,37-56,No kids < 18,Male
200795,2021,0.06095420530324573,1.2734307953719934,-1.2667165735290882,-0.91652234965974,0.06498814269030417,Quality,1.2084426526816894,$75K to $99K,57-65,Have kids < 18,Female
100137,2025,0.4190398920518898,0.18123679468319437,0.09962261881032056,0.5654989266593428,0.9609618401155531,Convenience,0.3954629134562103,$75K to $99K,66+,No kids < 18,Male
101588,2025,-1.1916481097861134,-0.49569909140347496,-0.0777889340520467,-0.7227935295308671,0.057556332307556246,Convenience,0.13534526635960295,$75K to $99K,25-36,No kids < 18,Female
100654,2025,1.1305696517753479,-0.2571502183768781,-0.9488641565668091,-1.2850695436191615,0.9609618401155531,Price,0.16960781165979477,Under $25K,37-56,No kids < 18,Female
200025,2021,-1.3656454499964352,-0.4959244171590359,0.10943240047351521,-0.7282038988722562,1.4089486888281777,Convenience,1.2995162883546625,$25K to $49K,37-56,Have kids < 18,Male
200073,2021,-0.11206724176530072,0.825401753160129,-0.07667289110930023,1.1219208672284409,-1.7492546833084375,Selection,0.2965191140683119,$75K to $99K,37-56,Have kids < 18,Male
200496,2021,0.5984269964379159,-1.8285897109516114,0.09295320134461517,-0.5379244522429667,-1.3086996449785608,Price,0.5054737950933007,Under $25K,37-56,Have kids < 18,Male
200675,2021,1.1335884653542194,1.2734307953719934,0.813330892864662,0.383615413739594,1.4089486888281777,Convenience,0.13551789345618426,$150K plus,25-36,Have kids < 18,Male
200670,2021,-0.4765586030854643,1.0439306836001132,-0.7471515921622597,0.37712878307878367,0.06498814269030417,Quality,0.6668019005213295,$150K plus,57-65,Have kids < 18,Male
101048,2025,-0.46874303155756913,0.1590691062638413,-0.7647613420826844,0.19126913060349102,0.5055431810201807,Convenience,0.31427405041668965,$25K to $49K,66+,No kids < 18,Female
200265,2021,0.23865358608644358,0.1816047368247088,-1.2887854991857772,0.012695157179364503,-0.3904305164050682,Price,0.057048849261734785,$75K to $99K,57-65,Have kids < 18,Female
100931,2025,0.4223867357904979,-0.2561890083382884,-0.5728440514925515,0.01349918574374449,0.4981113706374328,Convenience,0.07572463484693492,$125K to $149K,66+,No kids < 18,Female
101465,2025,0.422476956557822,0.6178440040520409,-0.2543285606072479,0.01479598702513144,-1.7566864936911855,Quality,0.19536704749421885,$75K to $99K,25-36,Have kids < 18,Male
100221,2025,1.3082016216055945,-0.0372921357567898,0.8236020676082438,-0.5385369540103102,0.4981113706374328,Price,0.48459955399735066,Under $25K,37-56,Have kids < 18,Female
100928,2025,-0.4779685000418401,-0.7032568405115631,0.4558143081740472,1.1219208672284409,0.050124521924808346,Selection,0.6661065590543936,$50K to $74K,25-36,Have kids < 18,Male
200957,2021,-1.3702564713814074,-1.1510605569678667,-1.2720756035166836,-0.3561242695350981,0.9609618401155531,Convenience,1.3170861096506512,$75K to $99K,57-65,Have kids < 18,Male
101539,2025,-0.2968359129895965,-0.27776342886056615,-0.7649775307740998,0.020343784870978942,0.9535300297328052,Convenience,0.9331862448618262,$25K to $49K,66+,No kids < 18,Female
200075,2021,-0.11930941819094164,-0.05923449842058197,0.46049575638984,0.01793667935186317,1.4089486888281777,Convenience,0.9484529324383377,$100K to $124K,37-56,No kids < 18,Female
200374,2021,0.7805951050104009,-0.04826331708868588,0.8236020676082438,0.570909296000732,1.4089486888281777,Convenience,0.5853466212199339,$25K to $49K,18-24,Have kids < 18,Other or not stated
200284,2021,0.42350106429107176,-0.2893278780895375,0.6670898278305831,0.5661655267192645,0.050124521924808346,Digital,0.10092430111131867,$100K to $124K,18-24,Have kids < 18,Female
100534,2025,-0.8449052798386208,-0.05982776631765728,-0.24830037290851498,0.36545214602076487,0.9609618401155531,Convenience,0.5955096940947882,$75K to $99K,66+,No kids < 18,Male
101538,2025,-0.47945473419307694,0.38856921803572153,0.9925360704415784,-0.17424075661534932,-0.39786232678781613,Digital,0.6039668524058569,$150K plus,25-36,Have kids < 18,Other or not stated
100607,2025,0.7683508229472584,-0.06019570845917173,0.4540206834594981,0.936281754715114,-0.3904305164050682,Selection,0.16793093176785556,Under $25K,37-56,Have kids < 18,Female
100075,2025,-0.4841288096708418,0.836598260247586,-0.599378236673618,0.7588697783217916,-0.8532809858831885,Quality,0.0777284819257944,$50K to $74K,37-56,Have kids < 18,Male
101660,2025,-0.8350950024651038,0.37759803670382547,0.819805965795004,0.7507800707062455,-0.39786232678781613,Digital,0.06902589508875845,Under $25K,18-24,No kids < 18,Male
200268,2021,0.4260691652389478,0.37663682666523574,-0.40100038100192126,0.7518563320256666,0.9535300297328052,Convenience,0.2016736977071386,$75K to $99K,37-56,No kids < 18,Female
101323,2025,-0.4821016421212854,0.617108119769012,-8.861155621260053e-4,-0.1758438335700851,0.050124521924808346,Quality,0.5669835978442037,$50K to $74K,57-65,No kids < 18,Male
101733,2025,0.056698380752541556,-0.03669886785971446,0.10609769174066254,0.01810552652075371,-0.8458491755004406,Digital,0.04939931098812098,$150K plus,37-56,Have kids < 18,Female
100114,2025,0.7810458176413962,0.6070981484757058,0.27036475420698247,-0.5359152109035509,-0.3904305164050682,Price,0.1739476691656905,Under $25K,37-56,Have kids < 18,Male
100987,2025,-0.6632781046644554,-0.04826331708868588,-0.07399283223880679,0.19220796341845378,0.9609618401155531,Convenience,0.7687538766970993,$50K to $74K,66+,No kids < 18,Male
200651,2021,0.24812441951323222,-0.05886655627906753,-1.1013334681200218,0.01278089289074753,-0.39786232678781613,Price,0.2353435266224847,$25K to $49K,25-36,Have kids < 18,Female
101615,2025,-0.47755024911477933,0.38162526496184773,1.1679596540540331,-0.17208823397650702,0.5055431810201807,Digital,0.6624164730338524,$100K to $124K,25-36,No kids < 18,Female
100223,2025,-0.2949314279112989,-0.49544548869000954,1.338701789450695,0.38772898179959625,-1.301267834595813,Digital,0.9509728076510987,$75K to $99K,25-36,Have kids < 18,Other or not stated
100519,2025,0.5857320017437779,-0.2790925810406703,0.8135615894048556,-0.17213992676958234,0.9609618401155531,Convenience,0.1474002507106975,Under $25K,37-56,Have kids < 18,Male
101349,2025,0.2356347725075721,-0.5074888663880073,0.6379073092522073,-0.5421237064349977,1.4089486888281777,Convenience,0.7710413795759704,$75K to $99K,57-65,No kids < 18,Male
101120,2025,-0.3059711607065433,0.18101146892763345,0.9793915800455311,0.934984953433727,0.4981113706374328,Digital,0.044406626611804056,$100K to $124K,37-56,No kids < 18,Female
100036,2025,-1.0093573187423694,0.5849304600563526,0.30312880792941915,-1.099261583936944,-0.8458491755004406,Quality,0.2818016521269335,$25K to $49K,25-36,Have kids < 18,Female
100831,2025,-0.47230277853476016,-0.2889599359480231,-0.9256791879673734,-0.17186769401454124,-0.8458491755004406,Selection,0.11709224193348186,$25K to $49K,18-24,No kids < 18,Female
200036,2021,-1.546714982955886,-0.9340861044635475,0.6249935153963536,-0.35844563934283086,-0.39786232678781613,Digital,0.9834391547391845,$50K to $74K,25-36,Have kids < 18,Male
200439,2021,0.41068338712567504,0.6177013876660874,-0.06063215315134397,0.011040387431553366,0.9535300297328052,Convenience,0.3358286420667178,$150K plus,37-56,Have kids < 18,Female
100348,2025,-0.11053466233766616,-0.26679224752867003,-0.6083218361648486,-0.7160863589080909,0.4981113706374328,Convenience,0.608646032975099,$25K to $49K,66+,No kids < 18,Male
100168,2025,-0.8371221700146604,0.39880451508458875,-0.9441972161997945,0.9387922458203805,-1.3086996449785608,Selection,0.5399877307357916,$75K to $99K,37-56,Have kids < 18,Female
200761,2021,-0.299854726568468,0.38856921803572153,-1.1097965103002763,0.7547562102617894,0.06498814269030417,Selection,0.3661869922260679,$125K to $149K,66+,No kids < 18,Male
100117,2025,0.06939337544667941,0.38953042807431126,-0.7553984456510987,-0.3557663010686739,0.050124521924808346,Quality,0.32013705262763187,$150K plus,57-65,No kids < 18,Female
101708,2025,-0.28914302393296015,-1.3811539366368222,0.2864189122603255,-0.5430601833298119,0.4981113706374328,Convenience,0.21169245837710732,Under $25K,18-24,No kids < 18,Other or not stated
100531,2025,-0.8382364985152342,0.1590691062638413,-0.23895198432570755,0.01139835589797753,0.9609618401155531,Convenience,0.8018927338517118,$75K to $99K,18-24,Have kids < 18,Male
200406,2021,-1.184946866758792,-0.7142280218434591,-0.5739746022840762,0.01355087853681981,0.06498814269030417,Convenience,0.05143726415348436,$75K to $99K,37-56,No kids < 18,Female
200660,2021,0.597525571175925,-0.7257924710724306,-1.442587042373152,-0.35303527000144164,1.4089486888281777,Convenience,0.8114231176522527,Under $25K,66+,No kids < 18,Male
100321,2025,-0.11421709178611605,0.3779659788453399,-0.9138814370542662,-0.908212102082228,-0.39786232678781613,Quality,0.49218307063145594,$150K plus,66+,No kids < 18,Female
101029,2025,0.060831522831986874,0.3785592467424152,-0.7616573298900253,-0.9125462101041961,-0.40529413717056406,Quality,0.3177277239104283,$75K to $99K,66+,Have kids < 18,Other or not stated
100474,2025,0.06372765393959952,1.0554951328290845,0.13261736907295088,-0.3567908695950197,-0.8458491755004406,Quality,0.9228777637561336,$50K to $74K,37-56,Have kids < 18,Female
200390,2021,-0.11376637915512061,0.8369662023891004,-0.9272566239905071,-0.5348330472098074,0.9609618401155531,Convenience,0.12399563772645272,$50K to $74K,66+,No kids < 18,Female
200336,2021,-1.1844961541277965,-0.49666030144206474,-0.582899037544718,-0.907135840762807,1.3923793267563085,Convenience,1.8890396281983732,$25K to $49K,57-65,No kids < 18,Female
101921,2025,0.23530674234783552,0.606136938437116,0.9793915800455311,0.7497038093868243,-0.39786232678781613,Digital,0.2296877706587067,$50K to $74K,25-36,No kids < 18,Male
200014,2021,0.196478490934842,-0.7251992031753552,-0.22534610084927292,-0.3546900397492528,-0.8384173651176927,Price,0.4218245917841149,$50K to $74K,25-36,Have kids < 18,Female
200640,2021,-0.47386781966632946,-0.9440960757568538,0.10831635753076875,-1.085572385682475,0.9609618401155531,Convenience,0.8526454825847843,Under $25K,66+,No kids < 18,Female
200923,2021,-0.4615910758992523,0.3876080079971318,0.2968844315392708,0.15632226281047357,1.4089486888281777,Convenience,1.021340680831046,$50K to $74K,37-56,Have kids < 18,Male
100228,2025,0.9586625332073753,-0.4856891201101686,0.9938828099245185,0.3861259048448605,0.050124521924808346,Digital,0.03522027671714323,Under $25K,25-36,Have kids < 18,Female
101775,2025,0.061495138701565276,-0.5074888663880073,0.2481236355551793,0.39240948259531727,-0.3904305164050682,Selection,0.14428584704013797,$50K to $74K,37-56,Have kids < 18,Male
101026,2025,0.5907341073812794,-0.7148212897405345,0.8969481100714697,-0.1699066485933812,-0.8384173651176927,Digital,0.3062140026901903,Under $25K,18-24,No kids < 18,Female
200807,2021,0.4137022007045465,1.0439306836001132,-0.060848341842759425,0.9403953227751163,0.057556332307556246,Quality,0.10353536082499692,$150K plus,37-56,No kids < 18,Male
101912,2025,0.5979762838069204,0.14905913497053494,-0.7469208956220661,0.012474617217398653,-0.8607127962659364,Price,0.44891714883638545,$25K to $49K,66+,No kids < 18,Male
100082,2025,-0.11409440931485722,0.16003031630243103,0.1243850234328899,1.1219208672284409,-0.8458491755004406,Selection,0.9618905509260098,$150K plus,25-36,Have kids < 18,Male
200442,2021,0.7760437120038948,0.14905913497053494,-0.5728585593413297,0.7493458409204001,1.4089486888281777,Convenience,0.6329049768242829,Under $25K,25-36,Have kids < 18,Female
200335,2021,-0.6554949948404949,-0.29993111727991917,-0.7556291421912924,-0.36189260734291145,-0.39786232678781613,Quality,0.061961490062992286,$25K to $49K,57-65,No kids < 18,Other or not stated
200656,2021,0.4204034437318679,0.3773727109482646,-0.07067263135473226,-0.3532558099634075,-0.39786232678781613,Price,0.04303073278360331,$25K to $49K,37-56,Have kids < 18,Female
101477,2025,0.2315340921320615,-1.1616637961582483,-0.5946967884578251,0.5627678955921105,-0.8532809858831885,Selection,0.331233803460049,$50K to $74K,57-65,Have kids < 18,Female
100669,2025,0.7805951050104009,-0.26679224752867003,-0.043253099771112954,0.7524348404540566,-0.39786232678781613,Price,0.02816026455634424,$75K to $99K,18-24,Have kids < 18,Male
100063,2025,0.24224579476756938,-0.2677534575672598,-1.6166638865026666,-0.16601362049534485,-0.8607127962659364,Price,0.4082594152629142,$50K to $74K,37-56,Have kids < 18,Female
100850,2025,-1.0058877925325027,1.0554951328290845,0.288406881510238,0.9360612147531482,-0.39786232678781613,Quality,0.11943391807593629,$100K to $124K,18-24,No kids < 18,Male
200773,2021,-0.647351393152863,0.40792671662165,0.10989379355390246,-0.3567908695950197,0.050124521924808346,Quality,0.29803292306774753,$150K plus,18-24,Have kids < 18,Female
101478,2025,0.5934248908004144,0.6074660906172201,0.3020127649866727,0.7506426422017871,-1.7492546833084375,Selection,0.143176551584567,$50K to $74K,25-36,Have kids < 18,Female
101435,2025,-0.4749033411865709,0.5955336992467343,-0.046587808503965614,-1.2751876377513458,-1.7566864936911855,Quality,0.6421215077506999,$150K plus,37-56,No kids < 18,Male
200139,2021,0.06864709435988212,-0.2879987259094334,-0.2471843299657685,0.02056432483294479,0.5129749914029287,Convenience,0.44432789704304654,$125K to $149K,66+,No kids < 18,Male
200467,2021,-0.11620038384474604,0.1816047368247088,-0.23673331853560137,-0.1703477285173129,-1.301267834595813,Quality,0.29780512066945486,$50K to $74K,25-36,Have kids < 18,Female
101454,2025,-0.4727534911657556,0.8356370502089963,-1.2707288640337435,-0.7282896345836393,-0.39786232678781613,Quality,1.2334993769968123,$150K plus,66+,No kids < 18,Female
100516,2025,0.7763717421636314,0.836598260247586,0.12658918137421798,0.38474336785209046,0.5055431810201807,Quality,0.06022651808395463,$25K to $49K,66+,No kids < 18,Female
101355,2025,0.24444199006478232,-0.058498614137553126,0.11789544265376975,-0.5295915250373088,1.4089486888281777,Convenience,1.1645066987633954,$75K to $99K,37-56,No kids < 18,Male
100110,2025,0.42193602315950246,-0.0488565849857612,-0.054603965452611036,0.5678202964670755,0.5055431810201807,Selection,0.06227711544689485,Under $25K,57-65,Have kids < 18,Male
200224,2021,0.5942938543584705,-1.3811539366368222,0.2968844315392708,-0.34619067087420713,1.4089486888281777,Convenience,0.8146548344697072,Under $25K,25-36,Have kids < 18,Female
100041,2025,-1.1911071763877938,-0.048488642844246796,-1.1196207998122492,-0.7214967282494801,0.050124521924808346,Convenience,0.09861316476905514,$50K to $74K,37-56,No kids < 18,Female
200885,2021,-0.8294292809580239,0.16967234545422297,0.11924218213670987,-0.5415742607508913,-0.39786232678781613,Quality,0.0504301633175131,$50K to $74K,18-24,No kids < 18,Female
101864,2025,-1.1884163929686589,-1.1526150349035316,-0.5826683410045244,0.37583198179739674,0.5129749914029287,Convenience,0.13714300960553194,$50K to $74K,66+,Have kids < 18,Male
201022,2021,1.3131884729788283,0.5959016413882487,1.1548151636579858,0.3812423511387859,0.06498814269030417,Price,0.1583733093208426,$125K to $149K,18-24,Have kids < 18,Male
101126,2025,0.7765846454022144,0.39954039936761765,-0.5857723531971833,-0.16739615748811482,0.5129749914029287,Price,0.2636096539992857,$50K to $74K,57-65,Have kids < 18,Male
101089,2025,0.6061198854945522,-0.5074888663880073,0.11456073392091708,0.5653614981548845,0.06498814269030417,Price,0.040758387339667745,$75K to $99K,57-65,No kids < 18,Male
100312,2025,-0.11152630836698116,-0.5082247506710361,0.8004170990088082,0.9400373543086921,-1.293836024213065,Selection,0.13962025529988387,$25K to $49K,57-65,Have kids < 18,Other or not stated
101748,2025,0.42619184771020663,0.17063355549281273,0.6334565575766081,0.011040387431553366,1.4089486888281777,Convenience,0.7754921312515696,$100K to $124K,25-36,No kids < 18,Female
100020,2025,-0.8416735630211665,0.3773727109482646,-0.23025824560525937,-0.5385369540103102,0.5129749914029287,Convenience,0.1356022804546641,$75K to $99K,37-56,Have kids < 18,Male
101427,2025,0.42231213575156107,0.37700476880675016,0.10989379355390246,-0.16507478768038206,-0.39615658548144284,Price,0.04530736694481091,$25K to $49K,37-56,Have kids < 18,Female
100358,2025,0.597525571175925,0.6070981484757058,-0.060848341842759425,0.5674623280006514,-0.39786232678781613,Quality,0.009572577299780782,$50K to $74K,25-36,Have kids < 18,Female
100361,2025,-0.1104119798664073,-0.3008923273185089,0.30447554741235927,0.20642397730823747,-0.39786232678781613,Digital,0.0980515701041218,$150K plus,66+,No kids < 18,Female
200942,2021,-0.11430731255344015,1.2734307953719934,-0.41549161088090875,0.01068241896512917,0.5055431810201807,Quality,0.7678876143518127,$25K to $49K,66+,No kids < 18,Female
101662,2025,0.7753800961343164,-0.921192503054472,-0.08782941225543502,0.015374495453521453,1.4089486888281777,Convenience,0.6335685926938613,$50K to $74K,37-56,Have kids < 18,Male
100290,2025,0.23964523211575858,-0.2771701609634908,-0.5958128314005716,-0.5399711837961555,-0.8532809858831885,Price,0.5168153930792494,$50K to $74K,37-56,No kids < 18,Female
100393,2025,-0.8345216073628496,0.3882012758942071,-0.7567451851340389,0.38629475201375096,0.9535300297328052,Convenience,0.565328753838598,$50K to $74K,57-65,Have kids < 18,Male
201188,2021,-0.11364369668386176,0.3779659788453399,-0.22534610084927292,0.5681782649334998,0.050124521924808346,Selection,0.19021228608815988,$125K to $149K,18-24,Have kids < 18,Female
101869,2025,0.4193679222116264,0.18123679468319437,0.8039679964330764,0.5624099271256864,0.5055431810201807,Digital,0.24155806930739,$50K to $74K,25-36,Have kids < 18,Female
101788,2025,-1.599761570847992,-0.2658310374900803,-0.06464444365599936,1.125676466822019,-0.39786232678781613,Selection,1.1903209104780184,$75K to $99K,66+,No kids < 18,Male
100658,2025,0.4194906046828853,1.0549018649320092,0.12169154446700971,-0.9060595794433858,0.9609618401155531,Quality,0.09394002481645614,$50K to $74K,25-36,Have kids < 18,Female
101247,2025,0.24444199006478232,-0.05886655627906753,0.1011855469846761,-0.7245340349900612,-0.8532809858831885,Price,0.1432564430801062,$50K to $74K,18-24,Have kids < 18,Male
200941,2021,1.3131884729788283,1.0554951328290845,0.6345726005193546,-0.355048008215677,0.4981113706374328,Price,0.2576933401497439,$75K to $99K,25-36,Have kids < 18,Female
200848,2021,-0.12290162687206742,0.16967234545422297,-0.413914174857775,0.5705513275343078,-0.8458491755004406,Selection,0.4008789820800849,$75K to $99K,66+,Have kids < 18,Male
100202,2025,0.24332766156420849,-0.0488565849857612,0.6263402548792937,0.007064247876009466,-1.301267834595813,Digital,0.3830125933150852,$25K to $49K,18-24,Have kids < 18,Female
200029,2021,0.7719105699244495,0.39976572512317854,-0.05572000839535758,0.7531014405139782,0.050124521924808346,Price,0.018809129410471304,$25K to $49K,25-36,Have kids < 18,Male
201000,2021,-1.012589035559824,0.17063355549281273,-0.5646117058524907,0.9387405530273051,0.050124521924808346,Selection,0.7681069975344923,$75K to $99K,37-56,No kids < 18,Female
101422,2025,0.4137022007045465,0.1590691062638413,1.1098827136953784,-0.17048515702177125,0.050124521924808346,Digital,0.6961805129908318,$25K to $49K,25-36,Have kids < 18,Male
200223,2021,0.6010853181531159,-0.9443214015124147,-0.24473496763546868,-0.3570631023500609,-0.39786232678781613,Price,0.8458202857885846,$50K to $74K,57-65,No kids < 18,Female
201049,2021,-0.12290162687206742,0.17122682338988804,0.28975362099317814,-1.4633372413699393,-0.8532809858831885,Digital,0.1185267976032901,$125K to $149K,66+,Have kids < 18,Female
100371,2025,0.5923105622998405,-0.2677534575672598,-0.4092327266419822,-0.5427022148633878,-0.39786232678781613,Price,0.8600640198671003,$25K to $49K,37-56,Have kids < 18,Male
101845,2025,-0.2927027709101512,-1.3809286108812613,0.44956993178389887,0.5705513275343078,-0.8532809858831885,Selection,0.12098139575040895,$25K to $49K,25-36,Have kids < 18,Female
100314,2025,-1.1967728978948737,1.0545339227904948,0.8236020676082438,-0.3598798691286762,1.4089486888281777,Convenience,0.35441476603768285,$25K to $49K,57-65,No kids < 18,Male
200685,2021,-0.11822755139430254,0.6190305398461915,0.03413923827221317,0.019181787840174835,0.050124521924808346,Quality,0.5689060179213832,$25K to $49K,18-24,No kids < 18,Male
200698,2021,0.06753276585930824,-0.7148212897405345,-0.3887412370084268,1.1215628987620168,0.5055431810201807,Selection,0.6160197177418361,$125K to $149K,66+,Have kids < 18,Female
100594,2025,0.0684017294173644,0.18219800472178413,-1.29346694740157,1.3072020112753435,0.5129749914029287,Selection,0.7942270198724148,$50K to $74K,25-36,Have kids < 18,Male
100971,2025,0.4178028810800571,0.38893716017723595,-0.4105794661249223,0.5634861884451074,0.057556332307556246,Selection,0.14568330736505036,$75K to $99K,37-56,No kids < 18,Female
100203,2025,-0.3019607010983568,0.15773995408373712,1.1548151636579858,0.5678202964670755,-0.40529413717056406,Digital,0.5869948671909102,$75K to $99K,25-36,Have kids < 18,Male
200113,2021,0.6470629484556224,-0.7148212897405345,-1.104898873393068,0.2010136079668483,-1.301267834595813,Price,0.4460493404887741,$75K to $99K,25-36,Have kids < 18,Male
201138,2021,0.9549801037589254,-0.05982776631765728,0.9807383195284711,-1.0967510928316777,-0.40529413717056406,Digital,0.025758215769545734,$100K to $124K,25-36,Have kids < 18,Female
200772,2021,-0.47230277853476016,0.3882012758942071,0.11789544265376975,0.37685447143807493,-2.20467334240381,Quality,0.011346804456132176,$25K to $49K,25-36,No kids < 18,Female
200976,2021,0.7765846454022144,0.6184372719491162,0.6247628188561599,0.38071553550347126,1.4089486888281777,Convenience,0.6323640434259633,$50K to $74K,57-65,No kids < 18,Male
201136,2021,0.4230503516600763,-0.048488642844246796,0.2815212753531172,-0.360100409090642,1.4089486888281777,Convenience,0.9858983371681014,$75K to $99K,37-56,No kids < 18,Male
100439,2025,-0.4727534911657556,0.14905913497053494,-0.5989168435932307,0.19690003990684607,-0.8532809858831885,Selection,0.04784090493631113,$150K plus,66+,No kids < 18,Female
100327,2025,1.1345801113835343,-1.3801927265982326,-0.38739449752548666,-0.3543320712828286,0.057556332307556246,Price,1.077023779075978,Under $25K,37-56,No kids < 18,Male
101159,2025,-0.027927961909122473,0.18064352678611906,0.4654079011458264,0.7534594089804024,0.5129749914029287,Selection,0.24048441757747374,$125K to $149K,37-56,Have kids < 18,Male
200288,2021,0.4112243205239946,-0.9331248944249577,0.4772056520589337,0.3850496435254393,0.057556332307556246,Digital,0.06598133153493912,$25K to $49K,37-56,Have kids < 18,Female
100388,2025,-0.6523534987903645,0.8360049923505106,-0.06932589187179215,0.19703746841130437,-1.7566864936911855,Quality,0.6389675239392063,Under $25K,25-36,Have kids < 18,Male
101042,2025,-1.188506613735983,-0.27643427668046194,-0.5946967884578251,0.934984953433727,1.4089486888281777,Convenience,0.4739637353944507,$75K to $99K,25-36,Have kids < 18,Male
200939,2021,0.19657204762163874,0.38856921803572153,-0.76632427025704,-0.17150972554811705,0.5146807327093019,Convenience,0.1261115146735804,$75K to $99K,66+,No kids < 18,Male
101188,2025,-0.11723590536498754,-1.140682643533046,0.29331902626622447,0.01139835589797753,0.9535300297328052,Convenience,0.6602110034665807,$75K to $99K,25-36,Have kids < 18,Female
100282,2025,1.1335884653542194,-0.25485985615818424,-0.3998977581545616,0.8373307280620392,0.5055431810201807,Price,0.2962577372921802,$25K to $49K,66+,Have kids < 18,Male
200362,2021,-0.4758949872158859,0.37759803670382547,-1.2896353245870793,0.9414715840945374,0.5129749914029287,Selection,0.42849659269160867,$25K to $49K,57-65,No kids < 18,Male
100352,2025,0.4146938467338615,-1.5994575413212455,0.29823117102221086,-0.3628314401578742,0.9609618401155531,Convenience,0.5462679933816916,$50K to $74K,37-56,Have kids < 18,Male
101356,2025,0.7683508229472584,-0.5072635406324464,-0.8788834738820807,0.02329535590017705,-0.39786232678781613,Price,0.7450554670470814,$125K to $149K,37-56,No kids < 18,Male
101596,2025,0.5984269964379159,-1.1522470927620172,0.10586699520046891,-0.5372918455219986,-0.8607127962659364,Price,0.4925600012374469,$25K to $49K,25-36,Have kids < 18,Female
200144,2021,0.2362081676098264,-1.3917571758272038,0.12303828394994981,0.01278089289074753,0.9535300297328052,Convenience,0.7173218621229788,Under $25K,57-65,Have kids < 18,Male
100043,2025,-0.8437795375510553,0.8144305718282329,-1.0977680628469755,-0.913928747096966,-0.3904305164050682,Quality,1.204861088233301,$150K plus,66+,No kids < 18,Other or not stated
200055,2021,0.41783534278399187,-0.27798875461612704,-0.234925185972274,-0.35411153132086276,-0.39786232678781613,Price,0.6527605287562659,$100K to $124K,18-24,Have kids < 18,Female
200576,2021,0.24290941063714777,0.5955336992467343,-0.0726460927558667,-0.17531701793477042,0.5129749914029287,Quality,0.08255870784380559,$50K to $74K,66+,Have kids < 18,Female
100102,2025,-0.4806592834609749,0.6074660906172201,0.28706014202729796,0.7534594089804024,1.4089486888281777,Convenience,0.6554892798477753,$75K to $99K,37-56,Have kids < 18,Female
201147,2021,-1.1927624382866873,0.4010210834652094,0.12770522431696443,-0.17656212642308208,0.5055431810201807,Convenience,0.10452209755497127,$150K plus,25-36,No kids < 18,Male
201128,2021,0.7790625255827663,0.8250338110186146,-0.9535456047826019,0.5654989266593428,0.5055431810201807,Quality,0.045971285435848275,$50K to $74K,57-65,Have kids < 18,Female
100447,2025,0.06741008338804941,-1.1618891219138092,-0.5681771111255369,0.5674623280006514,0.057556332307556246,Selection,0.500052244612602,$25K to $49K,25-36,No kids < 18,Female
101778,2025,0.9539884577296104,0.40013366726469296,0.4493392352437053,1.1215628987620168,0.050124521924808346,Selection,0.16757444103240637,$75K to $99K,25-36,Have kids < 18,Male
101274,2025,-0.47598520798321003,-0.49629235930055027,0.285302869317579,0.3866527204801751,-1.7566864936911855,Selection,0.10134985116259615,$75K to $99K,18-24,Have kids < 18,Female
100135,2025,-0.4805690626936508,-0.2770275445775373,0.8173431833693173,-0.17115175708169286,0.9609618401155531,Convenience,0.14361865674623575,$75K to $99K,37-56,No kids < 18,Male
100575,2025,-1.3799326524966737,0.1816047368247088,0.9793915800455311,-0.07493030189146728,0.9609618401155531,Digital,0.018429739929977984,$75K to $99K,18-24,No kids < 18,Male
100877,2025,0.5928514956981601,-1.151653824864942,0.45937971344709355,0.1966794999448802,0.4981113706374328,Price,0.09474012506072726,Under $25K,37-56,Have kids < 18,Female
200448,2021,-0.11421709178611605,0.3871838655521151,-1.1015641646602155,0.6161113340936899,1.4089486888281777,Convenience,0.7928373547344878,$50K to $74K,66+,No kids < 18,Male
100857,2025,0.7790625255827663,0.8363729344920251,-0.046587808503965614,0.009606157645708047,1.4089486888281777,Convenience,0.5725757543361526,$25K to $49K,25-36,Have kids < 18,Female
100129,2025,1.3131884729788283,0.39326072498664977,0.2752623911141907,-0.7218546967159043,0.9535300297328052,Price,0.35965844324602314,$50K to $74K,18-24,Have kids < 18,Female
100748,2025,0.7770353580332098,-1.3705506974464405,0.6512824961884482,-1.2753250662558042,1.4089486888281777,Convenience,0.6319133307949679,$50K to $74K,37-56,Have kids < 18,Male
100573,2025,-0.8381138160439754,-0.9111825317611656,0.6345726005193546,-0.7239555265616712,-0.39786232678781613,Digital,1.0324349273071707,$100K to $124K,37-56,No kids < 18,Male
200663,2021,0.049997137725220166,0.1596623741609166,-0.5748465285912422,0.7524348404540566,-0.39956806809418943,Selection,0.59277246629314,$100K to $124K,37-56,Have kids < 18,Male
200866,2021,1.1382625408319842,-0.9331248944249577,-0.608957321796619,0.38231861245820703,-0.39956806809418943,Price,0.7559439283737772,Under $25K,66+,No kids < 18,Male
100876,2025,0.7842775344588507,-0.4960670335449894,0.6383541944838164,0.7507800707062455,0.042692711542060446,Price,0.033497463752605205,Under $25K,18-24,Have kids < 18,Male
100104,2025,0.9556437196285038,-0.9325316265278825,-0.22447417454210686,-0.1688303872739601,0.057556332307556246,Price,0.8980873873209476,$25K to $49K,37-56,Have kids < 18,Male
101823,2025,0.6000034513564769,-1.380560668739747,-0.42728936179401594,-1.4646340426513262,-1.3069939036721876,Price,1.0272928131504928,$25K to $49K,66+,No kids < 18,Female
100411,2025,-0.6478021057838586,-0.49629235930055027,-0.0777889340520467,-0.3534449312609412,-0.39786232678781613,Digital,0.27565599720889444,$150K plus,57-65,No kids < 18,Male
200135,2021,-0.2911263159915901,-1.3705506974464405,-1.1215942612133836,-1.0987661869660617,-1.7566864936911855,Price,0.8076398709744715,$50K to $74K,25-36,Have kids < 18,Male
101179,2025,0.05660815998521744,0.37700476880675016,-0.24806967636832136,-0.7159489304036326,-0.8458491755004406,Quality,0.3203966088215327,$50K to $74K,37-56,No kids < 18,Female
201149,2021,-0.12232823176981313,-0.7257924710724306,-1.625126928682921,0.3863464448068263,1.4089486888281777,Convenience,1.0226022440213514,$25K to $49K,37-56,Have kids < 18,Female
100605,2025,0.639729472335955,0.6177013876660874,-0.03947150580665114,-0.7266348648358281,0.9535300297328052,Convenience,0.3138005573968502,$125K to $149K,18-24,Have kids < 18,Female
201048,2021,0.4172619476817376,-0.5074888663880073,-0.3994229449787875,0.748987872453976,0.5055431810201807,Selection,0.24344469143379532,$50K to $74K,25-36,Have kids < 18,Female
101234,2025,-0.30138730599610253,-0.060421034214732605,-0.5646117058524907,-0.5321020161425752,0.9609618401155531,Convenience,1.0213828743302857,$50K to $74K,66+,No kids < 18,Male
200517,2021,-0.6595956752160055,1.2734307953719934,0.8233713710680503,0.7491253009584343,-1.301267834595813,Quality,0.4500594243039432,$25K to $49K,25-36,Have kids < 18,Female
101434,2025,-1.3749305468591722,0.6068728227201448,0.4736402467858874,0.024319924426522845,-1.293836024213065,Quality,0.13323257593425736,$150K plus,37-56,Have kids < 18,Female
100385,2025,0.9555210371572449,0.17026561335129828,-0.24141476675139414,-0.5437267833897336,0.4981113706374328,Price,0.4574096665198121,$75K to $99K,66+,No kids < 18,Female
100894,2025,-0.6519027861593691,1.0439306836001132,1.1646249453211803,-0.724176066523637,0.5129749914029287,Digital,0.12069426172106712,$100K to $124K,25-36,Have kids < 18,Female
100057,2025,-0.11119827820724457,-0.060421034214732605,1.1681903505942268,0.37856301286462896,1.4089486888281777,Convenience,0.24075833823395087,$25K to $49K,25-36,Have kids < 18,Male
100712,2025,0.04801384566659017,-0.4849532358271398,0.4638304651226927,-0.3085973665474506,0.9609618401155531,Convenience,0.49713137499286036,$50K to $74K,37-56,Have kids < 18,Male
100325,2025,0.5968619553063466,-0.49629235930055027,0.6931454877518416,0.39010204440040436,0.06498814269030417,Digital,0.09628353244549503,Under $25K,18-24,Have kids < 18,Female
100079,2025,0.593843141727475,-0.048488642844246796,1.1548151636579858,-1.8344780378921344,-0.39786232678781613,Digital,0.5609720219305108,Under $25K,18-24,Have kids < 18,Female
100541,2025,-0.8264104673791525,0.836598260247586,0.1156767768636636,-0.16502309488730668,0.057556332307556246,Quality,0.7209214833839224,$75K to $99K,25-36,Have kids < 18,Female
100356,2025,1.3131884729788283,-1.6112473163057777,0.46271442217994624,0.7491253009584343,0.050124521924808346,Price,0.564063172020394,Under $25K,37-56,Have kids < 18,Female
201067,2021,-0.30051834243804637,-0.05790534624047779,-1.096652019904229,1.125676466822019,0.5129749914029287,Selection,0.6127014754190903,$50K to $74K,37-56,No kids < 18,Female
100360,2025,0.2362081676098264,0.3882012758942071,-1.1147086550562626,0.19632153147845605,0.042692711542060446,Quality,0.1519931082843807,$50K to $74K,66+,No kids < 18,Female
101019,2025,0.2511432330921037,0.6184372719491162,-0.05751363310990674,0.9414715840945374,0.057556332307556246,Selection,0.3230343121454211,$100K to $124K,25-36,Have kids < 18,Female
200786,2021,-0.12223801100248902,1.0554951328290845,-0.5824376444643307,0.015153955491555604,0.5055431810201807,Quality,0.5499519518089038,$50K to $74K,25-36,No kids < 18,Female
201140,2021,-0.8348820992265209,0.16944701969866205,0.1134446909781706,-0.724176066523637,0.050124521924808346,Quality,0.05600232872049145,$75K to $99K,25-36,Have kids < 18,Female
100916,2025,-0.8298475318850846,0.6992608740158235,-0.4119262056078624,0.1979763012262672,1.4089486888281777,Convenience,0.7096878148123542,$100K to $124K,37-56,No kids < 18,Male
100308,2025,-0.6560359282388144,0.11044020007466432,0.47608960911618725,0.01479598702513144,-0.8532809858831885,Digital,0.36564940904152293,$75K to $99K,18-24,Have kids < 18,Female
101414,2025,0.41415291333554194,-0.26642430538715567,0.8978701114413294,-0.17280652682950404,-0.3904305164050682,Digital,0.4837171981057875,$100K to $124K,18-24,Have kids < 18,Male
100814,2025,-0.2921618375118316,-0.0488565849857612,-1.10868046735753,0.009385617683742253,0.9535300297328052,Convenience,0.944144412049063,$50K to $74K,25-36,No kids < 18,Female
100042,2025,-0.8386547494422949,-0.9443214015124147,-0.760296082558307,-1.0888819251780975,0.5055431810201807,Convenience,1.2658392635784876,$50K to $74K,66+,No kids < 18,Male
201046,2021,0.7810458176413962,-0.9217857709515472,-0.5964540611675441,-1.0926375247716753,-0.3904305164050682,Price,1.1714763340464645,Under $25K,18-24,Have kids < 18,Female
101406,2025,0.06372765393959952,-0.04826331708868588,0.9793915800455311,0.01139835589797753,-1.7492546833084375,Digital,0.9156639261059315,$25K to $49K,57-65,Have kids < 18,Male
201157,2021,0.7729022159537644,-0.04789537494717146,-0.7587331543839515,0.5719338645270778,0.4981113706374328,Price,0.20096835142668656,$150K plus,25-36,Have kids < 18,Female
100883,2025,0.07163344623481885,-0.7157824997791242,0.11299780574656154,-0.3519590086820205,-0.39786232678781613,Digital,0.04136435951174269,$75K to $99K,37-56,Have kids < 18,Male
100699,2025,0.23674910100814595,-0.27835669675764146,-0.7616428220412471,-0.30162852269236584,0.050124521924808346,Price,0.1866245790833376,$75K to $99K,18-24,Have kids < 18,Male
101981,2025,0.4148194251055231,0.6190305398461915,0.47030553805303477,-0.91594384123135,-1.3069939036721876,Quality,0.14872500179315673,$100K to $124K,37-56,No kids < 18,Female
100004,2025,1.1335884653542194,0.15810789622525157,0.46517720460563283,-1.0924169848097096,0.9609618401155531,Price,0.17262662523866634,$50K to $74K,37-56,Have kids < 18,Female
100216,2025,0.9555210371572449,-0.27776342886056615,0.13103993304981712,1.1202660974806298,-0.8532809858831885,Selection,0.16474506032338487,$50K to $74K,37-56,Have kids < 18,Female
100977,2025,0.06070884036072803,-0.7856345669582068,-0.06464444365599936,-1.0974176928915993,0.057556332307556246,Price,0.0031525080531717847,$125K to $149K,66+,No kids < 18,Female
100099,2025,0.41167503315499004,-0.7257924710724306,-0.4007696844617276,-0.9084326420441939,0.050124521924808346,Price,0.36155051123018167,$25K to $49K,66+,Have kids < 18,Male
101777,2025,-0.4727534911657556,-0.49629235930055027,0.9840730282613239,0.00563001809016418,-0.39786232678781613,Digital,0.9784430101711598,$150K plus,18-24,Have kids < 18,Female
101727,2025,1.1335884653542194,-0.2899211459866129,0.8233713710680503,-0.35160104021559635,-0.39786232678781613,Price,0.31021709428616917,$50K to $74K,37-56,Have kids < 18,Male
200851,2021,0.04966910756548355,-0.19635097281727645,-0.6004942796163645,0.198196841188233,0.050124521924808346,Selection,0.14807231926342465,$125K to $149K,25-36,Have kids < 18,Female
101371,2025,-0.8375728826456558,0.6074660906172201,0.09494117059452775,0.38231861245820703,1.4089486888281777,Convenience,0.8014825982109576,$150K plus,25-36,Have kids < 18,Male
200694,2021,-0.47287617363701445,0.6180693298076018,-0.03970220234684481,0.19703746841130437,-0.8532809858831885,Quality,0.4210318613962974,$50K to $74K,18-24,Have kids < 18,Female
200734,2021,-0.11322544575680105,-1.173596187528734,-0.41414487139796863,0.5757411569137312,0.057556332307556246,Selection,0.5181848246061749,$25K to $49K,57-65,Have kids < 18,Female
200888,2021,0.9519612901800538,-0.27776342886056615,-1.2769877482726701,-0.5359433514475362,1.4089486888281777,Convenience,0.4569873986481239,$75K to $99K,66+,No kids < 18,Male
200636,2021,-0.8299702143563435,1.2734307953719934,-1.4641945749494538,-0.16306204946614672,0.9609618401155531,Quality,0.31246895525644036,$50K to $74K,66+,No kids < 18,Female
101192,2025,1.1382625408319842,-0.506895598490932,-0.4056673213689359,-0.3479828691264767,0.5055431810201807,Price,0.6327193598118035,Under $25K,66+,Have kids < 18,Other or not stated
200679,2021,0.4188269888133069,-0.04863125923020033,0.30066602550373256,-0.17156141834119237,0.9609618401155531,Convenience,0.5421348513022461,$125K to $149K,66+,No kids < 18,Female
101975,2025,0.23410219307993754,1.2734307953719934,0.28863757805043166,-0.07606691877498643,0.5129749914029287,Quality,0.7604558039690648,$50K to $74K,18-24,Have kids < 18,Male
101517,2025,0.059839876802671874,0.8360049923505106,-0.007026296507109037,0.01412938696520979,0.9535300297328052,Convenience,0.11752503738229458,$75K to $99K,57-65,Have kids < 18,Female
100701,2025,-0.1187684847926221,-0.0488565849857612,-0.04770385144671209,-0.35974244062421784,1.4089486888281777,Convenience,1.4566525402748898,$100K to $124K,66+,No kids < 18,Female
100456,2025,0.4260691652389478,-0.060421034214732605,0.46271442217994624,-0.07265312994094611,0.4981113706374328,Convenience,0.03539694845748659,Under $25K,25-36,No kids < 18,Male
200519,2021,-0.8336526438047934,-0.03825334579537956,-0.23025824560525937,-0.3588036078092551,1.4089486888281777,Convenience,1.4472020346235572,$75K to $99K,57-65,No kids < 18,Male
101580,2025,0.06372765393959952,-0.04730210705009612,0.11299780574656154,-0.9132128101641177,0.5055431810201807,Convenience,0.39254537527361916,$25K to $49K,25-36,Have kids < 18,Female
200424,2021,-0.46874303155756913,0.606136938437116,0.4772056520589337,1.1219208672284409,-0.40529413717056406,Selection,0.5157839287913248,$125K to $149K,18-24,Have kids < 18,Female
100522,2025,0.9556437196285038,-1.5996828670768064,-0.253443214204695,-1.6456618342136196,-0.8384173651176927,Price,1.2090869338331989,Under $25K,37-56,Have kids < 18,Female
101261,2025,0.4270608112682628,0.17026561335129828,-0.19818548134349506,-0.35736937802340973,0.9609618401155531,Convenience,0.5339010288472903,$75K to $99K,37-56,Have kids < 18,Female
200142,2021,-0.11723590536498754,0.6186625977046771,0.12257689086956255,1.1219208672284409,0.5055431810201807,Selection,0.5032582695237637,$150K plus,18-24,Have kids < 18,Female
101038,2025,0.592761274930836,0.15773995408373712,0.642588757468,-0.907135840762807,0.9609618401155531,Convenience,0.31837308264755304,$25K to $49K,25-36,Have kids < 18,Female
100390,2025,0.24390105666646278,0.3779659788453399,0.10767512776379627,0.008581589119362232,-0.40529413717056406,Quality,0.1340649221788771,$25K to $49K,18-24,Have kids < 18,Female
100952,2025,-1.0124663530885651,-0.7157824997791242,1.1681903505942268,-0.3561242695350981,0.057556332307556246,Digital,1.1106340182866705,$75K to $99K,18-24,Have kids < 18,Female
200443,2021,-1.1921890431844329,-0.1894453396608359,-0.22979685252487214,-0.5430084905367366,0.5129749914029287,Convenience,0.7024203310637646,$50K to $74K,37-56,Have kids < 18,Female
100412,2025,-0.2902248907295992,1.0439306836001132,-0.22979685252487214,0.009964126112132243,0.050124521924808346,Quality,0.9938061616753049,$75K to $99K,25-36,Have kids < 18,Female
101946,2025,0.7765846454022144,0.1816047368247088,-0.9406318109267481,-0.3557146082755986,0.5129749914029287,Price,0.2636096539992857,$50K to $74K,18-24,Have kids < 18,Female
101794,2025,-0.48110999609197036,-0.2796858489377456,-0.40053898792153403,-0.35598684103063977,1.4089486888281777,Convenience,1.6886345377659233,$25K to $49K,57-65,No kids < 18,Female
200273,2021,-1.0085785759516375,1.2734307953719934,0.10475095225772242,1.0762037721855233,-0.3904305164050682,Quality,0.19722702318647012,$150K plus,37-56,Have kids < 18,Female
101302,2025,0.41068338712567504,-0.49725356933914006,0.48077105733198006,0.5665751879787639,0.9535300297328052,Convenience,0.38695484175404127,$75K to $99K,57-65,No kids < 18,Female
200720,2021,0.96333660868514015,-1.8291829788486866,0.4422229325463908,0.7534594089804024,0.5129749914029287,Price,0.20987719970473773,Under $25K,18-24,Have kids < 18,Male
101297,2025,0.23877626855770245,0.8250338110186146,0.2982166631734327,0.7520768719876324,-0.3904305164050682,Quality,0.07295693903098222,$50K to $74K,37-56,Have kids < 18,Female
101916,2025,0.593843141727475,0.6180693298076018,-0.06242577786589315,0.013771418498785626,-1.301267834595813,Quality,0.024226188080126776,$25K to $49K,37-56,Have kids < 18,Male
101269,2025,-0.11822755139430254,-0.49725356933914006,-0.5808602084411969,-0.9142009798520072,0.06498814269030417,Convenience,0.1832156940846067,$50K to $74K,37-56,Have kids < 18,Female
200812,2021,-0.2962625178873422,-1.382115146675412,0.8137922859450493,-0.5348204349091591,-1.3086996449785608,Digital,1.1100548038323914,$75K to $99K,18-24,Have kids < 18,Female
200396,2021,0.4198324996157562,-1.3692215452663363,-1.647634315510554,-0.5331265846689209,1.4089486888281777,Convenience,0.9891161892124215,$125K to $149K,66+,Have kids < 18,Female
200969,2021,0.9550703245262495,-2.048079851430185,-1.1314185507253565,-0.3060814437796564,0.057556332307556246,Price,0.8975139922186932,Under $25K,66+,No kids < 18,Male
101022,2025,-0.834972319993845,-0.48591444586572957,-0.5748465285912422,-0.16601362049534485,-0.8458491755004406,Selection,0.3199008253703847,$25K to $49K,66+,No kids < 18,Female
100502,2025,-1.1917383305534375,-0.49725356933914006,0.29331902626622447,-0.1731644952959282,0.5129749914029287,Convenience,0.2196559651367042,$50K to $74K,37-56,No kids < 18,Female
201019,2021,-1.0090292885826329,0.8360049923505106,0.2752623911141907,-1.2834664666644255,0.050124521924808346,Quality,0.5607426012363199,$100K to $124K,37-56,Have kids < 18,Female
100759,2025,0.589291748720969,-0.4849532358271398,0.45937971344709355,0.015205648284630946,0.050124521924808346,Price,0.12991203527387546,$25K to $49K,37-56,Have kids < 18,Female
200355,2021,-0.12546972781994348,1.0545339227904948,-0.7638614878313533,-1.2847115751527374,-0.40529413717056406,Quality,1.1800036506104383,$25K to $49K,37-56,Have kids < 18,Other or not stated
100429,2025,-0.653017114659943,-0.7038501084086384,-0.7603105904070852,0.9373580160345352,0.4981113706374328,Selection,0.43924664539710234,$50K to $74K,37-56,No kids < 18,Male
201096,2021,0.05549383148464356,0.6065048805786304,0.30066602550373256,-0.17150972554811705,-0.3904305164050682,Quality,0.30583885507489783,$100K to $124K,25-36,Have kids < 18,Male
101318,2025,-0.4774275666435205,0.40168814520035795,0.13150132613020438,0.19292390035130214,-0.39786232678781613,Quality,0.2087642448490558,$75K to $99K,57-65,Have kids < 18,Female
101137,2025,-0.25542735051882964,0.8360049923505106,-0.9308220292635534,-0.5417633820484249,-0.39786232678781613,Quality,1.0914323428693402,$25K to $49K,37-56,Have kids < 18,Female
100074,2025,0.4220587056307613,0.825401753160129,-0.5844256137142433,-0.3546900397492528,0.057556332307556246,Quality,0.40334304752936767,$75K to $99K,57-65,Have kids < 18,Female
100026,2025,0.7723612825554449,0.3785592467424152,-1.1144779585160691,-1.0984058625794888,0.5129749914029287,Price,0.2593862911525162,$25K to $49K,57-65,Have kids < 18,Male
101941,2025,-0.28914302393296015,0.606136938437116,-1.1026802076029618,1.3072020112753435,-0.3904305164050682,Selection,0.7010650728382275,$50K to $74K,37-56,No kids < 18,Other or not stated
101345,2025,0.8744095050387733,-0.05945982417614286,0.992766766981772,1.1219208672284409,0.4981113706374328,Selection,0.12915410024666885,Under $25K,57-65,No kids < 18,Female
101731,2025,-0.4763132381429466,-0.2895532038450985,0.26211790071814334,0.7531531333070536,0.050124521924808346,Selection,0.49103523258891024,$75K to $99K,37-56,Have kids < 18,Male
101127,2025,-0.13014380329770836,-0.5078568085295218,-0.9125346975713261,-0.34892170194143945,0.5055431810201807,Convenience,0.6356869843178891,$75K to $99K,66+,No kids < 18,Female
200064,2021,0.0679834784903037,-0.7271216232525347,0.29241917201489337,-0.7229309580353254,0.06498814269030417,Digital,0.22443569352458967,$25K to $49K,37-56,Have kids < 18,Female
101140,2025,0.05148337187645709,-0.4955564750175215,0.6430501505483873,1.1219208672284409,0.057556332307556246,Selection,0.47887071668005354,$100K to $124K,18-24,Have kids < 18,Male
100506,2025,0.6005443847547964,0.5955336992467343,0.8231406745278567,-0.909508903363615,0.9609618401155531,Convenience,0.13782116558769641,$25K to $49K,37-56,No kids < 18,Female
200426,2021,-0.8254188213498375,-0.9231149231316514,-0.06487514019619299,-0.16775412595453898,0.050124521924808346,Convenience,0.11499966212100134,$50K to $74K,37-56,Have kids < 18,Female
101395,2025,-1.183955220729477,0.40013366726469296,-0.24853106944870862,0.19775576126430133,1.4089486888281777,Convenience,1.0088150215634848,$150K plus,37-56,Have kids < 18,Female
200912,2021,-0.657850192549788,-0.9429922493323106,-0.20530149644732665,-1.6491968938452317,-0.40529413717056406,Digital,0.1999926407232374,$50K to $74K,57-65,No kids < 18,Female
200145,2021,-0.4851204557001568,1.2734307953719934,-0.2037240604241929,0.37506168420576835,0.057556332307556246,Quality,0.8983691111662251,$50K to $74K,57-65,No kids < 18,Male
200917,2021,0.589291748720969,1.0549018649320092,-1.280538645696938,0.012337188712940306,0.5055431810201807,Quality,0.4656101162110402,$50K to $74K,37-56,Have kids < 18,Female
200928,2021,-0.12178729837149357,-0.48532117796865426,0.4687426098786791,0.9400373543086921,-0.8458491755004406,Selection,0.47129474443001296,$150K plus,25-36,Have kids < 18,Male
101765,2025,-0.2957215844890227,-0.9333502201805186,-1.285220093912731,0.5650035296884602,0.057556332307556246,Selection,0.507447197380904,$50K to $74K,57-65,No kids < 18,Female
101121,2025,1.3131884729788283,-0.7161504419206386,-0.7674268931043996,0.5688965577864967,1.4089486888281777,Convenience,0.09576021584934935,$25K to $49K,57-65,No kids < 18,Male
101872,2025,0.4213950897611829,-0.7148212897405345,0.2815212753531172,0.019181787840174835,-0.39615658548144284,Price,0.13987381440806568,$25K to $49K,57-65,Have kids < 18,Male
100587,2025,0.23575745497883097,-0.5072635406324464,-0.21665236212882474,-1.4673650737185584,0.5055431810201807,Convenience,0.26978572604134976,$25K to $49K,37-56,Have kids < 18,Female
101931,2025,0.9515105775490584,-0.7157824997791242,0.29665373499907716,-0.5453815531375447,0.050124521924808346,Price,0.6548568425499812,$25K to $49K,25-36,Have kids < 18,Female
100612,2025,1.1382625408319842,-0.04826331708868588,-0.9141121335944599,0.3783749068537249,-0.39786232678781613,Price,0.7598876339782593,$100K to $124K,37-56,Have kids < 18,Male
101139,2025,-0.8344313865955255,-0.2793179067962312,0.011376111516867335,-0.16775412595453898,-0.3904305164050682,Digital,0.17913023747140633,$75K to $99K,25-36,No kids < 18,Female
100426,2025,-0.24795972383776219,0.6080593585142955,-0.07423803662777856,0.38759155329513795,-0.39786232678781613,Quality,0.22046780521915754,$75K to $99K,57-65,No kids < 18,Female
100649,2025,-0.2856734977230932,1.0545339227904948,-0.2632529958678897,-0.17410332811089096,0.057556332307556246,Quality,0.9969775904829385,$75K to $99K,37-56,No kids < 18,Male
101090,2025,0.24758348611491265,-0.04863125923020033,0.46429185820307994,0.5649204182309527,-1.3086996449785608,Selection,0.1006285600278728,$75K to $99K,37-56,Have kids < 18,Female
200608,2021,0.24245869800615233,-0.7032568405115631,-0.39252283097288854,-1.462175244339135,0.06498814269030417,Price,0.17747055531584816,$100K to $124K,18-24,No kids < 18,Female
101536,2025,1.1305696517753479,-0.27835669675764146,-0.06797915238885202,1.3072020112753435,-0.8458491755004406,Selection,0.17663235949999567,$50K to $74K,37-56,No kids < 18,Male
101409,2025,-0.30205092186568094,-0.27798875461612704,0.013540239361088155,-0.3519590086820205,0.9535300297328052,Convenience,0.939989790371717,$25K to $49K,66+,No kids < 18,Female
100566,2025,0.24245869800615233,0.8375594702861757,0.8102268806720029,0.5678202964670755,-1.301267834595813,Quality,0.027332589614172842,$50K to $74K,18-24,Have kids < 18,Female
200078,2021,0.4147840675011856,-0.7263857389695059,-1.0513560759748621,-0.07399845659022251,0.9609618401155531,Convenience,0.5461777726143675,$50K to $74K,37-56,No kids < 18,Female
100886,2025,-0.11119827820724457,-0.2677534575672598,0.30312880792941915,0.37784707593178063,-0.8384173651176927,Selection,0.07471826800236148,$75K to $99K,37-56,No kids < 18,Female
201090,2021,0.23162431289938562,-0.5169793636223116,0.11433003738072345,0.012695157179364503,-0.39786232678781613,Price,0.11729427551866217,$25K to $49K,37-56,No kids < 18,Female
201135,2021,0.592761274930836,1.0545339227904948,0.813330892864662,-0.7173314673964025,0.5129749914029287,Quality,0.24120302992583287,$75K to $99K,25-36,Have kids < 18,Female
100783,2025,0.597312667937342,0.38856921803572153,0.645959818205683,-0.1691883557403843,0.9609618401155531,Convenience,0.31500202190987003,$25K to $49K,25-36,Have kids < 18,Male
200755,2021,0.06115955299172347,-0.26679224752867003,0.09517186713472138,-0.35361377842983166,0.057556332307556246,Digital,0.03401231414299791,$50K to $74K,57-65,No kids < 18,Female
200093,2021,-0.6637288172954509,-1.162625006196838,-2.15986072170054,-1.4666467808655614,0.9609618401155531,Convenience,1.624690657411004,Under $25K,57-65,No kids < 18,Male
100630,2025,0.7764619629309555,-0.49629235930055027,0.9938828099245185,0.20208986928626943,-0.39786232678781613,Digital,0.217420846993563,$25K to $49K,18-24,Have kids < 18,Male
201078,2021,0.6417837448971606,-0.0488565849857612,0.8937017255252636,0.19935883821903716,-1.293836024213065,Digital,0.251917980628103,$75K to $99K,25-36,No kids < 18,Male
200368,2021,0.4213950897611829,0.1700402875957374,-0.06710722608168593,0.936281754715114,0.057556332307556246,Selection,0.5148866649539311,$50K to $74K,37-56,Have kids < 18,Female
100501,2025,-1.0121383229288285,1.0545339227904948,0.4725242038431409,-0.17446129657731513,-1.7566864936911855,Quality,0.5820097189473539,$150K plus,25-36,Have kids < 18,Female
200862,2021,-0.2968359129895965,-0.2787246388991559,-0.7565144885938453,0.3795018456795918,0.050124521924808346,Selection,0.32937732375478346,$75K to $99K,37-56,No kids < 18,Female
200393,2021,0.4209785004656032,0.825401753160129,-0.5860030497373769,0.3805781069990129,1.4089486888281777,Convenience,0.5835469356680487,$150K plus,18-24,No kids < 18,Male
100409,2025,0.597312667937342,0.8356370502089963,0.1281666173973517,0.19690003990684607,0.5129749914029287,Quality,0.2383243822716543,$50K to $74K,66+,No kids < 18,Male
101344,2025,0.5958703092770316,0.6080593585142955,0.28863757805043166,0.01479598702513144,-0.40529413717056406,Quality,0.012189049237263938,Under $25K,25-36,Have kids < 18,Female
100165,2025,0.24278672816588892,0.1478725991763843,-0.2351558825124676,0.37985981414601594,-0.3904305164050682,Selection,0.13707308598012702,$100K to $124K,37-56,Have kids < 18,Male
200623,2021,0.9592034666056948,-0.9443214015124147,-0.5728440514925515,-0.5387260753078439,0.9535300297328052,Price,0.00567343687288957,$50K to $74K,57-65,No kids < 18,Female
100244,2025,0.7800541716120812,0.8144305718282329,0.6526292356713884,-0.35858306784728916,-0.3904305164050682,Quality,0.034376400216151626,$100K to $124K,18-24,Have kids < 18,Female
201016,2021,-0.6509111401300541,0.38856921803572153,-0.40211642394466773,0.8340887248585718,0.9609618401155531,Convenience,0.1268731152569813,$150K plus,37-56,Have kids < 18,Male
200984,2021,-0.2949314279112989,-0.19476892509174223,0.6249935153963536,0.3836671065326694,1.4089486888281777,Convenience,0.7839551734318241,$75K to $99K,37-56,No kids < 18,Male
101679,2025,1.1345801113835343,0.16907907755714763,0.6526292356713884,1.122997128547862,0.9609618401155531,Price,0.011582982835672384,$25K to $49K,18-24,Have kids < 18,Female
101523,2025,1.3131884729788283,-0.07006306336652454,0.288406881510238,0.20266837771465945,0.5055431810201807,Price,0.8076452919586476,$25K to $49K,25-36,Have kids < 18,Male
101650,2025,0.0664184373587344,-0.7363957102628123,0.9925360704415784,1.1215628987620168,1.4089486888281777,Convenience,0.28738579006616094,$25K to $49K,37-56,Have kids < 18,Male
100379,2025,0.7723612825554449,-0.7151892318820489,-0.403910048659217,-0.36255920740283315,-0.39786232678781613,Price,1.134920489958278,$100K to $124K,66+,No kids < 18,Female
101088,2025,1.134129398752539,-0.27680221882197636,0.6332258610364145,-1.4621235515460596,-0.39786232678781613,Price,0.5009035377161244,$25K to $49K,37-56,Have kids < 18,Female
101760,2025,-0.12902947479713453,-1.1741894554258094,-0.420389247788117,-0.9163018096977742,0.050124521924808346,Convenience,0.17915399672194288,$50K to $74K,37-56,Have kids < 18,Female
101980,2025,-1.3742669309895938,0.8356370502089963,0.8053147359160164,1.3072020112753435,-1.301267834595813,Selection,0.47156496106634727,$75K to $99K,18-24,Have kids < 18,Male
201024,2021,0.06484198244017335,-0.27776342886056615,-0.9172161457871189,0.5678202964670755,1.4089486888281777,Convenience,0.8411283923611022,$50K to $74K,57-65,No kids < 18,Male
200728,2021,-0.29737684638791606,-0.49533114926196053,-0.7553984456510987,-0.35093444015567477,1.4089486888281777,Convenience,1.7063255352160938,$50K to $74K,37-56,No kids < 18,Female
101755,2025,-0.4774275666435205,0.1475046570348699,-0.06441374711580572,-0.1751795894303121,0.050124521924808346,Quality,0.09738013511006155,$50K to $74K,57-65,Have kids < 18,Female
100295,2025,0.4260691652389478,0.38953042807431126,-0.3829437458498875,1.3072020112753435,-0.8458491755004406,Selection,0.8811328460363957,$25K to $49K,66+,Have kids < 18,Female
101327,2025,0.4193679222116264,0.17063355549281273,0.9892013617087257,0.5649204182309527,-0.39786232678781613,Digital,0.424280943477773,$25K to $49K,25-36,Have kids < 18,Female
100966,2025,0.41424313410286606,-0.2787246388991559,-0.2233581315993604,0.1979763012262672,-0.8532809858831885,Price,0.21626683287659887,$100K to $124K,37-56,Have kids < 18,Female
200414,2021,-0.026688404372478713,0.37912307273280754,0.8151245175792112,-0.9121882416377719,0.5055431810201807,Digital,0.30958133655903053,$25K to $49K,37-56,No kids < 18,Female
200080,2021,-0.30030543919946345,-0.7148212897405345,0.6379073092522073,0.7524348404540566,0.057556332307556246,Selection,0.11452753120184933,$25K to $49K,37-56,No kids < 18,Male
200830,2021,0.053106172071415755,0.38893716017723595,0.2509522804129598,0.19971680668546132,-1.7566864936911855,Quality,0.13798487976427615,$25K to $49K,18-24,Have kids < 18,Male
100316,2025,-0.13113544932702337,0.8250338110186146,-0.06774845584865839,0.5715758960606536,0.057556332307556246,Quality,0.253457914957961,$25K to $49K,37-56,No kids < 18,Male
100529,2025,0.41837627618231144,-0.7132668118048695,-0.2376186649381542,-0.3462423636672825,0.5055431810201807,Convenience,0.08716690483786926,$75K to $99K,37-56,No kids < 18,Female
201121,2021,0.775921029532636,0.6777647489426603,0.05161964492632978,0.015374495453521453,1.4089486888281777,Convenience,0.6330276592955417,$50K to $74K,37-56,Have kids < 18,Male
101178,2025,0.7810458176413962,-1.8179864717612297,-0.2398373307282604,0.20173190081984527,-0.8458491755004406,Price,0.579313916821551,Under $25K,37-56,No kids < 18,Female
100190,2025,-0.4761527844348126,0.5959016413882487,-0.21822979815195848,0.2075002386276586,0.5129749914029287,Quality,0.08292664998532007,$150K plus,66+,No kids < 18,Male
100028,2025,-0.3060613814738674,-1.1616637961582483,0.48100175387217364,0.37712878307878367,0.06498814269030417,Digital,0.10387297079338997,$25K to $49K,18-24,No kids < 18,Male
200112,2021,0.06372765393959952,0.836598260247586,-1.1046681768528743,-0.1699066485933812,0.9535300297328052,Convenience,0.11693176948521922,Under $25K,37-56,No kids < 18,Male
101674,2025,0.7805951050104009,-0.2770275445775373,-1.473788167921233,0.19256593188487797,0.5129749914029287,Price,0.2676201136074722,$125K to $149K,66+,No kids < 18,Male
100275,2025,0.05759980601453245,1.0439306836001132,-0.4133150991305666,0.012695157179364503,0.057556332307556246,Quality,0.9863308775855808,$25K to $49K,25-36,Have kids < 18,Female
101073,2025,0.7765846454022144,0.8369662023891004,0.6294442670719528,-0.9032428126647705,0.5055431810201807,Quality,0.060381556986885965,$25K to $49K,57-65,Have kids < 18,Female
101075,2025,0.23976791458701743,-0.04789537494717146,0.11411384868930799,0.017884986558787862,0.5055431810201807,Convenience,0.2657752664331633,$75K to $99K,37-56,No kids < 18,Female
101972,2025,1.3131884729788283,0.37700476880675016,0.46072645293003367,0.9360612147531482,0.050124521924808346,Price,0.37712725822568016,Under $25K,37-56,Have kids < 18,Male
100133,2025,0.06741008338804941,0.3989471314705423,0.28040523241037074,0.01573246391994564,-0.8458491755004406,Quality,0.11854189906017154,$150K plus,25-36,Have kids < 18,Male
200903,2021,1.1305696517753479,-0.03825334579537956,1.338701789450695,0.7585118098553675,0.9609618401155531,Digital,0.2081321376753471,$25K to $49K,25-36,No kids < 18,Male
200051,2021,0.6061198854945522,-0.28740545801235806,-0.569523850608477,0.9400373543086921,0.050124521924808346,Selection,0.33391746881413986,$75K to $99K,37-56,Have kids < 18,Male
200095,2021,0.8621789683737322,1.0549018649320092,-0.6280599190058613,-0.17321618808900346,0.057556332307556246,Quality,0.192722896558277,$50K to $74K,37-56,Have kids < 18,Female
200819,2021,-0.0335979838948966,0.836598260247586,-0.047934547986905704,0.1979763012262672,-1.301267834595813,Quality,0.6386219590213188,$150K plus,25-36,Have kids < 18,Female
101335,2025,0.05769002678185655,-0.49629235930055027,0.47743634859912737,-0.15952698983453456,0.057556332307556246,Digital,0.41974632181727084,$100K to $124K,57-65,No kids < 18,Female
200308,2021,0.41580817523443536,0.8369662023891004,-0.2529818211243078,0.5743069271278859,0.5129749914029287,Quality,0.26265927526121446,$75K to $99K,37-56,Have kids < 18,Female
200360,2021,0.597312667937342,-0.03766007789830424,-0.407014060851876,-0.3517384687200547,0.5055431810201807,Price,0.09176948691716125,$25K to $49K,18-24,Have kids < 18,Male
200907,2021,0.06484198244017335,0.8144305718282329,0.47766704513932096,1.3010169989570657,-0.39786232678781613,Selection,0.4865864271288328,$25K to $49K,25-36,Have kids < 18,Male
100586,2025,-0.10751584875879469,0.1816047368247088,-2.15986072170054,-0.7215484210425555,-0.40529413717056406,Quality,0.2891205855835035,$100K to $124K,66+,Have kids < 18,Female
100838,2025,-1.7247824111528605,0.8369662023891004,-0.5813216015215842,-0.17150972554811705,0.5129749914029287,Quality,0.3239912109861717,$125K to $149K,66+,No kids < 18,Male
100711,2025,-0.11310276328554222,0.40072693516176827,0.1263729926828025,0.5746648955943101,0.5055431810201807,Selection,0.06912171457412941,$50K to $74K,66+,Have kids < 18,Male
200450,2021,0.9479508305718674,-0.04826331708868588,0.09137576532148144,1.122997128547862,0.050124521924808346,Selection,0.17504629797599458,Under $25K,37-56,Have kids < 18,Male
200618,2021,-1.1869740343083486,-1.1506926148263523,0.9843037248015175,0.020206356366520628,0.057556332307556246,Digital,0.9267473924939613,$75K to $99K,25-36,Have kids < 18,Male
101251,2025,0.7810458176413962,1.0439306836001132,-0.9161001028443724,0.20034936382707524,1.4089486888281777,Convenience,0.3650180052280645,$75K to $99K,66+,No kids < 18,Female
201179,2021,1.1382625408319842,-1.1632182740939134,-0.7600798938668916,-1.2807354355971934,1.4089486888281777,Convenience,0.2706861479961935,$25K to $49K,37-56,Have kids < 18,Other or not stated
200721,2021,-1.0106845504815265,1.2734307953719934,-0.9404011143865545,0.9414715840945374,-0.8607127962659364,Quality,0.3319592112774561,$150K plus,66+,No kids < 18,Female
101438,2025,-0.12546972781994348,0.10139822821131833,-0.7518330403780524,0.19833426969269136,-0.41272594755331193,Selection,0.09693604148137303,$150K plus,25-36,Have kids < 18,Female
101943,2025,-1.0093573187423694,1.0545339227904948,-0.055950704935551175,-0.7734212282664409,-0.39786232678781613,Quality,1.110484627726046,$150K plus,37-56,No kids < 18,Female
101554,2025,-0.2978275590189115,-0.72460593527828,0.8222553281253038,0.01479598702513144,1.4089486888281777,Convenience,0.5866933607028739,$50K to $74K,37-56,Have kids < 18,Female
100817,2025,-0.6550442822094994,0.18219800472178413,-1.4559622293093928,-0.35303527000144164,0.4981113706374328,Convenience,0.31591336591564867,$125K to $149K,57-65,Have kids < 18,Male
201134,2021,0.9549801037589254,-1.1741894554258094,1.338701789450695,0.3878590768777578,0.050124521924808346,Digital,0.38372168569176957,Under $25K,25-36,Have kids < 18,Female
200069,2021,-0.4752313713463075,-0.2787246388991559,0.6774639356092248,-0.3513805002536305,0.050124521924808346,Digital,0.6273394136844165,$50K to $74K,25-36,Have kids < 18,Male
100958,2025,-0.11520873781543105,-0.26656692177310914,-0.652584373163848,0.1499475408714192,1.4089486888281777,Convenience,1.2590011479567584,$25K to $49K,66+,No kids < 18,Female
100303,2025,0.2474608036436538,0.6177013876660874,0.9976789117377585,-1.4676713493919071,-1.301267834595813,Digital,0.37997752407167107,$150K plus,37-56,Have kids < 18,Female
100572,2025,0.24290941063714777,-0.506670272735371,-0.07422352877900039,-0.7293658959030604,0.4981113706374328,Convenience,0.25520196000028506,$25K to $49K,37-56,Have kids < 18,Female
200788,2021,0.7770353580332098,-2.048079851430185,-2.15986072170054,0.19234539192291214,1.4089486888281777,Convenience,0.6319133307949679,Under $25K,66+,No kids < 18,Male
201144,2021,0.5969846377776054,-2.0471186413915956,0.12614229614260888,0.1936421932042991,0.9609618401155531,Convenience,0.3639772023379477,$25K to $49K,25-36,Have kids < 18,Male
100631,2025,-0.12559241029120233,-0.2787246388991559,1.338701789450695,-0.3172883542934809,0.5055431810201807,Digital,0.8331586084305143,Under $25K,18-24,Have kids < 18,Male
101512,2025,0.19806292939409997,0.37663682666523574,0.819805965795004,-0.5446874139197032,0.5055431810201807,Digital,0.3142627847748233,$25K to $49K,18-24,Have kids < 18,Male
200586,2021,0.05971719433141304,0.37663682666523574,-1.4679906767626938,-0.9137913185925077,0.9609618401155531,Convenience,0.5843250134503173,$150K plus,66+,No kids < 18,Female
201083,2021,0.592761274930836,0.9916517101723129,-0.06086284969153759,0.19430643734407213,0.057556332307556246,Quality,0.39889043524147694,$125K to $149K,18-24,Have kids < 18,Female
101853,2025,0.20478150214549456,0.39954039936761765,-1.096652019904229,0.011092080224628709,0.5055431810201807,Convenience,0.10600278165256305,$75K to $99K,37-56,No kids < 18,Female
101064,2025,-0.6553723123692361,0.38856921803572153,0.9807383195284711,0.19976849947853664,-1.301267834595813,Digital,0.5921691014927496,$75K to $99K,57-65,Have kids < 18,Male
101996,2025,0.6009950973857918,-2.048079851430185,0.6116183284601125,-0.35441780699421166,0.057556332307556246,Digital,0.010623231074320727,$100K to $124K,37-56,Have kids < 18,Male
200597,2021,-0.12145926821175698,-0.2654630953485659,0.2812905788129236,0.7518563320256666,1.4089486888281777,Convenience,0.6570923568025111,$100K to $124K,18-24,No kids < 18,Male
200313,2021,-0.12646137384925846,0.8144305718282329,-0.054603965452611036,-0.9015880429169594,0.5055431810201807,Quality,0.30888739080805216,$75K to $99K,66+,No kids < 18,Male
101109,2025,-0.8376631034129799,-1.0749338369639656,-0.4058980179091295,-0.7245340349900612,0.057556332307556246,Convenience,0.46345435021668574,Under $25K,66+,Have kids < 18,Female
201014,2021,0.24701009101265836,-0.49629235930055027,0.119689067368319,0.008140509195430624,-1.301267834595813,Price,0.12732102364433937,$75K to $99K,25-36,Have kids < 18,Female
200479,2021,-0.47064751663586674,0.1800502588890437,0.10008401189070779,-0.17084312548819544,0.9609618401155531,Convenience,0.7809115812265094,$25K to $49K,57-65,No kids < 18,Male
200281,2021,-0.662614488794877,-0.5078568085295218,-0.03479005759085837,0.5638441569115317,0.050124521924808346,Selection,0.5137196349867234,$50K to $74K,57-65,Have kids < 18,Female
100924,2025,-0.47287617363701445,-0.22002118645648389,0.27036475420698247,0.38772898179959625,-0.8532809858831885,Selection,0.11736422759261378,$50K to $74K,66+,Have kids < 18,Male
100723,2025,0.7733529285847599,-0.9443214015124147,0.6227748496062473,0.38629475201375096,0.9609618401155531,Convenience,0.18760891153079318,$25K to $49K,25-36,Have kids < 18,Male
100060,2025,-0.29327616601240547,-0.7251992031753552,-0.5879910189872896,0.7491253009584343,-0.40529413717056406,Selection,1.0424014669708397,$25K to $49K,37-56,Have kids < 18,Male
200347,2021,0.7837366010605312,-0.27835669675764146,0.4361947448476579,-0.16905092723592596,-0.8458491755004406,Price,0.3475418562128733,$75K to $99K,25-36,Have kids < 18,Female
200560,2021,-0.10293199404835389,-0.9334928365664722,0.9925360704415784,-0.7704549000154309,0.050124521924808346,Digital,0.9424115485167701,Under $25K,25-36,Have kids < 18,Male
200189,2021,1.1305696517753479,0.6065048805786304,-0.23650262199540772,0.01479598702513144,1.4089486888281777,Convenience,0.27837903705282985,Under $25K,66+,Have kids < 18,Male
101756,2025,-0.12290162687206742,0.6070981484757058,-1.4702227626481867,0.383615413739594,-1.301267834595813,Quality,0.22348273473611174,$150K plus,66+,No kids < 18,Male
100024,2025,0.4102326744946796,-1.1744147811813703,0.11456073392091708,0.010015818905207552,1.4089486888281777,Convenience,0.9987160143334981,$75K to $99K,25-36,Have kids < 18,Female
100578,2025,1.1305696517753479,-1.1410505856745603,-0.7529490833207989,0.7480490396390133,0.050124521924808346,Price,0.3825206121363346,Under $25K,25-36,No kids < 18,Female
100684,2025,-1.013580681589139,0.1800502588890437,0.2835092446030298,0.8526488420489728,-0.8458491755004406,Selection,0.569139597445943,$50K to $74K,25-36,Have kids < 18,Male
200001,2021,0.05450218545532852,-0.4856891201101686,0.8186899228522575,-1.2752393305444212,0.050124521924808346,Digital,0.764187737396929,$50K to $74K,25-36,Have kids < 18,Female
101016,2025,-0.2994828209178049,-0.27776342886056615,-0.06130973492314669,-0.5305846748992225,-0.3904305164050682,Digital,0.21645369393741948,$50K to $74K,25-36,No kids < 18,Male
100347,2025,-0.11934187989487638,-0.048488642844246796,0.9793915800455311,-0.3516527330086717,-1.293836024213065,Digital,1.0278802228897779,$50K to $74K,18-24,No kids < 18,Male
200386,2021,-1.370797404779727,0.825401753160129,-0.5826683410045244,-0.35397410281640446,-0.8458491755004406,Quality,1.1793758559765335,$25K to $49K,66+,No kids < 18,Male
101668,2025,-0.47945473419307694,0.1478725991763843,0.4654079011458264,0.7480490396390133,0.9609618401155531,Convenience,0.21291280047653982,$75K to $99K,37-56,Have kids < 18,Female
101556,2025,0.7763717421636314,0.8369662023891004,0.8233713710680503,0.193144440313268,-1.7566864936911855,Quality,0.013594831321050105,$50K to $74K,37-56,No kids < 18,Male
201142,2021,1.1345801113835343,-0.05790534624047779,0.29710062023068623,-1.6437865245038425,0.9609618401155531,Price,0.17361827126798124,$50K to $74K,66+,Have kids < 18,Male
100009,2025,0.4194906046828853,0.39976572512317854,1.1646249453211803,-0.7218546967159043,0.050124521924808346,Digital,0.7451343406382951,$150K plus,25-36,Have kids < 18,Female
201105,2021,0.24791151627464927,1.2734307953719934,0.6432663392398028,0.7558324715812105,0.4981113706374328,Quality,0.517598323790783,$150K plus,25-36,Have kids < 18,Male
100229,2025,0.188368066198919,-0.0488565849857612,0.3033595044696128,0.38629475201375096,-0.39615658548144284,Selection,0.08293524754413817,$25K to $49K,66+,Have kids < 18,Female
100490,2025,-0.6478021057838586,0.39954039936761765,0.4544820765398853,1.3072020112753435,0.9535300297328052,Selection,0.3536719815425383,$50K to $74K,25-36,No kids < 18,Female
200715,2021,-0.4805690626936508,0.1700402875957374,0.6249935153963536,-0.34660033213370667,0.9609618401155531,Convenience,0.33596832471919946,$50K to $74K,25-36,Have kids < 18,Female
101666,2025,0.05814073941285199,0.5959016413882487,1.1632782058382403,0.38402507499909355,0.050124521924808346,Digital,0.5673765644499915,$100K to $124K,18-24,Have kids < 18,Male
100830,2025,0.2464691576143388,0.17026561335129828,0.8184592263120639,-0.5410474451155766,0.5055431810201807,Digital,0.3129160452918832,Under $25K,37-56,No kids < 18,Male
200370,2021,0.41167503315499004,-0.04789537494717146,0.4522634107497791,-1.094600926112984,0.057556332307556246,Digital,0.04058837759478906,$75K to $99K,57-65,No kids < 18,Male
100386,2025,-0.8346442898341084,-0.05945982417614286,0.6312378917865019,-0.5302267064327982,-1.301267834595813,Digital,0.6906977159626447,$75K to $99K,25-36,No kids < 18,Female
101873,2025,-0.4702756109852037,-0.7151892318820489,-0.2362719254552141,-0.1688303872739601,0.4981113706374328,Convenience,0.666941757911393,$25K to $49K,37-56,Have kids < 18,Male
100450,2025,0.5944165368297294,1.2734307953719934,-0.0777889340520467,-0.7231514979972912,1.4089486888281777,Convenience,0.13551789345618426,$50K to $74K,57-65,Have kids < 18,Female
200624,2021,-0.46767878056643436,0.17122682338988804,-1.1111432497832163,0.01407769417213448,1.4089486888281777,Convenience,1.2377218654382895,$100K to $124K,66+,No kids < 18,Male
100016,2025,-0.02651648740277246,-0.27680221882197636,0.3002046324233453,0.01010155461659058,0.5055431810201807,Convenience,0.20533854859683542,$50K to $74K,37-56,Have kids < 18,Male
201101,2021,0.057812709253115394,-0.07102427340511427,0.29979409919656647,1.3072020112753435,-0.39786232678781613,Selection,1.0074079120787771,$100K to $124K,18-24,Have kids < 18,Male
101115,2025,0.24791151627464927,0.17100149763432712,-0.057528140958684915,0.384912215020981,1.4089486888281777,Convenience,1.0240364738071968,$150K plus,25-36,Have kids < 18,Male
201171,2021,0.05615744735422199,-0.2677534575672598,-1.1111432497832163,0.7572667013670558,0.9535300297328052,Convenience,0.19626332836574945,$25K to $49K,66+,No kids < 18,Male
101389,2025,-0.10652420272947968,1.0549018649320092,0.6381380057924009,-0.3570631023500609,0.057556332307556246,Quality,0.41676385913960834,$100K to $124K,37-56,No kids < 18,Female
200580,2021,-0.8385645286749708,0.6070981484757058,0.8184592263120639,0.9346269849673029,0.4981113706374328,Selection,0.11616775865523898,$125K to $149K,25-36,Have kids < 18,Female
101589,2025,-0.8314125730166539,0.3891624859327969,0.8222553281253038,0.3811566154274029,0.9535300297328052,Convenience,0.13127470160750143,$100K to $124K,57-65,Have kids < 18,Male
100824,2025,0.23712100665880897,-2.0471186413915956,0.4591490169068999,-0.5426505220703124,-0.3904305164050682,Digital,0.22202801024809093,$50K to $74K,57-65,No kids < 18,Female
200749,2021,1.1382625408319842,-1.1732282453872196,0.2509522804129598,0.19976849947853664,-0.8458491755004406,Price,0.8873102604190244,Under $25K,18-24,Have kids < 18,Male
200919,2021,0.20478150214549456,0.38953042807431126,0.639484745275341,0.5653614981548845,0.5055431810201807,Digital,0.07412324712045659,$75K to $99K,37-56,Have kids < 18,Female
101752,2025,-0.8299702143563435,1.0545339227904948,0.2875215351076852,0.014847679818206783,-1.3069939036721876,Quality,0.7670123876828097,$125K to $149K,25-36,Have kids < 18,Male
101227,2025,1.1335884653542194,-0.49533114926196053,-0.9408625074669418,0.6232876598056812,0.5055431810201807,Price,0.5103008055485382,$50K to $74K,18-24,Have kids < 18,Male
101151,2025,0.42292766918881747,-0.04730210705009612,0.450916671266839,-0.17454703228869817,0.5055431810201807,Convenience,0.05462650975334171,$25K to $49K,66+,Have kids < 18,Male
200806,2021,0.4220587056307613,0.3989471314705423,0.9976789117377585,1.3072020112753435,0.057556332307556246,Selection,0.30952309953758506,$25K to $49K,18-24,Have kids < 18,Male
101305,2025,0.5964437043792858,-0.7042180505501529,0.6892228687688545,0.3791438772131676,0.4981113706374328,Digital,0.09277916438956868,$50K to $74K,25-36,Have kids < 18,Male
101232,2025,0.23629838837715053,0.3891624859327969,0.9135177114152421,-0.07286183970670336,-1.301267834595813,Digital,0.5243552254824452,$75K to $99K,25-36,Have kids < 18,Male
101964,2025,1.1305696517753479,1.2734307953719934,0.8137922859450493,0.9377159845009593,0.5129749914029287,Quality,0.1428611435966456,$25K to $49K,25-36,Have kids < 18,Female
101793,2025,0.9519612901800538,0.8360049923505106,0.9925360704415784,0.7510006106682113,0.9609618401155531,Digital,0.031574230326025354,$25K to $49K,25-36,Have kids < 18,Male
101010,2025,-1.1887195169745661,-0.2887346101924622,-1.2718449069764899,0.013771418498785626,0.5055431810201807,Convenience,0.4917717625213951,$50K to $74K,57-65,No kids < 18,Male
200153,2021,0.24758348611491265,0.38132483062109984,0.015832868108175233,0.3839733822060182,-0.3904305164050682,Selection,0.002648551584918335,$25K to $49K,37-56,Have kids < 18,Female
101270,2025,0.06285869038154336,-0.49629235930055027,0.4493392352437053,0.934984953433727,0.5055431810201807,Selection,0.4294417724135463,Under $25K,25-36,Have kids < 18,Male
200891,2021,-1.370797404779727,-0.9331248944249577,-0.9586884460787819,0.016450756772942575,-0.8532809858831885,Selection,0.8697317426561311,$75K to $99K,37-56,Have kids < 18,Male
200938,2021,-0.29737684638791606,-0.26834672546433513,0.28373994114322343,-0.16739615748811482,-0.8458491755004406,Digital,0.45113609863133824,$25K to $49K,37-56,Have kids < 18,Male
200554,2021,-0.47113970992457954,-0.922746980990137,0.6526292356713884,0.012474617217398653,-0.39786232678781613,Digital,0.6401546184539898,$25K to $49K,37-56,Have kids < 18,Male
101107,2025,0.9556437196285038,-1.369589487407851,0.819805965795004,1.1219208672284409,0.4981113706374328,Selection,0.16627714759993706,Under $25K,57-65,Have kids < 18,Male
100498,2025,-0.11008394970667074,0.16003031630243103,0.8102268806720029,0.014933415529589777,0.9535300297328052,Convenience,0.14330314906080233,Under $25K,37-56,Have kids < 18,Female
100353,2025,-0.6509111401300541,0.39917245722610323,0.4785523915418738,0.5701933590678837,-0.39786232678781613,Selection,0.09164096752600992,$75K to $99K,37-56,Have kids < 18,Female
101839,2025,-0.30051834243804637,0.3779659788453399,0.4772056520589337,0.7543982417953652,0.9609618401155531,Convenience,0.2065635983201879,$50K to $74K,37-56,Have kids < 18,Female
100532,2025,0.23306667155969607,0.17159476553140246,0.6967046692744955,-0.5389466152698097,0.057556332307556246,Digital,0.4636379977147994,$100K to $124K,25-36,No kids < 18,Male
100443,2025,0.2439912774337869,-0.27643427668046194,0.9941135064647122,0.19703746841130437,0.5055431810201807,Digital,0.4885703254445315,$75K to $99K,37-56,No kids < 18,Male
100002,2025,-1.1957812518655588,1.0549018649320092,-0.217113755209212,-0.5318814761806093,-1.301267834595813,Quality,1.2720156201412212,$50K to $74K,25-36,Have kids < 18,Male
101786,2025,0.9515105775490584,0.3876080079971318,0.6479477874555956,0.934984953433727,-0.8532809858831885,Price,0.016525624115331428,Under $25K,37-56,Have kids < 18,Female
100286,2025,-0.1194321006622005,-0.7251992031753552,0.26703004547412973,-0.5383164140483443,0.4981113706374328,Convenience,0.2310813251633031,$75K to $99K,25-36,No kids < 18,Male
101561,2025,0.24767370688223678,-0.21821123369053955,0.2935497228064181,-0.35701140955698557,0.5055431810201807,Convenience,0.2119934582137626,$75K to $99K,37-56,Have kids < 18,Female
101647,2025,-0.2968359129895965,-0.726160413213945,-0.7553984456510987,0.3796392741840501,0.9535300297328052,Convenience,0.5738907555487551,$25K to $49K,37-56,Have kids < 18,Female
100784,2025,0.0684017294173644,0.17026561335129828,0.9976789117377585,-0.5344233859503079,0.050124521924808346,Digital,0.8274132983864602,$25K to $49K,57-65,Have kids < 18,Female
100861,2025,0.5984269964379159,0.1816047368247088,0.30178206844647903,0.7534594089804024,1.4089486888281777,Convenience,0.6554892798477753,$50K to $74K,25-36,Have kids < 18,Male
200159,2021,0.593843141727475,-0.7843529535734204,-0.23538657905266125,0.5651409581929187,0.4981113706374328,Price,0.028702183534556336,$25K to $49K,18-24,Have kids < 18,Female
200816,2021,-0.2886923113019647,0.3876080079971318,-1.1015641646602155,0.01336175723928612,0.9609618401155531,Convenience,0.5733538321184213,$25K to $49K,57-65,No kids < 18,Male
100349,2025,0.7743884501050013,0.1700402875957374,0.285302869317579,0.5715758960606536,0.5055431810201807,Price,0.20281255404434773,$25K to $49K,18-24,Have kids < 18,Female
100069,2025,-1.0137033640603978,-0.05923449842058197,0.8001864024686146,1.125676466822019,-0.8532809858831885,Selection,0.32549006435340433,$125K to $149K,25-36,Have kids < 18,Female
100404,2025,0.6005443847547964,-0.5072635406324464,0.44956993178389887,-0.7205578954345173,0.5055431810201807,Price,0.09500120373461574,$50K to $74K,37-56,Have kids < 18,Female
200480,2021,-0.1321709708472649,0.8250338110186146,0.8222553281253038,0.20620343734627164,0.050124521924808346,Quality,0.0027784828933108408,$75K to $99K,18-24,Have kids < 18,Female
100755,2025,1.3131884729788283,-0.04789537494717146,-0.7444860411405445,-0.7227418367377918,-1.3086996449785608,Price,1.361083847926,$25K to $49K,25-36,Have kids < 18,Male
100798,2025,0.6015360307841114,-0.7354345002242224,0.11812613919396339,0.5624099271256864,0.5055431810201807,Price,0.03912610365842506,$25K to $49K,37-56,Have kids < 18,Female
101051,2025,0.416721014283418,-0.9443214015124147,-1.035540958863448,-0.17150972554811705,0.9609618401155531,Convenience,0.5442408258321351,Under $25K,18-24,No kids < 18,Female
201162,2021,0.24701009101265836,-0.5072635406324464,0.10831635753076875,-0.7174688959008608,0.050124521924808346,Price,0.13869373348188963,Under $25K,37-56,No kids < 18,Female
200638,2021,-0.11119827820724457,0.836598260247586,-0.5797441654984504,0.01139835589797753,-0.39786232678781613,Quality,0.8251999043496084,$125K to $149K,37-56,No kids < 18,Female
100178,2025,-0.12200020161007652,1.0439306836001132,-0.24006802726845405,0.3845099040350616,-1.301267834595813,Quality,0.6594207795650516,$75K to $99K,37-56,Have kids < 18,Male
100954,2025,-0.649829273333415,0.39976572512317854,0.6526292356713884,0.20214156207934475,1.4089486888281777,Convenience,0.7563194531567893,$75K to $99K,37-56,Have kids < 18,Male
101381,2025,-0.6607100037165794,1.2734307953719934,-0.06576048659874584,0.3912728657117981,0.050124521924808346,Quality,0.8821579296601954,$150K plus,37-56,Have kids < 18,Female
200974,2021,-0.2943580328090446,-0.9556605249858252,0.26346464020108346,1.080037329746434,0.9609618401155531,Selection,0.11907548963088099,$25K to $49K,66+,No kids < 18,Female
101958,2025,1.1345801113835343,1.0439306836001132,-0.06086284969153759,0.1979763012262672,-0.8532809858831885,Price,0.09064942778342111,$150K plus,37-56,Have kids < 18,Female
200213,2021,0.2402186272180129,0.3891624859327969,0.9084489141666477,0.19529696295211024,-0.39956806809418943,Digital,0.5192864282338508,$50K to $74K,25-36,Have kids < 18,Male
200515,2021,0.7730248984250233,1.0554951328290845,-0.7518330403780524,-0.07610101532276181,-0.3904305164050682,Quality,0.28247023440406116,$25K to $49K,57-65,No kids < 18,Male
100253,2025,0.9479508305718674,0.40013366726469296,-0.7638614878313533,0.20570804037538912,0.9609618401155531,Convenience,0.013011009543685725,$50K to $74K,66+,No kids < 18,Other or not stated
101757,2025,0.7837366010605312,-0.9556605249858252,-0.051269256719758384,-0.17418906382227398,-1.7566864936911855,Price,0.8350058577802896,Under $25K,57-65,Have kids < 18,Female
101439,2025,0.413161267306227,-0.7151892318820489,0.6512824961884482,0.19761833275984297,-1.301267834595813,Digital,0.23812122888222126,$100K to $124K,37-56,No kids < 18,Female
100559,2025,0.23273864139995948,1.0554951328290845,0.11789544265376975,1.1215628987620168,0.050124521924808346,Selection,0.06606776593293229,$125K to $149K,57-65,Have kids < 18,Female
101578,2025,1.1305696517753479,0.6074660906172201,0.2835092446030298,0.5675140207937267,-0.40529413717056406,Price,0.5231035611581277,$100K to $124K,25-36,Have kids < 18,Male
200058,2021,-0.3009365933651071,-0.49725356933914006,0.29844735971362635,0.01412938696520979,-0.40529413717056406,Digital,0.2843179727484166,$25K to $49K,25-36,Have kids < 18,Male
100194,2025,-0.3009690550690418,0.596494909285324,-0.2411840702112005,0.5688965577864967,-1.293836024213065,Quality,0.027598351498827278,$50K to $74K,25-36,Have kids < 18,Male
201066,2021,-0.6591774242889448,-0.26679224752867003,0.1279504287059362,0.5664377594743056,0.057556332307556246,Selection,0.43848733076836943,$75K to $99K,37-56,No kids < 18,Male
101508,2025,-0.651812565392045,0.5849304600563526,1.1681903505942268,0.7585118098553675,0.5055431810201807,Digital,0.40967854073885934,$75K to $99K,37-56,Have kids < 18,Male
101498,2025,0.24245869800615233,0.3796514121139656,-0.7649775307740998,0.014487355431633975,0.4981113706374328,Convenience,0.11845995852346725,$75K to $99K,66+,Have kids < 18,Male
101702,2025,-0.4758949872158859,-0.27643427668046194,-0.9368357091135082,-0.9073563807247728,-1.7566864936911855,Quality,0.19946071053542397,$100K to $124K,25-36,Have kids < 18,Female
100245,2025,0.23931720195602202,1.0554951328290845,0.642588757468,-0.16739615748811482,0.5055431810201807,Quality,0.41290637536108443,$25K to $49K,37-56,Have kids < 18,Male
100446,2025,0.7760437120038948,-0.2677534575672598,-0.06774845584865839,0.01412938696520979,0.4981113706374328,Price,0.27793234136646194,$25K to $49K,18-24,Have kids < 18,Female
100477,2025,-1.008906606111374,0.39821124718751344,1.1679596540540331,-0.17173026551008286,-1.2955417655194383,Digital,0.7697484068665197,$25K to $49K,18-24,Have kids < 18,Female
100539,2025,-0.11732612613231164,0.39976572512317854,-0.397434975728875,0.5620519586592622,1.4089486888281777,Convenience,0.8468967301689155,$150K plus,37-56,No kids < 18,Female
101331,2025,0.23976791458701743,-1.5990895991797311,-0.41414487139796863,-0.7239555265616712,0.5129749914029287,Convenience,0.2732070768159113,Under $25K,66+,No kids < 18,Male
100256,2025,0.9555210371572449,1.2734307953719934,0.11298329789778336,-0.9134850429191589,0.050124521924808346,Quality,0.31790975821474854,$75K to $99K,18-24,Have kids < 18,Female
100452,2025,0.06439126980917792,-1.162625006196838,-1.1133619155733225,-1.2813139440255834,-0.8532809858831885,Price,0.9176722556923664,Under $25K,57-65,Have kids < 18,Female
200931,2021,0.24287694893321304,0.3891624859327969,0.6345726005193546,0.012832585683822817,0.050124521924808346,Digital,0.2454101145865577,Under $25K,37-56,Have kids < 18,Male
101489,2025,0.06170048639004304,0.6065048805786304,0.3104903150157054,0.013908847003243973,-0.3904305164050682,Quality,0.296014565562925,$125K to $149K,25-36,Have kids < 18,Male
101745,2025,-0.30974381092231734,-0.7248312610338408,-0.599378236673618,0.015374495453521453,0.4981113706374328,Convenience,0.4827368751839114,Under $25K,66+,No kids < 18,Male
200954,2021,-0.8336526438047934,-0.26642430538715567,-0.7649775307740998,-0.5366132221414657,-0.8532809858831885,Quality,0.27018891675431,$50K to $74K,57-65,No kids < 18,Male
200054,2021,0.06137245623030644,0.15943704840535572,-1.621576031258653,-1.0006099416903074,0.5129749914029287,Convenience,0.35353794299757296,$25K to $49K,57-65,Have kids < 18,Female
200559,2021,-0.4812002168592945,-0.2887346101924622,-1.1082190742771425,-1.0025735834311984,1.4089486888281777,Convenience,1.6976832990206399,$25K to $49K,37-56,No kids < 18,Female
200634,2021,0.9550703245262495,0.16062358419950637,-1.642952867294761,0.19632153147845605,0.5055431810201807,Price,0.4495271435060688,$50K to $74K,66+,No kids < 18,Female
200753,2021,-0.11898138803120503,-0.2773954867190517,0.4676265669359327,0.37712878307878367,0.050124521924808346,Digital,0.09049778385714902,$25K to $49K,25-36,Have kids < 18,Male
201047,2021,0.6009950973857918,-1.162625006196838,0.3033595044696128,-0.7276253904438662,0.5129749914029287,Price,0.08802010598286314,$25K to $49K,25-36,Have kids < 18,Male
100949,2025,-0.12257359671233084,0.39917245722610323,-0.06599118313893948,0.3825908452132482,0.057556332307556246,Quality,0.016581612012855018,$150K plus,18-24,Have kids < 18,Male
100511,2025,1.3131884729788283,1.0439306836001132,0.639484745275341,1.3072020112753435,0.4981113706374328,Price,0.005986461703484824,$50K to $74K,25-36,Have kids < 18,Male
101394,2025,-0.4768866332452009,-0.05982776631765728,0.46429185820307994,0.37922961292455065,-0.8607127962659364,Digital,0.08506224527852929,$50K to $74K,37-56,Have kids < 18,Male
101509,2025,1.3131884729788283,-0.05945982417614286,0.3028981113892255,-0.7224355610644428,-0.39786232678781613,Price,1.0102903615896028,$25K to $49K,37-56,No kids < 18,Male
200040,2021,1.1345801113835343,-0.05982776631765728,-0.04771835929549023,0.748987872453976,-2.20467334240381,Price,0.3855922389295583,Under $25K,18-24,Have kids < 18,Male
200391,2021,0.23931720195602202,-0.08162751259549593,-0.2411840702112005,0.6161113340936899,0.9535300297328052,Convenience,0.3374186956391153,$100K to $124K,57-65,No kids < 18,Other or not stated
101332,2025,-1.1926397558154285,-0.48532117796865426,-1.1258651762023975,-0.17357415655542768,0.057556332307556246,Convenience,0.23113048886298393,$125K to $149K,37-56,Have kids < 18,Female
101310,2025,-0.472425461006019,-0.03825334579537956,-1.1133619155733225,0.5665234951856886,-0.8607127962659364,Selection,0.6047768409810681,$75K to $99K,66+,No kids < 18,Male
200022,2021,-0.6631878838971312,0.3785592467424152,-0.767196196564206,0.20070733229349944,0.050124521924808346,Quality,0.17785191444891577,$100K to $124K,66+,No kids < 18,Female
200550,2021,-0.2980404622574945,-0.4856891201101686,-0.05751363310990674,0.20231040924823526,0.057556332307556246,Selection,0.14475407694067902,$25K to $49K,66+,No kids < 18,Female
200053,2021,0.6015360307841114,-0.7271216232525347,-0.0526159962026985,0.20079306800488245,0.050124521924808346,Price,0.400742962779229,Under $25K,37-56,Have kids < 18,Female
200789,2021,-0.24656681321204488,0.14905913497053494,0.10966309701370885,-0.3580876708764067,0.9535300297328052,Convenience,0.8044708947622703,$150K plus,66+,No kids < 18,Female
200577,2021,0.23674910100814595,-0.27835669675764146,-0.9308220292635534,0.016450756772942575,-0.40529413717056406,Price,0.22029834423520336,$75K to $99K,37-56,Have kids < 18,Male
200782,2021,-0.6519027861593691,-0.048488642844246796,0.9974482151975649,0.01573246391994564,0.042692711542060446,Digital,0.9547555036555044,$125K to $149K,66+,Have kids < 18,Female
200818,2021,0.7801443923794054,-0.4860570622516831,-0.2220113921164203,-1.0866486470018963,0.9609618401155531,Convenience,0.18081744773614772,$50K to $74K,37-56,No kids < 18,Female
200169,2021,-0.1187684847926221,0.8360049923505106,-0.41414487139796863,-0.17424075661534932,-1.3086996449785608,Quality,0.9547734771431328,$75K to $99K,25-36,Have kids < 18,Male
200574,2021,-1.0132526514294025,-0.03766007789830424,0.09517186713472138,-1.2851212364122366,0.050124521924808346,Digital,0.045047345209913034,$75K to $99K,25-36,Have kids < 18,Female
101927,2025,0.23931720195602202,1.0549018649320092,0.1031735162345887,-1.0947900474105177,0.06498814269030417,Quality,0.8155846629759872,$150K plus,57-65,Have kids < 18,Female
200528,2021,-0.8294292809580239,-0.7151892318820489,-0.9225751757747144,-0.35974244062421784,0.5129749914029287,Convenience,0.8727174320271465,$25K to $49K,57-65,No kids < 18,Female
100622,2025,0.6415329417238604,-1.3817472045338974,-1.0881889777239744,0.19725800837327023,1.4255180509000467,Convenience,0.7839851091761862,$25K to $49K,66+,Have kids < 18,Female
101511,2025,0.24233601553489348,-0.04922452712727564,-0.2411840702112005,-0.9067778722963827,0.9609618401155531,Convenience,0.7186258245806596,$125K to $149K,66+,No kids < 18,Female
200990,2021,-0.6510338226013129,1.0554951328290845,-1.10623110502723,0.007064247876009466,-0.40529413717056406,Quality,1.048430884953075,$75K to $99K,37-56,No kids < 18,Female
101672,2025,0.23931720195602202,0.399908341509132,-0.4357524039742705,0.5647829897264944,0.9535300297328052,Convenience,0.3887470400063108,$50K to $74K,57-65,No kids < 18,Female
101701,2025,-1.5523343591865684,0.39954039936761765,0.9974482151975649,0.5651409581929187,0.9609618401155531,Digital,0.0364863750820118,$150K plus,57-65,Have kids < 18,Female
200031,2021,-0.6513618527610495,0.3785592467424152,-0.4009858731531431,0.7518046392325913,1.4255180509000467,Convenience,0.6737134116674554,$75K to $99K,37-56,Have kids < 18,Male
101201,2025,-0.3061840639451263,0.3779659788453399,0.9925360704415784,-0.35361377842983166,0.042692711542060446,Digital,0.6145700915962385,$125K to $149K,57-65,Have kids < 18,Male
200847,2021,-1.0167221776392692,-0.05945982417614286,-0.9223444792345208,0.012832585683822817,0.9535300297328052,Convenience,0.9406974440489824,$75K to $99K,66+,No kids < 18,Female
100664,2025,-0.12190998084275242,-0.7132668118048695,-0.41769576882223675,0.3812423511387859,0.9535300297328052,Convenience,0.5722876785940193,$125K to $149K,66+,No kids < 18,Female
100775,2025,0.775921029532636,0.1475046570348699,0.8231406745278567,-1.0912032949858301,0.9609618401155531,Convenience,0.13782116558769641,Under $25K,18-24,Have kids < 18,Female
100574,2025,-0.474408753064649,0.17026561335129828,0.6200813706403672,0.7510006106682113,0.4981113706374328,Selection,0.13091924002784416,$100K to $124K,25-36,Have kids < 18,Male
200077,2021,0.0684017294173644,0.5959016413882487,-0.2411840702112005,0.1482905890749459,-0.39786232678781613,Quality,0.44761105231330284,$75K to $99K,37-56,No kids < 18,Female
200464,2021,0.7760437120038948,0.18123679468319437,-0.04303691107969746,-0.3505764716892506,0.057556332307556246,Price,0.5948069173207005,$25K to $49K,37-56,No kids < 18,Female
101991,2025,-0.6550442822094994,-0.7248312610338408,-1.6213453347184592,-0.309942693196727,-1.293836024213065,Selection,0.3451015890127724,$75K to $99K,57-65,Have kids < 18,Male
200771,2021,-0.29770487654765265,-0.0372921357567898,-0.05483466199280468,-0.17714063485147205,0.057556332307556246,Convenience,0.09484846806434605,$50K to $74K,37-56,No kids < 18,Other or not stated
200067,2021,0.060167906962408466,0.38834389228016064,-0.24006802726845405,0.5665751879787639,0.5055431810201807,Selection,0.06103200695858324,$150K plus,25-36,Have kids < 18,Male
101122,2025,-0.6560359282388144,-0.7142280218434591,0.28863757805043166,-1.4676713493919071,-0.3904305164050682,Digital,0.6790680944554999,$50K to $74K,18-24,Have kids < 18,Female
100551,2025,0.23228792876896404,-0.9333502201805186,-1.1013334681200218,-1.2833290381599674,-0.39786232678781613,Price,0.6301502555567802,$25K to $49K,57-65,No kids < 18,Female
200695,2021,0.23931720195602202,-0.2648698274514906,-0.21732994390062754,-0.1701271885553471,0.5055431810201807,Convenience,0.2662259790641587,$150K plus,66+,No kids < 18,Male
200117,2021,-0.04714162067008072,-0.5063023305938567,0.6669404455040543,-0.1701271885553471,0.5129749914029287,Digital,0.1539654541011256,$25K to $49K,37-56,Have kids < 18,Male
100140,2025,-0.4799054468240724,-0.49784683723621537,-0.5797441654984504,-0.3567908695950197,0.5055431810201807,Convenience,0.8623340506152004,$150K plus,25-36,Have kids < 18,Male
200143,2021,0.5907341073812794,1.0549018649320092,0.10987928570512429,0.20476920756042635,0.042692711542060446,Quality,0.4641677575507298,Under $25K,37-56,Have kids < 18,Male
100283,2025,-0.4821016421212854,-0.7132668118048695,-0.9510828223569152,0.9360612147531482,0.057556332307556246,Selection,0.8785048824455919,$150K plus,66+,Have kids < 18,Female
100259,2025,0.9592034666056948,0.8360049923505106,0.12770522431696443,0.9414715840945374,-0.8384173651176927,Price,0.017731882511157426,$25K to $49K,18-24,Have kids < 18,Male
100617,2025,-0.11421709178611605,-0.4856891201101686,-0.9426197801766607,0.20620343734627164,0.9609618401155531,Convenience,0.7547584027692814,$50K to $74K,66+,No kids < 18,Female
101812,2025,0.6370832580023716,-0.49629235930055027,0.813777778096271,-0.1704334642286959,0.057556332307556246,Digital,0.1766945200938994,$25K to $49K,18-24,Have kids < 18,Female
101798,2025,0.054007597333406654,-0.04922452712727564,0.09983880750173602,0.19941053101211248,-1.301267834595813,Selection,0.09957172351037646,$75K to $99K,37-56,Have kids < 18,Male
200216,2021,-1.008906606111374,1.0439306836001132,-0.7484983316451999,0.20785820709408276,0.5129749914029287,Quality,0.5309556921971845,$150K plus,25-36,Have kids < 18,Male
200226,2021,-1.0212735706457754,-1.1747827233228847,-0.05618140147574482,-0.9105334718899608,-0.39786232678781613,Digital,0.34168092531207134,$25K to $49K,25-36,Have kids < 18,Female
100726,2025,0.7688917563455779,-0.7036247826530775,-0.39388407830460687,-0.9059738437320028,0.050124521924808346,Price,0.7187672344207696,$25K to $49K,57-65,Have kids < 18,Male
101637,2025,0.5964437043792858,-1.1632182740939134,-0.06552979005855224,0.024371617219598206,-0.8384173651176927,Price,0.5720720871596876,Under $25K,25-36,No kids < 18,Female
200221,2021,0.9519612901800538,-0.9452826115510045,-0.06441374711580572,-0.17871229314177572,-0.39786232678781613,Price,1.0163750372958595,Under $25K,25-36,Have kids < 18,Male
100678,2025,-0.1187684847926221,0.39976572512317854,0.649063830398342,0.3795875813909748,-0.39786232678781613,Digital,0.2492981052751635,$75K to $99K,18-24,Have kids < 18,Female
200910,2021,-0.4799956675913965,0.4010948773032827,0.2801745358701771,0.383615413739594,0.9609618401155531,Convenience,0.5598669628122703,$75K to $99K,66+,No kids < 18,Male
101153,2025,-0.6586040291866905,0.836598260247586,-0.40211642394466773,0.5678202964670755,-0.8384173651176927,Quality,0.26877796378051044,$150K plus,66+,No kids < 18,Male
101347,2025,0.43074324071671266,0.8360049923505106,-0.7529490833207989,-0.9094572105705396,-0.8458491755004406,Quality,0.40526175163379796,$25K to $49K,25-36,No kids < 18,Female
100056,2025,0.4143658165741249,0.3773727109482646,-0.23538657905266125,0.19690003990684607,0.9535300297328052,Convenience,0.5391642131586802,$50K to $74K,37-56,No kids < 18,Female
101567,2025,0.42561845260795234,0.10139822821131833,-0.4174795801308213,-0.1691883557403843,-0.8532809858831885,Price,0.324220224396634,$75K to $99K,25-36,Have kids < 18,Male
200359,2021,-0.29439049451297933,0.8360049923505106,-0.5913620797249726,-0.16543275614680625,0.5055431810201807,Quality,0.3304618113303299,$50K to $74K,37-56,Have kids < 18,Male
101412,2025,0.7753800961343164,1.2734307953719934,0.10006950404192963,0.7551141787282135,0.4981113706374328,Quality,0.4980506992376771,$150K plus,25-36,Have kids < 18,Female
200581,2021,-1.1994636813140085,1.0554951328290845,0.46918949511028823,0.9373580160345352,0.06498814269030417,Quality,0.1181371167945493,$150K plus,25-36,Have kids < 18,Male
101289,2025,1.1382625408319842,0.39917245722610323,0.29511265098077366,0.567153696407154,-0.39786232678781613,Price,0.5711088444248302,$50K to $74K,37-56,Have kids < 18,Male
100167,2025,-1.010020934611948,-0.7155571740235633,0.45536742294243815,-1.0974693856846747,0.042692711542060446,Digital,0.4126747114003777,Under $25K,37-56,No kids < 18,Female
201035,2021,-0.6466877772832846,1.2734307953719934,-0.40100038100192126,0.9414715840945374,0.06498814269030417,Quality,0.3319592112774561,$75K to $99K,37-56,No kids < 18,Female
100873,2025,0.4108060695969339,1.0439306836001132,-0.9127653941115197,0.5661655267192645,-0.39786232678781613,Quality,0.47776515688084875,$75K to $99K,37-56,No kids < 18,Male
101362,2025,0.06385033641085835,-1.1741894554258094,-1.12785314545231,0.01081984746958754,0.9535300297328052,Convenience,0.8896796933219469,$25K to $49K,37-56,No kids < 18,Female
100888,2025,-0.3015099884673614,-0.7873079854653411,0.4540206834594981,-0.5416259535439666,0.9535300297328052,Convenience,0.4995093462733071,Under $25K,57-65,Have kids < 18,Female
100889,2025,-0.7051829435943628,0.6065048805786304,-0.760296082558307,0.5651409581929187,0.5055431810201807,Quality,0.04136392238571174,$100K to $124K,66+,Have kids < 18,Male
200497,2021,-0.30138730599610253,0.606136938437116,-0.23024373775648121,0.19529696295211024,-0.8532809858831885,Quality,0.4108399754850058,$125K to $149K,57-65,No kids < 18,Female
200549,2021,-0.24665502626874683,-0.059091882034628465,0.9925360704415784,-1.2816742684121563,0.9609618401155531,Digital,0.031574230326025354,$25K to $49K,37-56,Have kids < 18,Male
101820,2025,-1.5538669386142028,0.1590691062638413,0.027095190768343075,-0.17705752339396458,0.9609618401155531,Convenience,0.8018927338517118,$25K to $49K,66+,No kids < 18,Male
200582,2021,1.1335884653542194,0.158475838366766,-0.7720938334714142,0.017166693705790926,0.9535300297328052,Price,0.18005843562141421,$25K to $49K,57-65,Have kids < 18,Male
101973,2025,-0.11318157026587461,-0.2561890083382884,0.6443823821825493,0.20482090035350167,-0.8458491755004406,Digital,0.43956148182904764,$100K to $124K,18-24,Have kids < 18,Male
100499,2025,-0.48736052648829625,0.1596623741609166,0.288406881510238,0.1499081664904246,-0.39786232678781613,Digital,0.1287445073493214,$25K to $49K,37-56,No kids < 18,Female
101970,2025,0.4153574626034399,-1.3921251179687182,0.10141624352486972,-0.7283413273767145,-1.7566864936911855,Price,0.3139412190785702,$25K to $49K,25-36,Have kids < 18,Male
100715,2025,-1.013580681589139,0.3876080079971318,0.1243850234328899,0.20316613060569055,0.5129749914029287,Convenience,0.12536698340579688,$50K to $74K,37-56,No kids < 18,Female
200883,2021,-0.6601690703182598,-0.058498614137553126,1.1681903505942268,0.568948250579572,0.5055431810201807,Digital,0.5992421000146548,$150K plus,37-56,Have kids < 18,Female
101057,2025,-1.1915254273148546,0.17026561335129828,0.6479477874555956,-0.5376498139884227,0.5055431810201807,Digital,0.14240460643541486,$150K plus,66+,No kids < 18,Female
200897,2021,0.7713696365261299,-1.151653824864942,1.1646249453211803,-0.35540833260224974,1.4089486888281777,Convenience,0.24432374350699737,Under $25K,37-56,Have kids < 18,Female
100365,2025,0.7693424689765734,-0.2673855154257454,-0.06442825496458388,0.19935883821903716,0.050124521924808346,Price,0.5699836307575363,$25K to $49K,18-24,Have kids < 18,Male
201183,2021,0.774929383503321,0.6070981484757058,0.8001864024686146,0.3825391524201729,0.5055431810201807,Digital,0.025257018965293643,$50K to $74K,25-36,No kids < 18,Female
200435,2021,-0.8422469581234207,-0.71445334759902,-0.5715118198583895,0.7493458409204001,0.057556332307556246,Selection,0.6917895086128438,$75K to $99K,57-65,No kids < 18,Male
101728,2025,0.42561845260795234,-0.7148212897405345,-0.0630670076328656,0.0072847878379752925,-0.8458491755004406,Price,0.418333664769977,$25K to $49K,57-65,Have kids < 18,Male
101173,2025,1.3131884729788283,-1.393311653762869,0.9892013617087257,-1.0902644621708675,0.5055431810201807,Price,0.3239871112701026,Under $25K,37-56,No kids < 18,Female
201184,2021,0.7770353580332098,0.158475838366766,0.2815212753531172,-0.910891440356385,-0.39786232678781613,Price,0.49551408268009256,$50K to $74K,25-36,No kids < 18,Female
100801,2025,-1.187424746939344,0.6186625977046771,-1.113131219033129,0.5665751879787639,-0.40529413717056406,Quality,0.05208740972591319,$75K to $99K,37-56,Have kids < 18,Female
100618,2025,-1.0197409912181408,-0.2773954867190517,-0.21799910161176486,-0.7266865576289034,0.5055431810201807,Convenience,0.7235422826319455,$75K to $99K,66+,No kids < 18,Female
200125,2021,-0.4805690626936508,-0.21873957307169756,0.8271674728812902,0.015205648284630946,-0.39786232678781613,Digital,0.8119618245966593,$75K to $99K,25-36,Have kids < 18,Female
100601,2025,-0.289265706404219,0.38856921803572153,1.1679596540540331,0.01139835589797753,0.9609618401155531,Digital,0.20699781393848005,$100K to $124K,18-24,Have kids < 18,Male
100124,2025,0.6051282394652372,0.17159476553140246,0.652859932211582,-0.16775412595453898,-0.8458491755004406,Digital,0.04773169274634481,$25K to $49K,57-65,Have kids < 18,Male
101598,2025,-1.1963221852638783,0.6167401776274977,-0.06441374711580572,0.383615413739594,-1.301267834595813,Quality,0.23312476388790365,$25K to $49K,37-56,Have kids < 18,Female
100335,2025,-0.6554949948404949,1.2817042541817,-0.5931193524346914,0.19422070163268912,-0.3904305164050682,Quality,1.087483552549011,$150K plus,25-36,Have kids < 18,Male
101858,2025,-0.8305111477546631,-0.7267536811110203,0.26211790071814334,0.8357097264603055,0.4981113706374328,Selection,0.3375983558228727,$75K to $99K,37-56,Have kids < 18,Female
200398,2021,0.9586625332073753,0.14846586707345963,-0.06932589187179215,0.2010136079668483,1.4089486888281777,Convenience,0.45028615562080243,$50K to $74K,18-24,Have kids < 18,Female
100305,2025,0.06496466491143221,0.40013366726469296,0.11100983649664894,0.19941053101211248,-1.7492546833084375,Quality,0.20072313625258048,$25K to $49K,18-24,Have kids < 18,Female
200548,2021,0.7754703169016405,1.0545339227904948,0.9938828099245185,0.012474617217398653,0.5055431810201807,Quality,0.06065111286597635,$75K to $99K,25-36,Have kids < 18,Male
100981,2025,0.9550703245262495,0.6196238077432669,-0.2400535194196759,-0.3545526112447944,-0.8532809858831885,Price,0.33544651678298265,$25K to $49K,25-36,Have kids < 18,Female
101689,2025,-0.2984911748884899,0.1802755846446046,-0.2351558825124676,0.5701933590678837,0.9609618401155531,Convenience,0.39076848104766937,$25K to $49K,57-65,No kids < 18,Male
200822,2021,0.597312667937342,-0.07176015768814314,0.4555981194826318,-0.16739615748811482,0.042692711542060446,Price,0.14171454845471015,$75K to $99K,37-56,No kids < 18,Male
200236,2021,0.06025812772973259,0.37663682666523574,0.450916671266839,0.5661655267192645,0.5055431810201807,Selection,0.06062234569908376,$75K to $99K,18-24,Have kids < 18,Female
100919,2025,0.06753276585930824,-1.162625006196838,-0.2220113921164203,-0.719123665648672,-1.3086996449785608,Price,0.2895441579757285,$100K to $124K,66+,No kids < 18,Female
101080,2025,-0.24952937422929394,-0.7277148911496101,0.6359193400022947,0.38527018348740516,-1.7492546833084375,Digital,0.2506491565148895,Under $25K,25-36,Have kids < 18,Male
201200,2021,0.4260691652389478,0.596494909285324,-1.1015641646602155,1.122997128547862,1.4089486888281777,Convenience,0.28595156028031576,Under $25K,37-56,Have kids < 18,Male
100582,2025,0.24224579476756938,-0.27776342886056615,0.11456073392091708,-0.16543511206695485,-0.41272594755331193,Price,0.12768506084665232,$25K to $49K,37-56,No kids < 18,Male
200237,2021,-0.2896839573312797,-0.7032568405115631,-0.41904250830517686,-0.9084326420441939,1.4089486888281777,Convenience,1.6986326461594574,$25K to $49K,25-36,Have kids < 18,Female
101617,2025,0.9515105775490584,0.5955336992467343,0.2968844315392708,-1.0082611200295049,-0.8458491755004406,Price,0.35597687830232416,$100K to $124K,25-36,Have kids < 18,Female
101275,2025,0.06430104904185381,-2.0365154022012137,0.6334565575766081,1.0711724059360044,1.4089486888281777,Convenience,0.3377762828921733,Under $25K,37-56,Have kids < 18,Male
101285,2025,-0.1194321006622005,-0.27835669675764146,-0.42015855124792334,0.5678202964670755,0.9609618401155531,Convenience,0.39314154364847753,$25K to $49K,66+,Have kids < 18,Male
101195,2025,-0.6595956752160055,-0.49569909140347496,0.4689587985700946,-1.2810076683522347,0.5129749914029287,Convenience,0.04401619283283409,$100K to $124K,57-65,No kids < 18,Female
100829,2025,-0.12401595537264129,0.15870116412232688,-0.2387212877855139,0.19935883821903716,0.5129749914029287,Convenience,0.3136161531838915,$25K to $49K,57-65,No kids < 18,Female
100992,2025,-0.83398067396453,0.8356370502089963,-1.4546154898264527,-1.2836870066263915,0.9535300297328052,Convenience,0.11789297952380895,$50K to $74K,66+,No kids < 18,Female
101198,2025,-0.1187684847926221,0.5959016413882487,0.09137576532148144,-1.460878443057748,0.050124521924808346,Quality,0.5045258760667674,Under $25K,37-56,Have kids < 18,Female
101196,2025,-1.7247824111528605,-0.25678227623536376,0.29021501407356537,0.2010653007599236,1.4089486888281777,Convenience,1.1187336747546124,$100K to $124K,25-36,No kids < 18,Female
101825,2025,-1.0157305316099543,-0.9331248944249577,0.6410476734496966,-0.35885530060233034,0.9535300297328052,Convenience,0.3124823562831086,$75K to $99K,37-56,No kids < 18,Male
101880,2025,-0.47610789045446883,-0.7155571740235633,-0.2543285606072479,-0.16775412595453898,0.050124521924808346,Convenience,0.21787864787934733,$50K to $74K,37-56,Have kids < 18,Female
101982,2025,0.06741008338804941,0.8250338110186146,0.8135615894048556,0.3853456043557739,-0.3904305164050682,Quality,0.011472221613759048,$25K to $49K,25-36,Have kids < 18,Female
101862,2025,-1.7242414777545407,0.39976572512317854,0.0998533153505142,0.01578415671302095,1.4089486888281777,Convenience,1.0091829637049992,$150K plus,37-56,No kids < 18,Male
101351,2025,-1.0142442974587174,0.8375594702861757,-0.06932589187179215,0.011756324364401716,1.4089486888281777,Convenience,0.571389218542002,$125K to $149K,37-56,No kids < 18,Female
100410,2025,0.5980989662781793,-0.5078568085295218,0.2935497228064181,0.7493458409204001,0.050124521924808346,Selection,0.15124687464222086,Under $25K,18-24,Have kids < 18,Female
100676,2025,0.775921029532636,-0.03766007789830424,0.819805965795004,0.5719855573201531,0.050124521924808346,Digital,0.043884936262368,Under $25K,25-36,Have kids < 18,Female
100298,2025,0.41837627618231144,0.17122682338988804,-0.22312743505916677,-1.2743004977294583,0.042692711542060446,Price,0.2471494527924234,$75K to $99K,66+,No kids < 18,Female
100926,2025,0.06430104904185381,0.1480979249319452,-0.38563722481576773,0.7561904400476347,0.050124521924808346,Selection,0.6080925151156895,$25K to $49K,25-36,Have kids < 18,Female
100023,2025,0.23877626855770245,-0.2773954867190517,1.3444024474742495,0.3795018456795918,-1.301267834595813,Digital,0.9649006017946578,$50K to $74K,18-24,Have kids < 18,Female
200163,2021,-0.12290162687206742,-0.9331248944249577,-0.4061287144493232,-0.9148675799119288,-0.3904305164050682,Price,0.2675288895330008,$25K to $49K,37-56,Have kids < 18,Female
100729,2025,0.23108337950106606,0.6065048805786304,-0.16918613578322783,-0.3478454406220183,0.9535300297328052,Convenience,0.3470251491541748,$50K to $74K,66+,No kids < 18,Male
101308,2025,-0.656576861637134,0.6186625977046771,-0.5944660919176316,-0.3499462704677852,0.5055431810201807,Quality,0.11311941668449643,$125K to $149K,66+,No kids < 18,Female
100672,2025,-0.1167851927339921,-0.04826331708868588,-0.06932589187179215,-0.35236866994152005,0.050124521924808346,Convenience,0.09838783901349422,Under $25K,57-65,No kids < 18,Male
101673,2025,0.4127105546752315,-0.7257924710724306,0.13238667253275724,-0.35736937802340973,0.042692711542060446,Price,0.2803238821424743,$50K to $74K,37-56,Have kids < 18,Female
101200,2025,-0.8346442898341084,-0.05945982417614286,-0.5712811233181959,-0.359521900662252,-0.39786232678781613,Quality,0.3000620764861091,$25K to $49K,37-56,No kids < 18,Male
201095,2021,1.3131884729788283,-0.2773954867190517,-0.7453579674477104,1.3072020112753435,-0.8458491755004406,Price,0.005986461703484824,$25K to $49K,37-56,Have kids < 18,Male
100294,2025,-0.48457952230183726,-1.389513037656714,0.639484745275341,0.01341345003236143,-0.8532809858831885,Digital,0.6260712952429797,$25K to $49K,66+,No kids < 18,Female
100127,2025,-0.6476794233125996,0.6856515611431392,-0.4056673213689359,-0.5396132153297313,-0.39786232678781613,Quality,1.0835138879309554,$150K plus,25-36,Have kids < 18,Male
200197,2021,0.23509383910925252,-0.48532117796865426,0.29844735971362635,-0.16739615748811482,0.050124521924808346,Digital,0.06335352060437383,Under $25K,37-56,No kids < 18,Male
200712,2021,0.9592034666056948,0.8250338110186146,-1.1180288559403373,0.012474617217398653,0.042692711542060446,Price,0.13416965558708016,$75K to $99K,57-65,No kids < 18,Female
100693,2025,1.1305696517753479,-1.3817472045338974,-1.11137394632341,0.020616017626020156,0.5129749914029287,Price,0.6175946603724192,$25K to $49K,66+,No kids < 18,Female
100687,2025,-0.472845208165741,-0.05982776631765728,-0.8343099757790213,-0.9138430113855831,1.4089486888281777,Convenience,1.4687764551458349,$75K to $99K,37-56,No kids < 18,Female
100818,2025,0.9519612901800538,-0.49666030144206474,1.1681903505942268,0.20137157643327247,-1.7566864936911855,Digital,0.216229060414173,$25K to $49K,18-24,Have kids < 18,Other or not stated
100217,2025,0.6009950973857918,-0.7142280218434591,0.6381380057924009,-0.5298161639169539,-0.8607127962659364,Digital,0.037142908406609054,Under $25K,25-36,Have kids < 18,Female
100153,2025,-0.6663293799472616,-0.2661989796315947,0.27994383932998346,0.013053125645788689,-0.8458491755004406,Digital,0.26689071368419476,$25K to $49K,37-56,Have kids < 18,Female
200547,2021,-0.1153314202866899,0.16003031630243103,0.6428194540081937,-0.35339323846786586,0.050124521924808346,Digital,0.4827891377057627,$50K to $74K,37-56,No kids < 18,Male
101993,2025,0.6098023149430021,-0.49629235930055027,-0.4152609143407151,-1.463915749798329,-0.8458491755004406,Price,1.0250632292837172,$50K to $74K,66+,No kids < 18,Female
200217,2021,0.7760437120038948,-0.7036247826530775,0.8088801411890628,-0.1767826663850479,0.9535300297328052,Convenience,0.1446498885437424,Under $25K,57-65,No kids < 18,Male
200009,2021,-0.658063095788371,0.6180693298076018,-0.7685429360471461,0.3893837515474074,0.9609618401155531,Convenience,0.3428925103079513,$50K to $74K,37-56,No kids < 18,Female
100479,2025,0.4193679222116264,-0.2781313710020806,0.28842138935901623,-0.17280652682950404,0.050124521924808346,Price,0.13094653285261015,$75K to $99K,25-36,Have kids < 18,Female
101283,2025,-0.4664392230297906,0.39917245722610323,-0.23538657905266125,0.2010653007599236,-0.39615658548144284,Quality,0.19810715646617963,$50K to $74K,37-56,Have kids < 18,Female
101605,2025,0.23261595892870063,-0.49629235930055027,0.29331902626622447,0.010015818905207552,0.042692711542060446,Digital,0.06070306733752384,$25K to $49K,18-24,Have kids < 18,Male
200147,2021,0.4153574626034399,-1.1744147811813703,-0.7504863008951124,0.5757411569137312,0.057556332307556246,Selection,0.16038369431029126,$25K to $49K,25-36,Have kids < 18,Male
101667,2025,0.40969174109636003,-0.2658310374900803,-0.0425755179993102,-0.7266865576289034,0.5055431810201807,Convenience,0.09585143992382067,$75K to $99K,66+,No kids < 18,Female
100813,2025,-0.28914302393296015,-0.05945982417614286,0.6481784839957893,0.7545356702998236,0.050124521924808346,Selection,0.10635718630403435,$150K plus,25-36,Have kids < 18,Male
100251,2025,0.7796034589810859,0.6070981484757058,-1.2671634587606972,-0.35179016151313003,0.5055431810201807,Price,0.1725053105053801,$100K to $124K,66+,No kids < 18,Female
100844,2025,0.41068338712567504,0.1590691062638413,0.6381380057924009,-0.726549129124445,-2.1915154629446874,Digital,0.22745461866672584,$50K to $74K,25-36,Have kids < 18,Female
200953,2021,-1.1941259899666654,0.37916082259194633,0.30178206844647903,0.5688965577864967,0.9535300297328052,Convenience,0.3846334719463085,$150K plus,25-36,Have kids < 18,Male
100968,2025,-0.12290162687206742,-0.04767004919161055,0.6379073092522073,0.20208986928626943,0.050124521924808346,Digital,0.43581743996593786,$75K to $99K,25-36,No kids < 18,Female
200457,2021,0.4137022007045465,0.962787031742938,0.2980004744820172,0.20476920756042635,1.4089486888281777,Convenience,0.4461616570852397,$150K plus,18-24,Have kids < 18,Male
100973,2025,0.06496466491143221,-1.5996828670768064,-0.07913567353498682,-0.16672955742819318,0.057556332307556246,Price,0.007408332603875967,Under $25K,37-56,Have kids < 18,Male
101897,2025,0.07154322546749473,0.6065048805786304,-0.23849059124532027,0.9387405530273051,0.057556332307556246,Selection,0.3322356724486747,$75K to $99K,25-36,Have kids < 18,Female
100247,2025,-0.6641795299264462,0.825401753160129,-0.07090332789492589,1.3072020112753435,-0.8458491755004406,Selection,0.48180025811521454,$150K plus,37-56,Have kids < 18,Male
201087,2021,1.1345801113835343,0.5955336992467343,-1.1046681768528743,-0.17388278814892513,0.050124521924808346,Price,0.5390464121368,$75K to $99K,25-36,Have kids < 18,Male
200202,2021,-0.6637288172954509,1.0545339227904948,-0.07622600587769116,0.7507800707062455,-0.39786232678781613,Quality,0.3037538520842493,$75K to $99K,37-56,Have kids < 18,Female
200165,2021,-0.30138730599610253,-0.9446893436539292,-0.5846563102544369,-0.534509121661691,0.5055431810201807,Convenience,0.8069304870162832,$25K to $49K,57-65,Have kids < 18,Female
200444,2021,0.5897424613519644,0.15810789622525157,-1.106245612876008,0.7480490396390133,0.057556332307556246,Selection,0.15830657828704886,$25K to $49K,57-65,No kids < 18,Female
200431,2021,0.42507751920963277,-0.7363957102628123,0.4718829740761684,-0.7228792652422501,-0.39786232678781613,Digital,0.046805454866535645,Under $25K,25-36,Have kids < 18,Female
101506,2025,0.772451503322769,-0.2671601896701845,0.8184592263120639,-0.5416259535439666,-0.8458491755004406,Digital,0.0460077229892949,$50K to $74K,25-36,Have kids < 18,Female
101346,2025,1.1335884653542194,-0.060421034214732605,0.6479477874555956,0.3863464448068263,0.9535300297328052,Price,0.18005843562141421,$75K to $99K,18-24,Have kids < 18,Male
200533,2021,0.41825359371105253,-1.5990895991797311,-0.7565144885938453,1.122997128547862,-0.39786232678781613,Selection,0.7047435348368094,$100K to $124K,57-65,No kids < 18,Male
100976,2025,1.1305696517753479,-1.6096928383701128,0.6397154418155346,0.9346269849673029,0.5055431810201807,Price,0.19594266680804495,Under $25K,37-56,Have kids < 18,Other or not stated
200286,2021,0.593752920960151,0.39954039936761765,-0.4105794661249223,0.9373580160345352,0.06498814269030417,Selection,0.3436050950743842,$75K to $99K,37-56,Have kids < 18,Female
101646,2025,-0.6585138084193664,1.0554951328290845,-0.06599118313893948,-0.5437267833897336,-1.293836024213065,Quality,1.121486315968024,$75K to $99K,57-65,Have kids < 18,Male
101680,2025,0.4149067499724445,-0.7248312610338408,-0.047934547986905704,0.0175270180923637,0.9609618401155531,Convenience,0.5460550901431086,$25K to $49K,25-36,Have kids < 18,Female
200294,2021,0.2511432330921037,-1.6106540484087024,0.11924218213670987,-0.3542803784897533,1.4089486888281777,Convenience,1.157805455736074,$75K to $99K,37-56,No kids < 18,Male
100123,2025,0.5974353504086009,-0.9327569522834434,-0.7696589789898927,-1.2776981288566123,0.050124521924808346,Price,0.5473108284837925,$25K to $49K,37-56,No kids < 18,Female
101535,2025,0.238325555926707,0.6190305398461915,0.6479477874555956,0.01738723366775675,0.050124521924808346,Digital,0.028917247609404062,$50K to $74K,57-65,Have kids < 18,Female
200583,2021,0.2521348791214187,-0.49725356933914006,-1.1262757094291764,0.3795018456795918,0.5129749914029287,Convenience,0.1334731457233369,$50K to $74K,57-65,No kids < 18,Female
200687,2021,0.7730248984250233,0.3779659788453399,0.8173431833693173,0.014847679818206783,0.050124521924808346,Digital,0.04431828494429402,$50K to $74K,25-36,Have kids < 18,Male
200101,2021,-0.6481301359435951,0.36699479751344377,0.6249935153963536,-0.3557663010686739,-0.40529413717056406,Digital,0.25799871788290984,$50K to $74K,18-24,Have kids < 18,Female
100870,2025,0.7729022159537644,0.617108119769012,0.2982166631734327,0.00871901762382058,-0.39786232678781613,Price,0.15579409618475237,$25K to $49K,37-56,Have kids < 18,Female
200592,2021,-0.28555081525183434,0.6070981484757058,-1.4497033450704664,0.3904600128668285,0.9609618401155531,Convenience,0.3538636916398473,$75K to $99K,37-56,No kids < 18,Male
101031,2025,0.24245869800615233,1.0549018649320092,-0.2351558825124676,-0.7243651878211707,0.49640562933105953,Quality,0.5584962356009497,$50K to $74K,57-65,No kids < 18,Female
100757,2025,-0.6636061348241921,0.596494909285324,-0.40053898792153403,0.38469167505901514,0.5055431810201807,Quality,0.0909517282651433,$25K to $49K,66+,No kids < 18,Male
101999,2025,0.424864138006622,-0.9346793723606228,1.1632782058382403,-0.16507478768038206,-0.39786232678781613,Digital,0.7384140678316182,Under $25K,37-56,Have kids < 18,Male
101157,2025,0.06381787470692363,0.38856921803572153,-0.06954208056320763,-0.3584973321359062,0.057556332307556246,Quality,0.3247513433287979,$75K to $99K,57-65,No kids < 18,Other or not stated
200399,2021,-0.47598520798321003,0.4086799906252783,0.10989379355390246,0.5662172195123397,0.050124521924808346,Selection,0.1575372288870614,$25K to $49K,37-56,No kids < 18,Female
100333,2025,0.42109062103303263,-0.0372921357567898,-0.04145947505656368,-0.1731644952959282,0.9609618401155531,Convenience,0.5398712190825204,$50K to $74K,37-56,Have kids < 18,Female
101593,2025,-0.47361934606038436,-0.7260177968279915,0.9843037248015175,-0.17084312548819544,0.042692711542060446,Digital,0.9416110132594571,Under $25K,18-24,Have kids < 18,Female
101576,2025,0.05549383148464356,-0.49569909140347496,-0.0425755179993102,-0.9102248402964633,0.5055431810201807,Convenience,0.45004934953553716,$25K to $49K,66+,No kids < 18,Female
200343,2021,0.6014458100167873,0.6074660906172201,0.46406116166288636,0.39010204440040436,0.050124521924808346,Quality,0.0060202806004328036,Under $25K,37-56,Have kids < 18,Female
100473,2025,-0.47188452760769944,1.0554951328290845,0.01939204963082912,0.7506426422017871,-0.8458491755004406,Quality,0.30485249062729736,$150K plus,37-56,Have kids < 18,Male
100902,2025,-0.8335299613335345,0.5959016413882487,0.9925360704415784,0.5649204182309527,-1.293836024213065,Digital,0.3966344290533297,$75K to $99K,25-36,Have kids < 18,Female
100866,2025,0.9549801037589254,0.1700402875957374,0.6348032970595482,-0.5375981211953473,0.9535300297328052,Price,0.001450074026120185,$50K to $74K,37-56,No kids < 18,Female
101330,2025,0.19210035065086423,-0.49629235930055027,0.2957538807477461,0.5675140207937267,-0.39786232678781613,Selection,0.2717601400459806,$75K to $99K,37-56,No kids < 18,Male
101343,2025,0.24857513214422766,1.0549018649320092,0.6381380057924009,1.1215628987620168,-1.2955417655194383,Selection,0.06666103383000754,$25K to $49K,37-56,Have kids < 18,Female
100742,2025,-0.47945473419307694,0.8250338110186146,0.8137922859450493,-0.7295864358650261,1.4089486888281777,Convenience,0.5839148778095631,$150K plus,18-24,No kids < 18,Female
200946,2021,0.597312667937342,0.15870116412232688,0.46406116166288636,-0.35540833260224974,-0.8384173651176927,Price,0.1332515062744556,$50K to $74K,18-24,Have kids < 18,Female
201127,2021,0.060831522831986874,-0.7138600797019448,-0.9437358231194072,0.20173190081984527,0.050124521924808346,Selection,0.1409003779878584,$75K to $99K,57-65,Have kids < 18,Male
200952,2021,-0.11376637915512061,-1.6963042105486548,-1.0710574998173332,0.7545356702998236,0.057556332307556246,Selection,0.6969793379922673,$50K to $74K,37-56,Have kids < 18,Male
200716,2021,-1.0095702219809526,-0.27776342886056615,-0.9475319249326472,-0.7228792652422501,0.057556332307556246,Convenience,0.3353197611681224,$50K to $74K,66+,No kids < 18,Female
101629,2025,-0.8458067051006117,0.6065048805786304,0.29021501407356537,0.00871901762382058,-0.8458491755004406,Quality,0.316289866505065,$150K plus,25-36,Have kids < 18,Female
200389,2021,-1.3677785912008555,-0.07043100550803895,-0.41413036354919047,0.012695157179364503,0.9535300297328052,Convenience,0.9408348725534407,$75K to $99K,37-56,No kids < 18,Male
101150,2025,0.23575745497883097,0.6186625977046771,-0.5982476858820933,0.5665234951856886,1.4089486888281777,Convenience,0.7902860911235006,$50K to $74K,57-65,Have kids < 18,Female
201191,2021,-0.29381709941072504,-0.7248312610338408,-0.772324530011608,0.5719338645270778,0.9535300297328052,Convenience,0.38159616520572737,Under $25K,37-56,No kids < 18,Female
200684,2021,-0.6523534987903645,0.6180693298076018,-0.41413036354919047,0.3767708146123595,0.06498814269030417,Quality,0.24129851519524226,$100K to $124K,37-56,Have kids < 18,Female
100257,2025,-0.47697685401252504,0.37759803670382547,-0.939285071443808,-1.2793528986044234,0.06498814269030417,Quality,0.3126098940135213,$150K plus,25-36,Have kids < 18,Female
100634,2025,-0.12637115308193433,-0.04693416490858171,-0.6509009488101729,0.570330787572342,-0.8458491755004406,Selection,0.6172649524809237,$125K to $149K,37-56,No kids < 18,Male
200555,2021,-0.6584813467154317,0.3937890643678078,0.12793592085715808,-1.2807354355971934,-1.3069939036721876,Quality,0.2658531435106497,$150K plus,25-36,No kids < 18,Female
100778,2025,0.06852441188862324,-0.2883666680509478,1.1548151636579858,0.570909296000732,-1.293836024213065,Digital,0.5839058676572537,$50K to $74K,25-36,Have kids < 18,Male
200511,2021,0.7760437120038948,1.0554951328290845,0.11766474611357612,0.20173190081984527,0.5129749914029287,Quality,0.2794514208251897,$50K to $74K,57-65,Have kids < 18,Male
200102,2021,0.641686294812934,0.8144305718282329,-1.2936976439417638,0.7558324715812105,-0.39786232678781613,Quality,0.05859810024702239,$100K to $124K,66+,No kids < 18,Female
100558,2025,-0.29360419617214206,-1.1526150349035316,-0.07310748583625394,-0.35714883806144393,0.5055431810201807,Convenience,0.5786506668564346,$50K to $74K,37-56,Have kids < 18,Male
200949,2021,0.5979762838069204,1.0439306836001132,-0.7553984456510987,0.37985981414601594,-0.39786232678781613,Quality,0.44595439979319285,$50K to $74K,37-56,Have kids < 18,Male
101986,2025,1.1335884653542194,-0.2673855154257454,-0.22803957981515316,0.009297526052210592,-0.39786232678781613,Price,1.1242909393020089,$75K to $99K,37-56,No kids < 18,Male
200089,2021,0.9509696441507389,-2.048079851430185,-0.8546107314007944,0.38223287674682405,0.050124521924808346,Price,0.5687367674039149,$25K to $49K,37-56,Have kids < 18,Male
100262,2025,-1.368016400593268,-0.7140026960878983,-0.41524640649193695,0.01412938696520979,-1.293836024213065,Selection,0.4293757934571467,$125K to $149K,66+,No kids < 18,Male
200132,2021,-0.4768866332452009,1.0439306836001132,0.09605721353727423,0.2044112390940022,0.050124521924808346,Quality,0.839519444506111,$150K plus,18-24,Have kids < 18,Male
200557,2021,-0.484006127199583,0.6190305398461915,0.22451541008745268,-0.5416259535439666,0.057556332307556246,Quality,0.3945151297587388,$100K to $124K,25-36,Have kids < 18,Female
200579,2021,0.06381787470692363,-0.05923449842058197,-0.23493969382105215,0.7558324715812105,0.050124521924808346,Selection,0.6920145968742868,$100K to $124K,37-56,Have kids < 18,Male
101890,2025,-0.8458067051006117,-0.04789537494717146,0.11947287867690351,0.3767708146123595,0.5055431810201807,Convenience,0.1287723664078212,$25K to $49K,37-56,No kids < 18,Female
200160,2021,-0.12601066121826301,-0.7039927247945919,1.1681903505942268,0.7543982417953652,1.4089486888281777,Convenience,0.24075833823395087,Under $25K,37-56,No kids < 18,Male
200079,2021,-0.7043719876380224,0.8144305718282329,-0.23183568162839313,0.7543982417953652,-0.39786232678781613,Quality,0.060032330032867676,$100K to $124K,25-36,Have kids < 18,Female
200575,2021,0.9550703245262495,-0.49688562719762563,0.46406116166288636,-0.5397506438341897,-0.39786232678781613,Price,0.49100916286336316,$25K to $49K,25-36,Have kids < 18,Female
100209,2025,-0.3019607010983568,0.6177013876660874,-0.9453132591425409,0.01412938696520979,-1.293836024213065,Quality,0.6035720007008776,$150K plus,57-65,Have kids < 18,Female
200836,2021,-0.11421709178611605,0.3876080079971318,0.11590747340385722,0.383615413739594,0.050124521924808346,Quality,0.003992594257537785,$50K to $74K,57-65,Have kids < 18,Female
101914,2025,-0.9217898452849338,-0.49533114926196053,0.4725242038431409,-0.17562329360811932,-0.40529413717056406,Digital,0.6481474974512602,$25K to $49K,18-24,No kids < 18,Female
101607,2025,-1.0151457227207084,0.5955336992467343,-1.2899015421285238,0.936281754715114,0.050124521924808346,Selection,0.3407480554683797,$150K plus,37-56,No kids < 18,Male
101021,2025,0.5887508153226495,0.15943704840535572,0.992766766981772,0.7504221022398213,-0.8532809858831885,Digital,0.2423446647419507,$75K to $99K,37-56,No kids < 18,Female
200835,2021,-0.6549540614421754,-0.7151892318820489,0.10609769174066254,0.5678202964670755,0.4981113706374328,Selection,0.06970892582964272,$50K to $74K,37-56,No kids < 18,Male
101404,2025,0.7713696365261299,1.0554951328290845,1.1548151636579858,0.015153955491555604,-0.39786232678781613,Digital,0.09932003082890128,$50K to $74K,25-36,Have kids < 18,Male
200831,2021,0.06583362846948836,-1.162625006196838,-0.4188263196137614,0.3866527204801751,0.9535300297328052,Convenience,0.56687730925263,$25K to $49K,57-65,No kids < 18,Male
200097,2021,-0.3009690550690418,0.38953042807431126,-0.9125346975713261,-0.16877869448088476,0.4981113706374328,Convenience,0.10858094256312156,$75K to $99K,37-56,Have kids < 18,Female
100210,2025,0.9509696441507389,-0.9443214015124147,-1.4559622293093928,0.008361049157396416,-0.39786232678781613,Price,0.9426085949933425,$25K to $49K,57-65,No kids < 18,Female
100154,2025,0.24290941063714777,-0.49629235930055027,0.4589328282154845,-0.3557663010686739,-0.3904305164050682,Digital,0.2160234175783367,$75K to $99K,25-36,Have kids < 18,Male
200453,2021,-0.11412687101879194,-0.7250565867894018,0.8001864024686146,0.20316613060569055,-0.39786232678781613,Digital,0.5970202718629241,$25K to $49K,18-24,Have kids < 18,Male
101591,2025,1.3131884729788283,-0.47375672873968283,0.3020127649866727,-0.546097490070393,0.057556332307556246,Price,1.0111757079921557,$25K to $49K,57-65,Have kids < 18,Female
101148,2025,0.5968619553063466,-0.27835669675764146,0.6379073092522073,-0.360100409090642,-0.40529413717056406,Digital,0.04104535394586073,Under $25K,25-36,Have kids < 18,Male
101968,2025,0.057149093383536985,-1.173821513284295,-0.9305913327233598,-1.1007272323872215,-0.8458491755004406,Price,0.9029982688839776,Under $25K,66+,Have kids < 18,Female
101634,2025,-0.6529383076796106,0.6186625977046771,-0.39229213443269495,-1.2789949301379993,0.050124521924808346,Quality,0.5685380757798688,$50K to $74K,37-56,No kids < 18,Male
200090,2021,-0.4697346775868841,-1.6000508092183208,-0.22534610084927292,0.842472688137042,1.4089486888281777,Convenience,0.5664760006911357,$75K to $99K,57-65,No kids < 18,Male
100598,2025,-0.11889116726388094,-0.058498614137553126,0.8001864024686146,0.9360612147531482,0.9609618401155531,Convenience,0.024900625362404893,$150K plus,18-24,No kids < 18,Female
101932,2025,-1.192066360713174,-0.2661989796315947,-0.24228669305856024,0.5675997565051097,0.5129749914029287,Selection,0.05462476510218106,$75K to $99K,66+,No kids < 18,Male
101657,2025,-0.11921919742361753,0.17100149763432712,0.292202983323478,0.3793644171751335,-1.301267834595813,Selection,0.08716143385165548,$75K to $99K,37-56,No kids < 18,Male
100681,2025,0.06583362846948836,1.0549018649320092,0.9925360704415784,0.012474617217398653,0.050124521924808346,Quality,0.06236579449043078,$100K to $124K,37-56,No kids < 18,Male
101566,2025,0.4188269888133069,-0.9450572857954436,0.10143075137364788,-0.3543320712828286,0.06498814269030417,Price,0.317396237439659,Under $25K,66+,Have kids < 18,Female
200306,2021,-1.008906606111374,0.8144305718282329,-0.23808005801854146,-0.5430084905367366,0.9535300297328052,Convenience,0.13909945790457234,$150K plus,25-36,Have kids < 18,Female
101329,2025,-0.29737684638791606,-0.04944985288283654,-0.7562837920536516,0.013771418498785626,-0.8458491755004406,Selection,0.06322127138162217,$25K to $49K,25-36,Have kids < 18,Female
200088,2021,0.407123640148484,-0.05923449842058197,-0.053962735685638585,0.012832585683822817,0.4981113706374328,Convenience,0.09098773048894881,$50K to $74K,25-36,Have kids < 18,Male
101519,2025,0.589291748720969,-0.9327569522834434,-0.2463124036586024,-0.5390280831747845,0.050124521924808346,Price,0.5391672267961607,Under $25K,37-56,Have kids < 18,Female
200256,2021,-0.6478021057838586,-0.9437281336153394,-0.40576134031958144,-0.35736937802340973,1.4089486888281777,Convenience,1.7663180668515874,$50K to $74K,37-56,No kids < 18,Male
100222,2025,-0.2968359129895965,0.8375594702861757,-0.2398373307282604,-0.7238697908502881,-0.8532809858831885,Quality,1.0773968010144361,$50K to $74K,37-56,Have kids < 18,Male
100226,2025,-0.8360866484944189,-0.9327569522834434,-0.750716997435306,0.19184763903188104,0.057556332307556246,Selection,0.1342913067243248,$100K to $124K,25-36,No kids < 18,Female
201029,2021,-0.8344313865955255,-0.9562537928829006,-0.23137428854800585,-0.35303527000144164,0.5146807327093019,Convenience,0.7460550212573078,Under $25K,25-36,Have kids < 18,Female
200987,2021,0.05313863377535051,-0.7277148911496101,-0.7618735185814408,0.570909296000732,-0.8384173651176927,Selection,0.5177706622253815,$75K to $99K,37-56,Have kids < 18,Male
101761,2025,-0.30237895202541754,0.6180693298076018,-1.4657720109725876,-0.9044048096955747,0.057556332307556246,Quality,0.5605129975000456,$100K to $124K,37-56,Have kids < 18,Female
101361,2025,0.9596541792366903,-0.7145959639849736,-0.24006802726845405,0.1999890394405025,0.9609618401155531,Convenience,0.0013076608788628041,$25K to $49K,18-24,Have kids < 18,Female
200677,2021,-0.6627371712661358,0.9757041051525264,-0.24474947548424683,0.3873710133331721,0.042692711542060446,Quality,0.5883330918193543,$100K to $124K,18-24,Have kids < 18,Male
200387,2021,-0.12356524274164585,-1.1728603032457052,0.9709285378652766,0.20338667056765639,-0.8607127962659364,Digital,0.7675418672976202,$25K to $49K,18-24,Have kids < 18,Male
101493,2025,-0.4684150013978325,-0.2773954867190517,-0.5715118198583895,0.7517189035212083,0.050124521924808346,Selection,0.7015943815964,$25K to $49K,37-56,No kids < 18,Female
200334,2021,-1.3784902938363632,-0.20407358143669732,0.6247628188561599,0.19524527015903492,0.057556332307556246,Digital,0.429517548697125,$25K to $49K,37-56,Have kids < 18,Female
200348,2021,-0.4727534911657556,-0.49629235930055027,-0.24141476675139414,0.009743586150166416,1.4089486888281777,Convenience,1.3992051026780112,$75K to $99K,57-65,No kids < 18,Male
200010,2021,0.19930248693074373,-0.2770275445775373,-0.057528140958684915,-0.16789155445899728,0.9535300297328052,Convenience,0.7542275428020615,$25K to $49K,18-24,Have kids < 18,Female
100206,2025,-0.6436689637044132,-0.05923449842058197,-0.049281287469845815,-0.35701140955698557,0.9609618401155531,Convenience,1.010243127585399,$150K plus,37-56,No kids < 18,Male
101028,2025,-0.11520873781543105,-0.737356920301402,-0.07310748583625394,0.7524348404540566,1.4089486888281777,Convenience,0.6565138483741211,$25K to $49K,57-65,No kids < 18,Male
200890,2021,0.6056691728635567,0.15870116412232688,0.10943240047351521,-0.3594702078691766,-0.39786232678781613,Price,0.4469680087412298,$50K to $74K,37-56,No kids < 18,Female
200408,2021,-0.47287617363701445,0.8360049923505106,0.6247628188561599,0.015205648284630946,-0.40529413717056406,Quality,0.2112421734943507,$75K to $99K,18-24,Have kids < 18,Female
101047,2025,0.41014245372735547,0.17122682338988804,-0.23960663418806682,0.38772898179959625,0.057556332307556246,Price,0.02241347192775922,$100K to $124K,18-24,Have kids < 18,Male
100694,2025,0.41415291333554194,0.8360049923505106,-0.7600798938668916,0.9441509223686944,-0.39786232678781613,Selection,0.10814593001818373,$75K to $99K,57-65,No kids < 18,Male
200514,2021,0.9519612901800538,1.0554951328290845,-0.054373268912417436,-0.5383164140483443,1.4089486888281777,Convenience,0.3534535559990932,$75K to $99K,57-65,No kids < 18,Female
200980,2021,-0.47329442456407517,1.0549018649320092,0.4758589125759936,0.936281754715114,0.9609618401155531,Quality,0.09394002481645614,$125K to $149K,25-36,Have kids < 18,Female
101187,2025,0.4153574626034399,0.1475046570348699,0.9938828099245185,-0.9092883634016492,0.042692711542060446,Digital,0.5785253473210785,$50K to $74K,37-56,Have kids < 18,Female
101370,2025,-1.006338505163498,0.39917245722610323,-1.8052319605111686,-0.16971752729584755,0.057556332307556246,Quality,0.341616124918547,$75K to $99K,66+,No kids < 18,Female
101908,2025,0.9596541792366903,0.18219800472178413,0.1228075874097562,-0.9019460113833836,-2.20467334240381,Price,0.7774561745149061,$50K to $74K,25-36,Have kids < 18,Female
100017,2025,0.05615744735422199,0.8356370502089963,0.2790584929274306,-1.0961725844032877,-0.8458491755004406,Quality,0.5565785572815656,$100K to $124K,37-56,Have kids < 18,Female
201166,2021,0.4146938467338615,0.17040822973725178,-0.9158694063041788,-0.16905092723592596,0.9609618401155531,Convenience,0.5462679933816916,$50K to $74K,57-65,No kids < 18,Male
101677,2025,-0.6606197829492553,-0.059091882034628465,0.91242496726741,0.19184763903188104,0.9535300297328052,Convenience,0.04110506246539525,$25K to $49K,37-56,Have kids < 18,Female
101185,2025,0.2346431264782571,-0.49629235930055027,0.1127671092063679,0.3856281519538293,0.5129749914029287,Convenience,0.12734683944909936,Under $25K,25-36,Have kids < 18,Male
100657,2025,0.4188269888133069,-0.06946979546944922,-0.05951611020859747,-1.096802785624753,-0.3904305164050682,Price,0.47834309902190436,$50K to $74K,37-56,Have kids < 18,Female
101572,2025,-0.12145926821175698,-2.0471186413915956,0.2837254332944453,0.7545356702998236,0.5055431810201807,Selection,0.2489924892796429,Under $25K,66+,No kids < 18,Female
101738,2025,-1.371789050809042,0.18064352678611906,-0.39386957045582865,0.19560323862545909,0.4981113706374328,Convenience,0.30250813201197374,$100K to $124K,37-56,Have kids < 18,Male
101420,2025,-1.0207326372474559,-0.49533114926196053,-1.293452439552792,-1.276842407499157,0.057556332307556246,Convenience,0.5528874815695168,$75K to $99K,57-65,No kids < 18,Female
100400,2025,0.06339962377986293,0.09502093443603578,0.4555981194826318,-0.17186769401454124,-0.39786232678781613,Digital,0.360577185046596,$50K to $74K,37-56,No kids < 18,Female
100619,2025,1.1335884653542194,-0.49629235930055027,-0.4092327266419822,-1.091392416283364,0.5129749914029287,Price,0.6206134739512907,$25K to $49K,66+,No kids < 18,Female
100509,2025,1.3131884729788283,-0.06946979546944922,0.46851191333848546,0.38629475201375096,0.057556332307556246,Price,0.8446765596403429,Under $25K,25-36,Have kids < 18,Male
200841,2021,0.19413605933143707,1.2734307953719934,-1.8183764509072158,0.38902578308098323,0.5129749914029287,Quality,0.7604558039690648,$100K to $124K,66+,No kids < 18,Female
100868,2025,-1.010111155379272,0.6065048805786304,-0.0728767892960603,0.7535111017734777,-1.293836024213065,Selection,0.1470062211948473,$150K plus,37-56,Have kids < 18,Female
100887,2025,-1.3672376578025358,-0.48435996793006447,-0.41256743537483487,-0.35093444015567477,0.9609618401155531,Convenience,1.311896280271228,$125K to $149K,66+,No kids < 18,Female
200111,2021,0.7730248984250233,-0.0600530920732182,-0.23159047723942133,0.7520768719876324,-0.39786232678781613,Price,0.02094802643739091,$100K to $124K,57-65,No kids < 18,Male
100600,2025,0.7723612825554449,-0.2673855154257454,0.12146084792681608,-2.3871443788676543,0.9609618401155531,Convenience,0.18860055756010818,Under $25K,37-56,No kids < 18,Female
200262,2021,0.05917626093309347,0.4005016094062074,-0.08270107880803314,-0.9930836400255547,0.9535300297328052,Convenience,0.5530284203265978,$50K to $74K,25-36,Have kids < 18,Female
100458,2025,0.06550559830975175,1.0439306836001132,0.2866496088005191,0.3838359537015599,0.5055431810201807,Quality,0.5383875025799325,$50K to $74K,37-56,Have kids < 18,Male
200228,2021,-0.47287617363701445,-0.26656692177310914,-0.03700872338096457,-0.3555771797711403,0.9535300297328052,Convenience,0.9905387531137698,$25K to $49K,25-36,Have kids < 18,Female
101118,2025,0.6004541639874723,-0.05982776631765728,0.8066614753989566,0.20048679233153363,0.9609618401155531,Convenience,0.15430036471659647,$50K to $74K,37-56,No kids < 18,Male
100871,2025,-1.360085702144219,1.0439306836001132,0.45780227742395985,0.20214156207934475,-0.3904305164050682,Quality,0.5861284061761534,$150K plus,57-65,Have kids < 18,Female
100791,2025,0.6009950973857918,1.2734307953719934,-0.43019902945131167,0.1966794999448802,-1.301267834595813,Quality,0.6724356979862016,$25K to $49K,18-24,Have kids < 18,Male
100955,2025,-0.48110999609197036,0.6726967378744121,0.4678427556273481,0.747691071172589,0.050124521924808346,Selection,0.07499433329817695,$150K plus,25-36,Have kids < 18,Male
100651,2025,-0.11520873781543105,-0.9327569522834434,-0.6009411648479736,0.5784204951878882,-1.7492546833084375,Selection,0.6936292330033192,$50K to $74K,25-36,Have kids < 18,Male
100734,2025,-0.4774275666435205,-0.06019570845917173,-0.061079038382953046,0.5678202964670755,0.057556332307556246,Selection,0.5102639641595192,$75K to $99K,37-56,Have kids < 18,Male
200991,2021,-1.1967728978948737,-0.05945982417614286,-0.5730747480327452,0.3821811839537487,0.5129749914029287,Convenience,0.13079380744917996,$50K to $74K,66+,No kids < 18,Male
100380,2025,-0.6586040291866905,0.5959016413882487,-0.40100038100192126,-0.35714883806144393,0.050124521924808346,Quality,0.5457771194634404,$50K to $74K,66+,Have kids < 18,Male
200556,2021,0.4111340997566705,1.2734307953719934,-0.6038289883492172,-0.17213992676958234,0.5055431810201807,Quality,0.7678876143518127,$100K to $124K,25-36,No kids < 18,Male
100957,2025,-0.1194321006622005,-1.139721433494456,-1.1111432497832163,0.3866527204801751,0.9609618401155531,Convenience,0.574309119635378,$25K to $49K,66+,No kids < 18,Female
100172,2025,0.4225996390290809,-0.05886655627906753,-0.9223589870832989,-0.724176066523637,-0.39786232678781613,Price,0.4814661953081484,$25K to $49K,66+,No kids < 18,Female
101945,2025,0.238325555926707,-0.7151892318820489,-0.5810909049813906,0.383615413739594,0.5055431810201807,Convenience,0.12192776728058669,$25K to $49K,37-56,No kids < 18,Female
100660,2025,-0.12604312292219777,-0.04922452712727564,-0.4045512784261894,-0.17120344987476818,1.4089486888281777,Convenience,1.4581732159554532,$100K to $124K,57-65,Have kids < 18,Female
200121,2021,0.053015951304091646,0.1596623741609166,0.46429185820307994,0.7572150085739805,-0.40529413717056406,Selection,0.29292315037090055,$25K to $49K,37-56,Have kids < 18,Female
101095,2025,-0.46886571402882793,-0.7138600797019448,0.4558288160228254,0.2010653007599236,0.9535300297328052,Convenience,0.49770121370997983,$100K to $124K,25-36,Have kids < 18,Female
200602,2021,0.41837627618231144,0.6065048805786304,-0.06576048659874584,1.122997128547862,0.4981113706374328,Selection,0.5164922479692315,$100K to $124K,66+,Have kids < 18,Male
200220,2021,0.41523478013218107,-0.7036247826530775,-0.2269235368724067,0.6066631142643967,-0.39786232678781613,Selection,0.1914283341322156,$125K to $149K,25-36,Have kids < 18,Female
100643,2025,1.0843777788227327,1.2734307953719934,-1.1147086550562626,0.19292390035130214,0.9609618401155531,Quality,0.18905301654926077,$25K to $49K,57-65,No kids < 18,Male
100169,2025,-0.10739316628753583,0.3779659788453399,-0.20405581580080503,0.7545356702998236,-1.293836024213065,Selection,0.3765696914544837,$50K to $74K,37-56,Have kids < 18,Female
101518,2025,1.1382625408319842,-1.151653824864942,-0.6056226130637663,0.5651409581929187,-0.39786232678781613,Price,0.5731215826390655,Under $25K,37-56,Have kids < 18,Female
101801,2025,0.9515105775490584,0.1700402875957374,1.338701789450695,-0.3499462704677852,-0.39786232678781613,Digital,0.3871912119016365,Under $25K,25-36,No kids < 18,Male
200282,2021,0.2399808178256004,0.18123679468319437,-0.594235395377438,0.19918999105014665,1.4089486888281777,Convenience,1.1689678710025773,$150K plus,57-65,No kids < 18,Male
101918,2025,0.05202430527477665,0.6180693298076018,-0.40877133356159495,0.5647829897264944,0.050124521924808346,Quality,0.05328634008110733,$25K to $49K,25-36,No kids < 18,Male
100273,2025,-0.26063195286260343,1.0554951328290845,0.6345726005193546,0.383615413739594,0.5055431810201807,Quality,0.42092253230972987,$75K to $99K,37-56,Have kids < 18,Female
101216,2025,0.42507751920963277,0.8250338110186146,0.6200813706403672,0.5688965577864967,0.057556332307556246,Quality,0.20495244037824745,$150K plus,18-24,Have kids < 18,Female
101119,2025,-0.4737451371950706,0.8369662023891004,-0.5761932680741823,0.7545356702998236,0.9535300297328052,Convenience,0.11656382734370485,$50K to $74K,66+,No kids < 18,Male
200988,2021,-0.12389327290138241,-0.05945982417614286,-1.1024495110627683,-0.5466783544189316,-0.8458491755004406,Quality,0.06443344872523955,$100K to $124K,57-65,Have kids < 18,Male
200837,2021,0.23530674234783552,-0.7848435430954397,0.2752623911141907,-0.7174688959008608,0.5055431810201807,Convenience,0.23028078990599,Under $25K,37-56,No kids < 18,Female
101067,2025,0.9519612901800538,0.9632776212649572,0.13261736907295088,-0.07651192911220636,0.5129749914029287,Quality,0.011316331084903375,$50K to $74K,37-56,No kids < 18,Male
200105,2021,-1.0131299689581434,-0.49629235930055027,-0.06441374711580572,1.122997128547862,0.9609618401155531,Selection,0.16203528843230885,$125K to $149K,25-36,Have kids < 18,Female
200377,2021,-0.4753215921136316,-0.2658310374900803,-0.5810909049813906,0.3904600128668285,0.4981113706374328,Convenience,0.1076513577706043,Under $25K,37-56,No kids < 18,Female
201017,2021,-0.931427969855015,-1.1732282453872196,-0.2496471123914551,-0.17589552636316041,0.050124521924808346,Convenience,0.22602004828796876,$75K to $99K,25-36,Have kids < 18,Male
101913,2025,0.2511432330921037,-0.48413464217450364,1.338701789450695,0.19529696295211024,0.057556332307556246,Digital,1.0875585563585912,Under $25K,37-56,Have kids < 18,Male
100039,2025,0.4153574626034399,-0.04789537494717146,0.6348032970595482,-0.7227418367377918,-0.39786232678781613,Digital,0.21944583445610827,$25K to $49K,57-65,No kids < 18,Female
100307,2025,-1.020404607087719,-0.060421034214732605,-0.03613679707379848,0.7545356702998236,0.5129749914029287,Selection,0.24156067889689492,$125K to $149K,37-56,Have kids < 18,Male
100007,2025,0.2515939457230991,0.3891624859327969,-0.07266060060464483,-0.16198578814672562,-1.7566864936911855,Quality,0.13756854020969778,$75K to $99K,37-56,Have kids < 18,Female
100782,2025,-0.11488070765569444,0.596494909285324,-0.9354889696305682,-0.7184077287158236,-0.3904305164050682,Quality,0.7113756169410185,$100K to $124K,66+,No kids < 18,Male
101191,2025,-0.2931534835411466,-0.5074888663880073,0.45803297396415343,-0.5344750787433833,0.057556332307556246,Digital,0.4004766416565972,Under $25K,37-56,No kids < 18,Female
100535,2025,0.4111340997566705,0.8360049923505106,0.11970357521709711,-1.2761758074392353,-0.39786232678781613,Quality,0.42487089259384014,$75K to $99K,37-56,Have kids < 18,Female
100584,2025,-0.11988281329319593,-0.19555994895450934,0.6870053068068586,0.19833426969269136,-0.39786232678781613,Digital,0.4886710371141672,$25K to $49K,37-56,No kids < 18,Female
200531,2021,-1.0209455404860388,0.8250338110186146,-0.06599118313893948,-0.5409100166111183,0.9535300297328052,Convenience,0.1284962187141906,$150K plus,57-65,Have kids < 18,Female
201114,2021,-0.30506973544455246,1.274345781362379,-0.40568182921771406,0.7506426422017871,1.4089486888281777,Convenience,0.13460290746579862,$75K to $99K,57-65,No kids < 18,Female
200686,2021,0.7719105699244495,-1.1522470927620172,0.6432663392398028,1.3072020112753435,-0.39956806809418943,Selection,0.535291441350894,Under $25K,25-36,No kids < 18,Male
200924,2021,0.7765846454022144,-0.04826331708868588,0.6227748496062473,-0.5444944131156572,-1.7492546833084375,Price,0.1538097957959671,Under $25K,18-24,Have kids < 18,Male
200537,2021,0.7837366010605312,0.8356370502089963,-0.2271397255638222,-0.5392528909431585,0.9535300297328052,Convenience,0.11789297952380895,$50K to $74K,66+,Have kids < 18,Female
100317,2025,-0.47221255776743604,1.0439306836001132,-0.39878171521181505,-0.9085700705486522,-0.40529413717056406,Quality,1.4427123988119281,$150K plus,25-36,No kids < 18,Female
200198,2021,-0.6564866408698099,0.6070981484757058,0.28507217277738534,0.019846031979947852,0.050124521924808346,Quality,0.3220259756983204,$50K to $74K,25-36,Have kids < 18,Female
101795,2025,0.060831522831986874,0.18123679468319437,0.9840730282613239,-0.17388278814892513,-0.39786232678781613,Digital,0.8028362335781296,Under $25K,37-56,Have kids < 18,Female
200765,2021,-0.8289785683270285,-2.0365154022012137,-0.3958575397057412,0.20482090035350167,-1.3086996449785608,Selection,0.6006784400592429,$50K to $74K,57-65,No kids < 18,Female
100272,2025,0.7729022159537644,0.8360049923505106,0.4868117552501162,0.383615413739594,-0.39786232678781613,Quality,0.06310277639674622,$50K to $74K,18-24,Have kids < 18,Male
100549,2025,-1.8346080474193804,1.0549018649320092,-0.41549161088090875,-0.16940889570235013,0.9609618401155531,Quality,0.09394002481645614,$150K plus,66+,No kids < 18,Female
101693,2025,-0.30349328052599145,-0.7369889781598875,1.1646249453211803,-0.17424075661534932,-2.20467334240381,Digital,1.3388657019365295,$50K to $74K,18-24,Have kids < 18,Male
101720,2025,-0.29013466996227516,0.6184372719491162,-0.0630670076328656,0.017664446596822047,0.042692711542060446,Quality,0.5757445604070558,$50K to $74K,57-65,Have kids < 18,Female
200925,2021,-1.5462967320288252,0.3882012758942071,-0.7386885499820052,-0.16507478768038206,0.050124521924808346,Quality,0.33807675396939874,$125K to $149K,66+,No kids < 18,Female
200935,2021,0.240308847985337,0.9683456323332054,0.2837254332944453,1.125676466822019,0.5055431810201807,Selection,0.15733083448881358,$50K to $74K,25-36,Have kids < 18,Female
100599,2025,-0.46730067289725863,1.0549018649320092,0.6334565575766081,-0.537460692690889,0.050124521924808346,Quality,0.4214453073554011,$75K to $99K,37-56,No kids < 18,Male
101690,2025,0.9479508305718674,-0.9431348657182641,0.9843037248015175,0.9346269849673029,0.4981113706374328,Digital,0.03635289422965016,Under $25K,37-56,Have kids < 18,Male
100895,2025,-0.12245091424107199,-0.26679224752867003,-0.9212284362917743,-0.5385369540103102,-0.8532809858831885,Price,0.14434133328759804,$75K to $99K,37-56,No kids < 18,Female
200768,2021,-1.0171728902702648,0.6777647489426603,-1.6431835638349548,-0.5507919224789338,1.4089486888281777,Convenience,0.7311839398855174,$125K to $149K,57-65,No kids < 18,Other or not stated
101776,2025,-0.11053466233766616,0.15810789622525157,0.4676265669359327,-0.35607257674202275,-0.39786232678781613,Digital,0.3095186707106811,$75K to $99K,25-36,Have kids < 18,Female
100571,2025,0.2474608036436538,0.6070981484757058,0.29197228678328435,-1.0896859537424772,0.057556332307556246,Quality,0.3151258616924214,$25K to $49K,37-56,Have kids < 18,Male
102000,2025,-1.9048331314084648,-0.04730210705009612,-0.23895198432570755,-1.0922795563052512,-0.39786232678781613,Quality,0.19164987727561145,$50K to $74K,18-24,Have kids < 18,Male
200123,2021,-0.1177768387633071,-0.4856891201101686,-0.05618140147574482,0.19400016167072326,0.5055431810201807,Convenience,0.31154301934945744,$50K to $74K,37-56,No kids < 18,Male
100062,2025,0.06632821659141025,-0.03669886785971446,0.4687426098786791,-0.17150972554811705,-0.8458491755004406,Digital,0.40241439328726886,$25K to $49K,25-36,Have kids < 18,Male
101248,2025,0.9592034666056948,0.386392841689348,-0.05618140147574482,0.3825391524201729,0.5055431810201807,Price,0.4536602855855141,$50K to $74K,57-65,Have kids < 18,Male
201181,2021,0.05214698774603551,1.2546495285182695,0.46049575638984,-0.5491371527311227,-0.38299870602232033,Quality,0.7941537721284295,$150K plus,37-56,No kids < 18,Female
101260,2025,-0.48110999609197036,-0.4959244171590359,0.27795587008007094,0.3846399822659398,0.5129749914029287,Convenience,0.12833500913698886,$125K to $149K,57-65,No kids < 18,Male
100810,2025,0.9519612901800538,-1.1730029196316587,0.11924218213670987,-0.5406013850176208,0.057556332307556246,Price,0.8327191080433439,$50K to $74K,37-56,Have kids < 18,Male
101050,2025,0.059594511860154166,-0.04767004919161055,0.4558288160228254,-0.17383109535584979,0.057556332307556246,Digital,0.3962343041626712,$50K to $74K,25-36,Have kids < 18,Female
200983,2021,1.098233347821635,-1.6000508092183208,-0.061079038382953046,-0.35607257674202275,0.9609618401155531,Price,0.13727150770608199,Under $25K,37-56,No kids < 18,Female
100108,2025,0.6365198672136273,-0.701927688331459,1.1548151636579858,0.38527018348740516,0.5055431810201807,Digital,0.5182952964443585,$25K to $49K,37-56,Have kids < 18,Female
200154,2021,0.7760437120038948,0.9640686451277243,-1.3070559630032028,-0.35405983852778744,-0.39786232678781613,Quality,0.1880249331238295,$100K to $124K,66+,No kids < 18,Male
100674,2025,0.05769002678185655,-1.369589487407851,0.11812613919396339,0.008667324830745293,0.9609618401155531,Convenience,0.8428357009215897,$50K to $74K,57-65,Have kids < 18,Male
100666,2025,0.23419241384726167,-0.04826331708868588,0.29021501407356537,0.571627588853729,-0.39786232678781613,Selection,0.2814125747801636,$75K to $99K,37-56,Have kids < 18,Female
100510,2025,-0.6549215997382406,0.6177013876660874,-0.047934547986905704,-0.359521900662252,1.4089486888281777,Convenience,0.7912473011620903,$125K to $149K,57-65,No kids < 18,Female
200180,2021,0.23575745497883097,-0.04826331708868588,-0.23648811414662957,-0.16703818902169063,0.050124521924808346,Price,0.18563293305402262,$50K to $74K,25-36,Have kids < 18,Female
101641,2025,0.42975159468739765,-0.04730210705009612,-0.40211642394466773,-0.7297238643694846,0.06498814269030417,Price,0.3647634519970935,$75K to $99K,66+,No kids < 18,Female
200801,2021,-0.825959754748157,0.37663682666523574,-0.9310527258037471,-0.7688619676114556,1.4089486888281777,Convenience,1.032311862162942,$100K to $124K,37-56,No kids < 18,Male
101533,2025,0.7800541716120812,-0.04789537494717146,-0.05103856017956476,-1.0929954932380996,0.5055431810201807,Price,0.27451099059190054,$100K to $124K,37-56,No kids < 18,Other or not stated
100867,2025,0.05917626093309347,0.5849304600563526,0.10387902595055634,0.5664377594743056,0.06498814269030417,Quality,0.018492700582046995,$75K to $99K,57-65,Have kids < 18,Female
101856,2025,-1.0165994951680104,-0.7136347539463839,-0.41904250830517686,0.5705513275343078,-0.39786232678781613,Selection,0.968413654322124,$150K plus,25-36,No kids < 18,Female
101737,2025,0.23674910100814595,0.3779659788453399,-0.579974862038644,0.6176954115602393,1.4089486888281777,Convenience,0.7912532772679384,$50K to $74K,57-65,No kids < 18,Female
201195,2021,-0.4727534911657556,0.606136938437116,-0.052846692742892144,0.9366397231815382,-0.3904305164050682,Selection,0.3305027847444222,$150K plus,37-56,Have kids < 18,Male
101061,2025,0.41605898264216684,-0.9231149231316514,-0.7616428220412471,0.0755071983709482,-0.8532809858831885,Price,0.3405517842712186,Under $25K,37-56,No kids < 18,Female
200994,2021,-0.9268029197951669,-0.4847279100715789,-0.06576048659874584,-0.7214967282494801,0.5055431810201807,Convenience,0.5713036676189265,$150K plus,66+,Have kids < 18,Male
200106,2021,-0.6605873212453205,-0.49688562719762563,-1.2707288640337435,-1.2789949301379993,0.4981113706374328,Convenience,0.9949969978350585,$25K to $49K,66+,No kids < 18,Male
201054,2021,-0.8422469581234207,-1.8176185296197152,0.2752623911141907,0.9366397231815382,0.4981113706374328,Selection,0.4385283525441054,Under $25K,37-56,Have kids < 18,Male
101974,2025,0.4115157422338813,-0.9437281336153394,-1.0513194169763205,0.7493458409204001,0.057556332307556246,Selection,0.3378300986865188,$25K to $49K,57-65,No kids < 18,Female
100590,2025,1.1345801113835343,0.36640152961636846,-0.4058980179091295,-0.7299444043314504,0.050124521924808346,Price,0.7681785817671658,Under $25K,25-36,Have kids < 18,Male
200544,2021,-0.6514845352323084,0.3985791893290279,-1.2836426578895972,0.02329535590017705,0.050124521924808346,Quality,0.3484546674042196,$50K to $74K,25-36,No kids < 18,Other or not stated
200769,2021,0.06385033641085835,0.836598260247586,-0.05641209801593845,-0.17026461705980542,0.5129749914029287,Quality,0.3236232688446573,$25K to $49K,37-56,Have kids < 18,Female
100087,2025,-0.12178729837149357,-0.05790534624047779,-0.4094634231821758,-1.1021614621730669,-0.8458491755004406,Quality,0.06388195213101579,$25K to $49K,66+,No kids < 18,Male
201064,2021,0.9519612901800538,0.6186625977046771,0.12770522431696443,-0.1652953276423479,0.5055431810201807,Price,0.3332986924753767,Under $25K,18-24,No kids < 18,Female
100772,2025,0.774929383503321,0.1700402875957374,0.4589328282154845,0.38189586532699404,-0.8532809858831885,Price,0.3159965552878365,$150K plus,18-24,Have kids < 18,Male
200512,2021,-0.658063095788371,-0.03633092571820004,-1.0999867286370817,0.9400373543086921,0.050124521924808346,Selection,0.8899128323838837,$75K to $99K,66+,No kids < 18,Female
101250,2025,-1.1854878001571116,-0.05982776631765728,-0.929013896700226,-0.9107540118519266,0.5055431810201807,Convenience,0.565370947337838,$25K to $49K,57-65,Have kids < 18,Male
100709,2025,0.04643739074802907,-0.7263857389695059,0.8217939350449166,-0.35035593172728474,-0.39786232678781613,Digital,0.7753565442968875,Under $25K,25-36,Have kids < 18,Female
200535,2021,0.9545293911279299,-0.2887346101924622,0.29331902626622447,0.5634861884451074,0.042692711542060446,Price,0.39104320268282244,Under $25K,37-56,Have kids < 18,Male
101861,2025,0.41167503315499004,0.15810789622525157,-0.2233581315993604,-1.0913407234902885,1.4089486888281777,Convenience,0.9972736556731876,$25K to $49K,37-56,Have kids < 18,Other or not stated
200129,2021,0.6016587132553702,-0.048488642844246796,-0.06820984892904565,0.5662172195123397,0.5055431810201807,Price,0.03544149374303052,$100K to $124K,25-36,Have kids < 18,Male
200803,2021,-0.29638520035860105,-0.7151892318820489,-0.41414487139796863,0.19256593188487797,-0.8532809858831885,Selection,0.488951132243479,$25K to $49K,37-56,No kids < 18,Male
100419,2025,-1.184946866758792,0.8360049923505106,-0.397434975728875,0.571627588853729,0.050124521924808346,Quality,0.2643774034967816,$125K to $149K,25-36,Have kids < 18,Female
101462,2025,-0.1271249897188369,-0.2895532038450985,-1.2669472700692819,0.013771418498785626,0.057556332307556246,Convenience,0.04378491380877062,$50K to $74K,57-65,Have kids < 18,Male
101485,2025,-0.6595956752160055,-1.1506926148263523,0.992766766981772,0.936281754715114,0.5055431810201807,Digital,0.05648501226665803,$125K to $149K,18-24,Have kids < 18,Male
200936,2021,0.5969846377776054,0.5959016413882487,0.2812905788129236,0.7520768719876324,1.4089486888281777,Convenience,0.6568718168405453,$25K to $49K,57-65,No kids < 18,Female
201051,2021,-0.8417962454924253,-1.1410505856745603,-0.772324530011608,-1.2847632679458125,-0.8384173651176927,Digital,0.06609283510608477,$50K to $74K,37-56,No kids < 18,Male
100852,2025,0.6000034513564769,-0.49784683723621537,0.1011855469846761,1.1215628987620168,0.057556332307556246,Selection,0.5215594474055398,$75K to $99K,37-56,Have kids < 18,Female
101005,2025,0.05202430527477665,0.17100149763432712,-0.6236031624145535,0.9400373543086921,-1.293836024213065,Selection,0.7690358566743649,$50K to $74K,25-36,Have kids < 18,Female
101997,2025,-1.016058561769691,-1.1510605569678667,-0.05419343222583223,-0.3555771797711403,-1.2955417655194383,Digital,0.30138374754530806,$25K to $49K,57-65,Have kids < 18,Female
101835,2025,0.42453658581131326,-0.07079894764955338,-0.06774845584865839,0.570330787572342,0.050124521924808346,Selection,0.14579420176102875,$25K to $49K,37-56,No kids < 18,Male
200859,2021,0.9556437196285038,-0.7132668118048695,0.6348032970595482,0.1480082096188892,-0.8458491755004406,Price,0.3208404225689556,$25K to $49K,18-24,Have kids < 18,Male
100437,2025,-0.12190998084275242,-0.05945982417614286,-0.7444860411405445,-0.5421237064349977,0.057556332307556246,Convenience,0.1170161564836991,$150K plus,57-65,No kids < 18,Female
101317,2025,-0.8305111477546631,-0.03766007789830424,0.29197228678328435,0.5624099271256864,-0.40529413717056406,Selection,0.27043764034240203,$75K to $99K,18-24,Have kids < 18,Female
101624,2025,0.41783534278399187,-0.9443214015124147,-1.1111432497832163,0.5675997565051097,1.4089486888281777,Convenience,0.841348932323068,$100K to $124K,37-56,No kids < 18,Female
101481,2025,-0.29013466996227516,0.15943704840535572,-0.6426147748319417,0.3754740133309726,0.9609618401155531,Convenience,0.5854878267845804,$125K to $149K,25-36,Have kids < 18,Male
101649,2025,-0.6934977548999506,0.6186625977046771,0.6561946409444347,-0.16775412595453898,-0.8458491755004406,Digital,0.03753204323975756,$75K to $99K,25-36,Have kids < 18,Male
101004,2025,1.1345801113835343,0.617108119769012,0.6345726005193546,0.38088438267236174,0.5055431810201807,Price,0.5000075108641797,$50K to $74K,25-36,Have kids < 18,Female
101279,2025,-0.8335299613335345,-0.7260177968279915,-0.5906844979531698,0.008667324830745293,-1.301267834595813,Selection,0.5993518227839151,$125K to $149K,57-65,No kids < 18,Male
101824,2025,0.7796034589810859,0.38856921803572153,-0.4170690469040425,-0.5453815531375447,-1.3086996449785608,Price,0.3910342409453643,$25K to $49K,57-65,No kids < 18,Male
200571,2021,-0.12302430934332628,-1.151653824864942,-0.05951611020859747,-1.465212551079716,-0.8532809858831885,Digital,0.06350819913472881,$75K to $99K,37-56,No kids < 18,Female
201053,2021,-1.0050188289744464,-0.9115504739026801,-0.06197889263428413,-0.35093444015567477,-0.3904305164050682,Digital,0.28895554752139063,$100K to $124K,18-24,Have kids < 18,Male
101837,2025,1.1305696517753479,0.8144305718282329,0.28863757805043166,0.5698330346813109,-0.8532809858831885,Price,0.316139079947115,$150K plus,18-24,Have kids < 18,Male
201009,2021,0.5934248908004144,-0.04767004919161055,-0.9272566239905071,-0.17280652682950404,-1.3086996449785608,Price,0.6410949399920249,$125K to $149K,66+,No kids < 18,Female
200283,2021,-0.8423371788907448,0.5955336992467343,-0.7551677491109051,0.017029265201332612,-0.8458491755004406,Quality,0.5785044340454016,$50K to $74K,37-56,Have kids < 18,Male
101547,2025,0.9509696441507389,0.38893716017723595,0.8135615894048556,0.5611131258442994,0.4981113706374328,Price,0.13740805474588336,$100K to $124K,37-56,Have kids < 18,Male
100336,2025,1.1305696517753479,0.37700476880675016,0.9709285378652766,0.01556361675105511,0.9535300297328052,Price,0.1596411139100713,$25K to $49K,18-24,Have kids < 18,Other or not stated
100089,2025,0.42250941826175675,-0.2658310374900803,0.8099961841318093,-0.5424299821083466,-0.8458491755004406,Digital,0.38748676587005254,$25K to $49K,25-36,Have kids < 18,Male
100875,2025,0.6041365934359222,0.158475838366766,-0.7531797798609926,-0.16971752729584755,-0.40529413717056406,Price,0.4456607550691562,$100K to $124K,37-56,Have kids < 18,Female
200784,2021,1.1382625408319842,-0.7267536811110203,-0.589107061930036,0.3821811839537487,-0.3904305164050682,Price,0.7560813568782354,$75K to $99K,18-24,Have kids < 18,Male
100544,2025,0.96333660868514015,-0.038478671550940466,0.2754930876543843,0.5665234951856886,0.9609618401155531,Price,0.0023747685695870713,$50K to $74K,37-56,Have kids < 18,Female
101242,2025,1.0843777788227327,-0.9321636843863681,-0.052846692742892144,0.021588893359290585,0.5055431810201807,Price,0.578834597802552,Under $25K,37-56,Have kids < 18,Female
101881,2025,1.3131884729788283,0.8375594702861757,-0.22669284033221307,0.15918987852236416,-0.39786232678781613,Price,0.4756290026926526,$25K to $49K,37-56,No kids < 18,Male
201061,2021,0.9592034666056948,1.0554951328290845,-0.7600798938668916,0.7558324715812105,-0.39786232678781613,Quality,0.0962916662233897,$75K to $99K,37-56,No kids < 18,Female
200658,2021,0.23120606197232493,-0.06983773761096364,-0.40211642394466773,0.9360612147531482,0.4981113706374328,Selection,0.43794984411571536,$125K to $149K,57-65,No kids < 18,Male
200270,2021,-0.11008394970667074,0.6068728227201448,0.6957826679046357,0.6214948725733747,0.9609618401155531,Convenience,0.26517917221091736,$50K to $74K,57-65,No kids < 18,Female
100320,2025,-0.10640152025822083,0.1590691062638413,0.4709467678200072,-1.4624815200124839,0.057556332307556246,Digital,0.3118776615561659,$50K to $74K,57-65,No kids < 18,Female
100520,2025,0.186974500181476,-0.7145959639849736,-0.5980169893418997,0.38419392216798404,-0.40529413717056406,Selection,0.19721942198650805,$25K to $49K,25-36,Have kids < 18,Female
200469,2021,0.4153574626034399,0.1590691062638413,-0.2449656641756623,-0.1731644952959282,0.5055431810201807,Convenience,0.09018571841674078,$50K to $74K,25-36,Have kids < 18,Male
100879,2025,0.4111340997566705,1.2734307953719934,1.1646249453211803,0.9373580160345352,-1.301267834595813,Quality,0.10880585005081311,$75K to $99K,18-24,Have kids < 18,Female
100826,2025,0.4190398920518898,0.825401753160129,1.1548151636579858,0.7558324715812105,-0.8532809858831885,Digital,0.3294134104978568,$50K to $74K,18-24,Have kids < 18,Female
101291,2025,0.42193602315950246,0.6180693298076018,-0.4072447573920696,0.9387922458203805,0.9609618401155531,Convenience,0.022169594295172623,$100K to $124K,66+,No kids < 18,Male
200722,2021,1.3131884729788283,-0.9343114302191085,-0.7698896755300862,0.9360612147531482,-0.8458491755004406,Price,0.37712725822568016,$75K to $99K,37-56,Have kids < 18,Female
200699,2021,-0.6647643388156923,0.6623454833040316,0.12146084792681608,0.5634861884451074,0.057556332307556246,Quality,0.0988592948589242,$100K to $124K,37-56,Have kids < 18,Female
100139,2025,-0.3025016344966764,-0.508450076426597,-0.7518330403780524,-0.5372918455219986,0.9535300297328052,Convenience,1.2560316642294815,$150K plus,37-56,Have kids < 18,Male
100164,2025,-0.2931534835411466,0.3876080079971318,0.8099961841318093,0.20137157643327247,0.4981113706374328,Digital,0.31188481349437647,$50K to $74K,25-36,No kids < 18,Male
101619,2025,-1.1835045080984816,0.3785592467424152,-1.9759740959078305,0.5634861884451074,-0.39786232678781613,Selection,0.18492694170269225,$125K to $149K,66+,No kids < 18,Female
200997,2021,-0.1136761583877965,1.2734307953719934,-0.7732243842629389,-0.724176066523637,-0.8458491755004406,Quality,1.38710695375979,$25K to $49K,25-36,Have kids < 18,Male
101792,2025,0.6016587132553702,0.836598260247586,0.4522634107497791,0.3859884763404021,-0.39786232678781613,Quality,0.23493954699221575,$50K to $74K,37-56,Have kids < 18,Female
101046,2025,0.5974353504086009,0.18123679468319437,0.2924336798636716,1.069379618703698,0.5129749914029287,Selection,0.47194426829509706,$100K to $124K,37-56,No kids < 18,Male
100961,2025,-0.8382040368112995,-1.1728603032457052,-1.621576031258653,-0.9114699487847749,-0.8458491755004406,Price,0.007645138689141073,$50K to $74K,37-56,Have kids < 18,Male
101751,2025,1.0925628047733438,0.6186625977046771,-1.1015641646602155,-0.7228792652422501,1.4089486888281777,Convenience,0.3163858840548339,$50K to $74K,66+,No kids < 18,Female
200870,2021,-0.8258370722768982,-0.48532117796865426,-1.279191906213998,0.1936421932042991,0.9535300297328052,Convenience,0.7598878365285061,$50K to $74K,66+,No kids < 18,Female
200410,2021,-0.8346442898341084,0.37700476880675016,0.4638304651226927,0.00871901762382058,-0.39786232678781613,Digital,0.08682569631594256,$75K to $99K,25-36,Have kids < 18,Male
101505,2025,0.4223867357904979,-0.7154145576376099,0.44735126599379266,-0.17294395533396237,0.5129749914029287,Convenience,0.06562372540913602,$25K to $49K,37-56,Have kids < 18,Female
200456,2021,0.23931720195602202,-0.0372921357567898,0.9843037248015175,-0.9097294433255808,0.050124521924808346,Digital,0.7449865228454955,$25K to $49K,25-36,Have kids < 18,Female
201132,2021,-0.8334397405662105,-0.7136347539463839,0.8233713710680503,-0.5409957523225012,-0.8532809858831885,Digital,1.3643671233905514,$75K to $99K,25-36,Have kids < 18,Female
101060,2025,0.24755102441097793,-0.2571502183768781,0.8088801411890628,-0.16739615748811482,-0.40529413717056406,Digital,0.561329116778085,$125K to $149K,25-36,Have kids < 18,Female
200887,2021,-0.4764359206142055,0.37700476880675016,-0.42372395652096967,0.7545356702998236,0.050124521924808346,Selection,0.37753090149307345,$75K to $99K,37-56,No kids < 18,Male
100656,2025,-0.6704300603227722,-1.8179864717612297,-0.18181018096858365,-0.17048515702177125,0.057556332307556246,Convenience,0.2280414893293275,$25K to $49K,37-56,Have kids < 18,Female
200065,2021,-0.6554949948404949,-0.2889599359480231,-0.5712811233181959,0.7561904400476347,0.5055431810201807,Selection,0.250647259027454,$50K to $74K,37-56,No kids < 18,Female
200463,2021,-0.10239106065003435,1.0549018649320092,-0.4288667978171497,0.19833426969269136,0.9535300297328052,Quality,0.10137183519920401,$150K plus,37-56,Have kids < 18,Female
100138,2025,0.05603476488296313,-1.1622570640553236,0.8102268806720029,0.5693062190459962,0.5055431810201807,Digital,0.24092066162600667,$25K to $49K,18-24,Have kids < 18,Female
200504,2021,0.6014458100167873,0.8363729344920251,-1.2983645843087783,-1.0950963230838666,0.5129749914029287,Quality,0.23492712447523778,$50K to $74K,37-56,No kids < 18,Other or not stated
101977,2025,0.24290941063714777,-0.25582106619677397,-0.9486334600266154,-0.3665870397514523,-0.8532809858831885,Price,0.49873047683392174,$125K to $149K,25-36,No kids < 18,Male
101582,2025,-1.5586636965632266,-0.9337181623220331,0.10452025571752879,-0.5344233859503079,0.042692711542060446,Digital,0.061827544175468346,$75K to $99K,25-36,Have kids < 18,Male
100698,2025,-0.11421709178611605,-0.4960670335449894,0.4741016398662746,-0.35160104021559635,-1.7492546833084375,Digital,0.5883187316523907,Under $25K,25-36,Have kids < 18,Female
101098,2025,-1.3747176436205892,0.8144305718282329,-0.7618735185814408,-0.3123574531795913,-0.8458491755004406,Quality,1.1267880250078242,$150K plus,37-56,Have kids < 18,Male
200416,2021,0.41580817523443536,0.3879759501386462,0.30178206844647903,0.019488063513523668,0.5055431810201807,Convenience,0.08973500578574534,$25K to $49K,57-65,Have kids < 18,Female
200774,2021,0.7760437120038948,-0.7157824997791242,-0.24853106944870862,0.19941053101211248,-0.39786232678781613,Price,0.5766331809917823,$50K to $74K,37-56,Have kids < 18,Female
101393,2025,-0.11421709178611605,-0.0372921357567898,-0.40053898792153403,0.2010136079668483,-0.41272594755331193,Selection,0.2383057437236381,$25K to $49K,57-65,Have kids < 18,Male
201098,2021,0.7723612825554449,-0.5078568085295218,-0.4067833643116824,0.38231861245820703,1.4089486888281777,Convenience,0.6365874062727328,$50K to $74K,25-36,No kids < 18,Female
101267,2025,-0.11218992423655957,1.0549018649320092,0.6285444128206217,0.3904083200737532,-0.39786232678781613,Quality,0.42635745211138754,$50K to $74K,37-56,Have kids < 18,Male
200376,2021,-0.48044638022239194,-1.1732282453872196,0.13261736907295088,0.9366397231815382,-0.39786232678781613,Selection,0.8040223541085874,$75K to $99K,37-56,Have kids < 18,Male
200366,2021,-0.29381709941072504,0.606136938437116,0.033085989386797285,-0.3508827473625994,1.4089486888281777,Convenience,0.8028117503910617,$25K to $49K,66+,No kids < 18,Female
100136,2025,0.056698380752541556,0.617108119769012,-0.7357643744759312,0.5692545262529208,0.4981113706374328,Quality,0.0478535935160912,$100K to $124K,66+,No kids < 18,Male
101170,2025,-1.0095702219809526,0.37700476880675016,-0.7685429360471461,-0.34789713341509365,0.9535300297328052,Convenience,0.576525260926055,$75K to $99K,57-65,Have kids < 18,Female
200136,2021,0.23120606197232493,-1.588118417847835,0.2968844315392708,1.3072020112753435,0.4981113706374328,Selection,0.8090906406379107,$50K to $74K,37-56,Have kids < 18,Male
101504,2025,-0.29381709941072504,0.3795526277142943,-0.7471515921622597,0.5678719892601509,-0.39786232678781613,Selection,0.1883193615458566,$125K to $149K,25-36,Have kids < 18,Female
101363,2025,0.6088106689136871,0.8259950210572042,0.2801745358701771,0.8416729380110692,0.5055431810201807,Selection,0.015677916953865,Under $25K,25-36,Have kids < 18,Male
201059,2021,-0.4774275666435205,-0.922746980990137,0.6383687023325946,0.9414715840945374,0.9609618401155531,Convenience,0.01949025602101573,$50K to $74K,37-56,Have kids < 18,Male
100149,2025,-0.4731900890883552,1.0439306836001132,-1.0879582811837807,-0.3588036078092551,0.057556332307556246,Quality,0.9863743512925569,$150K plus,66+,No kids < 18,Female
100304,2025,-0.4851204557001568,0.37759803670382547,0.27818656662026453,-1.233451877954339,0.06498814269030417,Quality,0.09941147008356094,$75K to $99K,37-56,Have kids < 18,Male
101018,2025,-0.8381138160439754,-0.04863125923020033,0.8267060798009029,-0.35684256238809503,0.042692711542060446,Digital,0.7840133682588425,$125K to $149K,37-56,Have kids < 18,Female
101925,2025,0.7713696365261299,1.0545339227904948,0.2848559840859699,0.5664377594743056,0.050124521924808346,Quality,0.28316428626436496,$25K to $49K,25-36,Have kids < 18,Male
101053,2025,-0.4763132381429466,-0.05886655627906753,-0.5810909049813906,0.20214156207934475,0.4981113706374328,Convenience,0.2959698085580881,$150K plus,66+,No kids < 18,Female
200899,2021,-0.3047417052848158,-0.2879987259094334,0.0998533153505142,-1.4598021817383269,-0.8458491755004406,Digital,0.38785204125994754,$150K plus,57-65,No kids < 18,Female
200498,2021,0.23617570590589165,-0.7254245289309161,0.2948964622893582,-0.5358576157361532,1.4089486888281777,Convenience,1.1140522265388195,Under $25K,18-24,Have kids < 18,Female
101905,2025,-0.2939073201780491,0.606136938437116,-1.4595276345824393,0.5638441569115317,-1.301267834595813,Quality,0.042292781525584355,$100K to $124K,37-56,No kids < 18,Male
200762,2021,0.41652881674411446,0.3876080079971318,0.28975362099317814,-0.7297238643694846,0.9609618401155531,Convenience,0.5444330233714386,$125K to $149K,37-56,No kids < 18,Other or not stated
100199,2025,-0.2958442669602815,1.0549018649320092,-0.060848341842759425,-1.2793528986044234,0.9535300297328052,Quality,0.10137183519920401,$25K to $49K,57-65,Have kids < 18,Male
101769,2025,-1.008906606111374,1.0439306836001132,-0.9428504767168543,-0.3472669321936283,-0.3904305164050682,Quality,1.3911976157937416,$75K to $99K,66+,No kids < 18,Female
200241,2021,0.4193679222116264,-1.1622570640553236,-0.4157077995723242,-0.5437267833897336,0.9535300297328052,Convenience,0.5341621075211789,$25K to $49K,37-56,Have kids < 18,Female
100405,2025,0.9556437196285038,-0.7267536811110203,0.28462528754577626,0.19976849947853664,-1.3086996449785608,Price,0.6710184320827275,Under $25K,37-56,Have kids < 18,Female
200821,2021,-0.651812565392045,0.38953042807431126,1.1646249453211803,-1.2809559755591593,0.050124521924808346,Digital,0.7750945172468691,Under $25K,25-36,Have kids < 18,Male
201177,2021,-0.11119827820724457,-1.1638115419909887,-0.23650262199540772,0.7572150085739805,-1.7492546833084375,Selection,0.8684132867812251,$50K to $74K,18-24,Have kids < 18,Male
100484,2025,-1.5496435757674334,0.6074660906172201,-0.07890497699479321,0.3782050443982048,-0.8458491755004406,Quality,0.22926104621901533,$75K to $99K,57-65,No kids < 18,Male
101183,2025,-0.12637115308193433,-0.2561890083382884,-0.397434975728875,0.9387405530273051,-0.8384173651176927,Selection,1.0651117061092394,$50K to $74K,25-36,Have kids < 18,Female
101340,2025,0.41167503315499004,0.836598260247586,-0.7520637369182461,-0.7320969269702926,-0.8458491755004406,Quality,0.42492322709259595,$50K to $74K,57-65,No kids < 18,Female
101281,2025,-1.0137033640603978,0.1700402875957374,0.28508668062616355,-1.6440070644658085,0.9535300297328052,Convenience,0.6684433491066417,$125K to $149K,66+,No kids < 18,Female
101032,2025,0.06480952073623862,0.3785592467424152,-0.24253080969414065,0.9414715840945374,-0.8532809858831885,Selection,0.5629123373521221,$125K to $149K,37-56,No kids < 18,Female
100792,2025,0.20514508127794984,-0.7042180505501529,0.8039679964330764,-0.3557663010686739,0.5055431810201807,Digital,0.29842481541289567,$75K to $99K,37-56,Have kids < 18,Male
100800,2025,0.589291748720969,-1.3589862482174693,0.13618277434599718,0.008361049157396416,0.057556332307556246,Price,0.45310897437497183,Under $25K,25-36,Have kids < 18,Female
101202,2025,-1.3790421926748386,0.17063355549281273,0.9974482151975649,0.017884986558787862,0.9609618401155531,Digital,0.0364863750820118,$100K to $124K,37-56,Have kids < 18,Male
100423,2025,0.23174699537064447,-1.6106540484087024,0.4689587985700946,-0.9028017327408389,-1.301267834595813,Digital,0.23721180319945012,Under $25K,37-56,No kids < 18,Female
200363,2021,-0.8294292809580239,-1.1635862162354278,0.2995634026563728,0.01139835589797753,-0.40529413717056406,Digital,0.28816504675839527,$25K to $49K,37-56,Have kids < 18,Female
201155,2021,1.1335884653542194,0.9829738741090668,-0.7549515604194897,0.011040387431553366,0.057556332307556246,Price,0.15061459124515264,$25K to $49K,66+,Have kids < 18,Female
101884,2025,0.22905621195150958,-1.1522470927620172,-0.24987780893164874,0.7531531333070536,0.4981113706374328,Selection,0.25504176266962075,$50K to $74K,66+,No kids < 18,Male
201126,2021,0.7683508229472584,-0.05945982417614286,-0.5846708181032151,-0.3519590086820205,0.9609618401155531,Convenience,0.19261101716829465,$75K to $99K,57-65,Have kids < 18,Male
101480,2025,-0.28914302393296015,0.17026561335129828,0.8186899228522575,0.38339487377762815,0.042692711542060446,Digital,0.43529504907462935,$25K to $49K,18-24,Have kids < 18,Female
101929,2025,-0.4799956675913965,0.596494909285324,-0.0013092786304674114,-0.08717209040075298,-1.301267834595813,Quality,0.5978041879157914,$50K to $74K,57-65,Have kids < 18,Male
200671,2021,-1.3707071840124028,0.38953042807431126,-1.6434142603751485,-0.908790610510618,0.5055431810201807,Convenience,0.11601275294586944,$100K to $124K,66+,Have kids < 18,Male
101530,2025,-1.014695010089713,-0.27835669675764146,-1.2707288640337435,0.2010136079668483,-1.7566864936911855,Selection,0.47937030472448977,$100K to $124K,66+,No kids < 18,Male
100903,2025,-0.1249287944216239,-0.27776342886056615,0.4555981194826318,0.7547562102617894,-0.8458491755004406,Selection,0.2991580907791576,Under $25K,25-36,Have kids < 18,Female
100686,2025,-0.11119827820724457,1.0439306836001132,-0.9308220292635534,0.9377159845009593,0.5055431810201807,Quality,0.10621469909915393,$150K plus,25-36,Have kids < 18,Female
101552,2025,-0.031118868821609108,0.6080593585142955,0.2968844315392708,0.012832585683822817,0.9609618401155531,Convenience,0.3529024816012576,$75K to $99K,25-36,Have kids < 18,Male
100160,2025,0.05615744735422199,0.38856921803572153,-0.4237384643697478,1.122997128547862,0.042692711542060446,Selection,0.7344279105121404,$25K to $49K,57-65,Have kids < 18,Female
101000,2025,0.41424313410286606,-1.151428499109381,-0.24363343254150033,-0.35701140955698557,0.057556332307556246,Price,0.3566868017953098,Under $25K,37-56,No kids < 18,Female
200593,2021,-0.47610789045446883,0.17063355549281273,-1.0999867286370817,0.012474617217398653,0.9535300297328052,Convenience,0.7828964742399924,$100K to $124K,66+,No kids < 18,Male
200993,2021,0.6009950973857918,1.2734307953719934,-0.2402987238086477,-1.0899581864975185,1.4089486888281777,Convenience,0.13551789345618426,$50K to $74K,25-36,Have kids < 18,Female
200251,2021,0.2432374407968844,0.07312292370363388,0.09406924428736167,0.3795018456795918,1.4089486888281777,Convenience,1.029446843148586,$50K to $74K,25-36,No kids < 18,Male
100113,2025,0.06385033641085835,-0.5074888663880073,0.10430406702611332,-0.360100409090642,0.5055431810201807,Convenience,0.40123911399406736,Under $25K,66+,No kids < 18,Female
201020,2021,-0.484006127199583,-0.47375672873968283,0.28508668062616355,-0.9966415226340081,0.5055431810201807,Convenience,0.22045650039401715,$75K to $99K,25-36,Have kids < 18,Female
101447,2025,0.06025812772973259,1.2734307953719934,-1.9893492828440715,-0.5401917237581213,0.042692711542060446,Quality,1.213172667642261,$75K to $99K,66+,No kids < 18,Female
101953,2025,0.055584052251967685,-1.1745573975673238,-0.9401704178463609,0.9377159845009593,0.5146807327093019,Selection,0.42303525179165735,$50K to $74K,57-65,Have kids < 18,Male
100923,2025,0.4111340997566705,-1.3807859944953078,-0.2463124036586024,1.122997128547862,1.4255180509000467,Convenience,0.30252092235218475,$25K to $49K,37-56,No kids < 18,Female
101625,2025,-0.4809873136207115,-0.5188279898614178,0.28508668062616355,0.9387405530273051,0.9535300297328052,Convenience,0.014789476705500126,$75K to $99K,18-24,Have kids < 18,Male
200738,2021,1.1335884653542194,-0.7032568405115631,-0.9187935818102526,-0.17553755789673625,-0.8458491755004406,Price,1.3091260232509556,Under $25K,25-36,Have kids < 18,Male
101320,2025,-0.30105927583636594,0.6177013876660874,-1.2983645843087783,-0.3546900397492528,-0.39786232678781613,Quality,0.9187606635024533,$75K to $99K,66+,No kids < 18,Male
101664,2025,-2.0341078411760325,0.836598260247586,-0.2532125176645014,0.6195251229277303,0.050124521924808346,Quality,0.21707313731985567,$150K plus,57-65,No kids < 18,Female
100816,2025,-0.4883521725176113,-0.7022956304729734,0.8004170990088082,0.019130095047099505,1.4089486888281777,Convenience,0.6085315898193695,$50K to $74K,57-65,Have kids < 18,Female
200622,2021,-0.6554949948404949,0.3773727109482646,-1.6445303033178948,0.5627678955921105,0.5055431810201807,Selection,0.05722471457192979,$50K to $74K,57-65,No kids < 18,Male
200267,2021,0.7807177874816597,-0.2899211459866129,-0.234925185972274,0.1981137297307255,0.9609618401155531,Convenience,0.18024405263389343,$50K to $74K,18-24,Have kids < 18,Male
101474,2025,-0.8423371788907448,-0.7142280218434591,-0.051499953259952026,-0.3009053871568783,-0.39786232678781613,Digital,0.2494054338969263,$125K to $149K,37-56,No kids < 18,Female
101774,2025,0.4137022007045465,0.6080593585142955,0.11924218213670987,0.2010653007599236,0.4981113706374328,Quality,0.10994798787686266,$25K to $49K,57-65,No kids < 18,Male
100680,2025,0.053015951304091646,-0.9331248944249577,0.47743634859912737,-0.9019460113833836,0.06498814269030417,Digital,0.4124482059088232,$50K to $74K,66+,No kids < 18,Male
200713,2021,-0.6554949948404949,0.825401753160129,-0.5846563102544369,-0.5430601833298119,1.4089486888281777,Convenience,0.5835469356680487,$125K to $149K,37-56,Have kids < 18,Male
101094,2025,-0.4682923189265737,-0.7036247826530775,0.8001864024686146,0.3904083200737532,0.042692711542060446,Digital,0.4097780823948614,$75K to $99K,57-65,Have kids < 18,Male
100081,2025,-0.6550442822094994,0.6080593585142955,0.8135615894048556,0.37841085704846456,0.9535300297328052,Convenience,0.13996844032794964,$150K plus,25-36,Have kids < 18,Other or not stated
101951,2025,0.2448927026957778,1.2734307953719934,-0.6027129454064706,1.0707608955477137,0.5129749914029287,Quality,0.20266989982427974,$125K to $149K,25-36,No kids < 18,Male
200606,2021,-0.035455776583942764,0.37759803670382547,0.4424536290865844,0.7518563320256666,-0.8532809858831885,Selection,0.3094027029390822,$50K to $74K,57-65,Have kids < 18,Male
101240,2025,0.2464691576143388,0.5849304600563526,0.034900661256028545,-0.9098151790369639,-2.20467334240381,Quality,0.33846130244201383,$150K plus,37-56,Have kids < 18,Male
100330,2025,-0.4733268862680099,0.6065048805786304,-0.9404011143865545,-0.16399852636096093,0.5055431810201807,Quality,0.10096169955844969,$75K to $99K,66+,Have kids < 18,Male
100243,2025,0.7770353580332098,-1.1622570640553236,-0.22803957981515316,0.7510006106682113,0.5129749914029287,Price,0.026034747364998445,$50K to $74K,25-36,Have kids < 18,Male
100642,2025,0.589291748720969,1.0545339227904948,0.9972175186573712,-0.1776360318223546,0.5129749914029287,Quality,0.057316404133123666,$25K to $49K,25-36,Have kids < 18,Male
100697,2025,-0.2980404622574945,0.8259950210572042,0.006005004737672015,-0.908790610510618,0.49640562933105953,Quality,0.3295893917261447,$75K to $99K,57-65,No kids < 18,Female
200258,2021,0.5928514956981601,0.3773727109482646,0.9938828099245185,-0.7279833589102904,0.9535300297328052,Digital,0.04035278019171329,Under $25K,18-24,Have kids < 18,Female
100754,2025,-0.12079565234217858,0.38953042807431126,-1.6278204076488014,0.7531014405139782,1.4089486888281777,Convenience,0.6558472483141995,$75K to $99K,57-65,Have kids < 18,Female
100436,2025,0.2398905970582763,-0.27776342886056615,-0.23650262199540772,0.3795018456795918,0.057556332307556246,Selection,0.13961124862131546,$50K to $74K,57-65,No kids < 18,Female
101564,2025,0.2474608036436538,-1.3701827553049262,0.11812613919396339,0.20208986928626943,0.057556332307556246,Price,0.045370934357384374,$25K to $49K,57-65,No kids < 18,Female
101935,2025,0.5967717345390224,-0.06946979546944922,-0.7600798938668916,0.38419392216798404,0.9535300297328052,Convenience,0.35675829519378277,$100K to $124K,66+,No kids < 18,Male
200930,2021,0.06025812772973259,-1.1753759912199602,-0.413914174857775,0.19941053101211248,0.9609618401155531,Convenience,0.7615513091034406,$25K to $49K,25-36,Have kids < 18,Female
101713,2025,0.5974353504086009,0.8259950210572042,0.11789544265376975,-1.0933558176246725,-0.39786232678781613,Quality,0.22855967064860339,$150K plus,25-36,Have kids < 18,Female
100552,2025,0.24278672816588892,0.3785592467424152,-0.9274873205307008,1.1202660974806298,0.5055431810201807,Selection,0.6147229164604491,$75K to $99K,25-36,No kids < 18,Female
200763,2021,0.5979762838069204,-0.27776342886056615,-1.4592969380422456,1.125676466822019,0.5129749914029287,Selection,0.5277001830150986,$125K to $149K,37-56,Have kids < 18,Female
100602,2025,-0.6601690703182598,-0.06019570845917173,-0.234925185972274,-0.5427022148633878,-0.39786232678781613,Quality,0.17472947751310225,$100K to $124K,37-56,Have kids < 18,Female
101965,2025,-1.016148782537015,-0.2889599359480231,-0.9327954906646879,-0.7216341567539384,-0.8458491755004406,Quality,0.4326742208059153,$75K to $99K,57-65,No kids < 18,Male
101014,2025,0.7730248984250233,0.6180693298076018,0.2768398271373244,0.5624099271256864,0.9535300297328052,Convenience,0.1805051313077819,$75K to $99K,37-56,Have kids < 18,Female
200609,2021,0.4143658165741249,0.9829738741090668,-0.9294752897806133,0.6052818374203807,0.9609618401155531,Quality,0.022012033993513702,$125K to $149K,66+,No kids < 18,Male
101428,2025,-0.12993090005912541,-1.3917571758272038,0.8135615894048556,-0.17589552636316041,-0.39786232678781613,Digital,0.943492489463981,$50K to $74K,37-56,Have kids < 18,Female
200013,2021,0.9555210371572449,-0.27835669675764146,-0.5746158320510486,0.7510006106682113,-0.39786232678781613,Price,0.20452042648903357,$125K to $149K,57-65,No kids < 18,Female
101387,2025,-0.1197601308219371,0.8375594702861757,0.30066602550373256,0.38021778261244016,-0.3904305164050682,Quality,0.45734168767373556,$100K to $124K,18-24,No kids < 18,Male
101296,2025,0.5958703092770316,1.2734307953719934,0.2968844315392708,0.2024478377526936,0.057556332307556246,Quality,0.6775604860949619,$50K to $74K,18-24,Have kids < 18,Female
100467,2025,0.6493641475373833,-0.49629235930055027,-0.42728936179401594,0.7504221022398213,1.4089486888281777,Convenience,0.6585265865883564,Under $25K,57-65,Have kids < 18,Female
101500,2025,-0.2936944169394662,-1.369589487407851,0.12081961815984363,-0.5392528909431585,1.4089486888281777,Convenience,1.2881290706683342,$50K to $74K,66+,No kids < 18,Other or not stated
200729,2021,1.1305696517753479,-0.2773954867190517,0.9976789117377585,0.010322094578556429,-2.20467334240381,Price,0.13289074003758938,$50K to $74K,37-56,Have kids < 18,Female
201113,2021,0.9549801037589254,0.1475046570348699,-1.106245612876008,-0.7178785571603603,-0.39786232678781613,Price,0.8074754467240555,$25K to $49K,37-56,No kids < 18,Female
100278,2025,0.9556437196285038,-0.04730210705009612,0.6392540487351474,-0.5385369540103102,-1.301267834595813,Price,0.31638967089335646,Under $25K,66+,No kids < 18,Male
101070,2025,-0.29695859546085535,1.0549018649320092,0.4689587985700946,0.5654989266593428,0.050124521924808346,Quality,0.48940293827266645,$100K to $124K,18-24,Have kids < 18,Female
101549,2025,1.1305696517753479,0.18101146892763345,-0.2351558825124676,0.5688965577864967,0.49640562933105953,Price,0.5616730939888511,$25K to $49K,57-65,Have kids < 18,Female
101025,2025,0.05660815998521744,0.3795526277142943,0.4534593421404518,1.122997128547862,0.5055431810201807,Selection,0.6174539475276812,$75K to $99K,37-56,Have kids < 18,Male
101466,2025,0.052565238673096204,-0.48435996793006447,-0.06487514019619299,-1.0937137860910966,0.050124521924808346,Price,0.002440716748287858,$50K to $74K,37-56,Have kids < 18,Male
100941,2025,1.1345801113835343,0.6769737250798932,0.1228075874097562,-0.16739615748811482,-0.8532809858831885,Price,0.45760638630364114,Under $25K,37-56,No kids < 18,Male
101467,2025,0.7693424689765734,-1.3836263334034506,0.9709285378652766,-0.9127667500661619,-0.39786232678781613,Digital,0.20158606888870312,$75K to $99K,18-24,Have kids < 18,Female
101324,2025,0.07253487149680972,0.836598260247586,0.09471047405433412,-0.7239038337685959,0.5055431810201807,Quality,0.3310550792274053,$50K to $74K,25-36,Have kids < 18,Female
101400,2025,-0.11930941819094164,-0.2796858489377456,-0.4056673213689359,-0.5412679850775424,-0.8532809858831885,Price,0.16037643074680397,$75K to $99K,57-65,Have kids < 18,Female
200626,2021,0.9586625332073753,0.1590691062638413,0.27994383932998346,-0.3490591304458978,0.06498814269030417,Price,0.6787186938773918,Under $25K,25-36,Have kids < 18,Male
101450,2025,0.24411395990504572,-0.05982776631765728,0.27527689896296886,-0.5335362459284205,0.5055431810201807,Convenience,0.23026628205721184,$75K to $99K,18-24,Have kids < 18,Female
100907,2025,-1.1799447611212905,-0.7257924710724306,0.28507217277738534,-0.7173314673964025,-0.8532809858831885,Digital,1.002403640173788,$150K plus,37-56,Have kids < 18,Male
200838,2021,-1.5471656955868816,0.36699479751344377,0.4676265669359327,0.007642756304399478,0.5055431810201807,Convenience,0.03791661408424801,$150K plus,25-36,No kids < 18,Female
101896,2025,0.5974353504086009,0.39917245722610323,-0.06577499444752406,0.19529696295211024,0.5055431810201807,Price,0.09189216938842015,$100K to $124K,57-65,Have kids < 18,Male
100389,2025,-0.11376637915512061,-0.2879987259094334,0.6249935153963536,-0.1623437566131498,0.5129749914029287,Digital,0.11201852399342493,$25K to $49K,18-24,Have kids < 18,Female
200071,2021,-0.29827827164990695,-0.04826331708868588,-1.2754103122495364,0.9441509223686944,0.057556332307556246,Selection,0.886594590061138,$50K to $74K,37-56,Have kids < 18,Male
200503,2021,0.41068338712567504,-0.7161504419206386,0.7968516937357619,0.3735765180398679,-0.8458491755004406,Digital,0.3861683066100869,$50K to $74K,18-24,Have kids < 18,Other or not stated
200173,2021,0.19533249008499498,-0.4856891201101686,0.6263402548792937,-1.650273155164653,0.5055431810201807,Digital,0.12079707385911298,$75K to $99K,25-36,Have kids < 18,Female
100881,2025,-1.0171404285663301,-0.7257924710724306,0.3082716492255992,-0.35281473003947583,0.050124521924808346,Digital,0.2581471273007908,$150K plus,37-56,Have kids < 18,Male
200901,2021,-0.6437916461756721,-0.26679224752867003,-0.9379383319608678,0.012474617217398653,-0.39786232678781613,Selection,0.2792668647460687,$75K to $99K,57-65,Have kids < 18,Male
100051,2025,-0.47018539021787953,0.18219800472178413,0.1127671092063679,-0.17857486463731737,-0.39786232678781613,Quality,0.06943089551541623,$75K to $99K,37-56,Have kids < 18,Female
101888,2025,-0.4815607087229658,-0.9446893436539292,0.27414634817144423,0.6126975452596496,0.5055431810201807,Selection,0.10715436423946889,$75K to $99K,57-65,Have kids < 18,Female
101703,2025,-0.2978275590189115,0.3879759501386462,0.11100983649664894,0.3767708146123595,0.5055431810201807,Convenience,0.11756723088153448,$50K to $74K,57-65,Have kids < 18,Male
200844,2021,0.9586625332073753,-1.8070152904293335,-0.9261405810477606,-0.1701271885553471,1.4089486888281777,Convenience,0.45028615562080243,Under $25K,66+,No kids < 18,Female
100134,2025,-0.2980404622574945,-0.2889599359480231,0.8135615894048556,0.3782050443982048,-1.7492546833084375,Digital,0.4353565450066508,$150K plus,25-36,Have kids < 18,Male
101106,2025,-0.4835878762725223,-1.380560668739747,0.8001864024686146,0.5715758960606536,-0.8532809858831885,Digital,0.228610506407961,Under $25K,25-36,Have kids < 18,Female
100704,2025,1.3131884729788283,-0.9446893436539292,-0.9321687687464936,-0.9125979028972715,0.050124521924808346,Price,1.26306395105402,Under $25K,25-36,Have kids < 18,Female
100483,2025,0.9479508305718674,-0.7151892318820489,0.6443823821825493,0.19538269866349325,-0.39615658548144284,Price,0.30356844838931807,$25K to $49K,37-56,Have kids < 18,Male
101146,2025,1.1305696517753479,-1.382115146675412,-0.8284581655092803,0.383615413739594,-2.20467334240381,Price,0.7469542380357539,$25K to $49K,37-56,Have kids < 18,Male
200039,2021,0.06786079601904484,-1.380560668739747,-0.39743444110155973,0.012474617217398653,0.06498814269030417,Price,0.0028726533287406625,Under $25K,66+,No kids < 18,Male
201116,2021,-0.48110999609197036,0.6074660906172201,-0.9174468423273124,0.7545356702998236,0.5129749914029287,Selection,0.14706957968260348,$75K to $99K,37-56,Have kids < 18,Male
100067,2025,0.06385033641085835,1.2734307953719934,0.4741016398662746,0.7558324715812105,-0.8532809858831885,Quality,0.517598323790783,$125K to $149K,37-56,Have kids < 18,Male
200314,2021,1.3131884729788283,-1.369589487407851,-0.4192732048453705,-0.7259682647759065,0.9609618401155531,Price,0.35222663286327527,Under $25K,25-36,Have kids < 18,Female
200797,2021,-0.6513618527610495,1.2734307953719934,-0.6109452910465316,0.9400373543086921,0.057556332307556246,Quality,0.3333934410633014,$75K to $99K,37-56,No kids < 18,Female
100908,2025,0.23877626855770245,0.39012369597138663,-1.2885548026455838,0.009743586150166416,0.9535300297328052,Convenience,0.5634063337614186,Under $25K,37-56,No kids < 18,Female
100032,2025,0.7770353580332098,-0.5059343884523422,1.338701789450695,-0.9111636731114261,-1.7566864936911855,Digital,0.5616664314174852,$25K to $49K,25-36,Have kids < 18,Female
200466,2021,-0.25822743900400397,-0.0372921357567898,0.0998533153505142,-1.0974693856846747,-0.8458491755004406,Digital,0.137145451107304,$25K to $49K,25-36,Have kids < 18,Female
201006,2021,0.05660815998521744,0.6068728227201448,-0.05618140147574482,0.016639878070476198,0.9535300297328052,Convenience,0.34665720701266045,$50K to $74K,37-56,No kids < 18,Male
100011,2025,0.24411395990504572,1.0554951328290845,-0.9308220292635534,0.20065563950042414,-0.8532809858831885,Quality,0.8113811729240388,$150K plus,25-36,No kids < 18,Male
100065,2025,-0.4796676374316599,-0.07043100550803895,0.9892013617087257,0.20517886881992584,-1.293836024213065,Digital,0.7840224928887999,$50K to $74K,57-65,Have kids < 18,Male
100777,2025,-0.2886923113019647,-0.49629235930055027,-0.2387212877855139,0.19927310250765412,-1.7492546833084375,Selection,0.437994390293168,Under $25K,37-56,Have kids < 18,Female
100078,2025,0.22806456592219457,1.0439306836001132,-0.41081016266511594,0.5624099271256864,-1.301267834595813,Quality,0.4815207564744268,$50K to $74K,57-65,Have kids < 18,Male
100492,2025,1.3131884729788283,-1.5890796278864248,0.6294442670719528,-1.2782766372850023,-0.40529413717056406,Price,0.6837442059068756,Under $25K,57-65,Have kids < 18,Female
200777,2021,0.1933811407091521,-1.1629929483383523,0.9843037248015175,0.5715758960606536,0.057556332307556246,Digital,0.4127278287408639,$50K to $74K,25-36,Have kids < 18,Female
200114,2021,-1.1963221852638783,0.3945423383714361,-0.06576048659874584,0.003975248342353066,-0.39786232678781613,Quality,0.390567090029083,$150K plus,37-56,Have kids < 18,Male
200927,2021,1.3131884729788283,0.6177013876660874,-0.18706847476860713,-0.16744785028119014,0.5129749914029287,Price,0.695487085312741,$25K to $49K,25-36,No kids < 18,Female
200345,2021,-0.1215819506830158,-0.27643427668046194,-0.234925185972274,-0.1701271885553471,-0.40529413717056406,Price,0.04854523787233128,$150K plus,66+,Have kids < 18,Female
100592,2025,0.22851527855319004,-0.49533114926196053,0.9843037248015175,0.38629475201375096,-0.8607127962659364,Digital,0.5980089727877665,$50K to $74K,37-56,No kids < 18,Female
101286,2025,-1.0213962531170342,-0.04826331708868588,-1.6483264051311348,-1.6494174338071976,0.9535300297328052,Convenience,1.001793346821491,$25K to $49K,66+,No kids < 18,Male
200669,2021,-0.29728662562059194,1.0545339227904948,-1.3019299895818246,0.19935883821903716,1.4089486888281777,Convenience,0.35441476603768285,$50K to $74K,57-65,No kids < 18,Female
100725,2025,-1.0124988147924998,-0.059091882034628465,0.2614102296005375,-1.2789949301379993,-0.40529413717056406,Digital,0.32050211163516595,$75K to $99K,25-36,Have kids < 18,Female
200667,2021,-0.30561066884287197,1.0549018649320092,-0.22646214379201945,-1.2797108670708477,0.5129749914029287,Quality,0.5419268735290805,$50K to $74K,37-56,No kids < 18,Male
101213,2025,0.4147840675011856,0.825401753160129,-0.43019902945131167,-0.17178195830315818,0.5129749914029287,Quality,0.3124267617572003,$75K to $99K,37-56,Have kids < 18,Male
201089,2021,0.6009950973857918,-0.057312078343402545,-0.06909519533159854,-0.17178195830315818,-0.40529413717056406,Price,0.6583071757291944,$50K to $74K,66+,No kids < 18,Male
200300,2021,-0.30875216489300233,0.6190305398461915,0.11947287867690351,0.3812940439318612,0.4981113706374328,Quality,0.12091916920875867,$75K to $99K,25-36,Have kids < 18,Female
200733,2021,0.6041365934359222,-1.3817472045338974,0.292202983323478,0.5719338645270778,0.9535300297328052,Convenience,0.349393436296883,$25K to $49K,57-65,No kids < 18,Male
101638,2025,-2.0870012399809497,-0.04826331708868588,0.8135615894048556,0.016860418032442082,0.057556332307556246,Digital,0.7560052570972993,$50K to $74K,37-56,Have kids < 18,Male
201033,2021,-1.012589035559824,-0.2883666680509478,-0.04637161981255011,0.9377159845009593,-2.20467334240381,Selection,0.9840876043135094,$50K to $74K,37-56,Have kids < 18,Male
201026,2021,-0.29894188751948536,0.38162526496184773,-0.929013896700226,-0.3520107014750959,0.5129749914029287,Convenience,0.13134972644108095,$150K plus,66+,Have kids < 18,Female
201108,2021,0.2515939457230991,1.0554951328290845,0.8004170990088082,0.19400016167072326,0.9609618401155531,Quality,0.09453329271353139,$100K to $124K,37-56,Have kids < 18,Female
100983,2025,0.24701009101265836,-0.716743709817714,-0.06219508132569953,-0.5399711837961555,0.4981113706374328,Convenience,0.25110127962477446,$100K to $124K,37-56,No kids < 18,Female
100707,2025,0.4194906046828853,-0.49629235930055027,-0.4239546530611633,-0.3543320712828286,0.5055431810201807,Convenience,0.0860525763372954,$25K to $49K,37-56,No kids < 18,Female
200536,2021,0.05202430527477665,-1.3936795959043833,-0.2387212877855139,-0.7189031256867061,-0.3904305164050682,Price,0.2907455930602906,Under $25K,25-36,Have kids < 18,Male
101688,2025,0.41771266031273296,-0.943360191473825,0.8099961841318093,-0.1731644952959282,0.050124521924808346,Digital,0.39228352381907633,$25K to $49K,25-36,Have kids < 18,Female
200775,2021,0.9555210371572449,-1.588118417847835,0.8267060798009029,-0.1688303872739601,0.042692711542060446,Price,0.12881495735634196,Under $25K,37-56,Have kids < 18,Male
100274,2025,0.42193602315950246,-0.2671601896701845,-0.7540517061681586,-0.9080746735777697,-0.8458491755004406,Price,0.6890962128296869,$25K to $49K,37-56,Have kids < 18,Female
101710,2025,-0.47320420379675104,0.8360049923505106,0.6345726005193546,0.5702790947792666,-0.39786232678781613,Quality,0.20143239183115602,$25K to $49K,57-65,Have kids < 18,Male
200904,2021,0.4188269888133069,0.8375594702861757,1.338701789450695,0.7497038093868243,-0.39786232678781613,Digital,0.5011423191645192,$100K to $124K,18-24,Have kids < 18,Male
100964,2025,0.7719105699244495,0.18123679468319437,0.10609769174066254,-0.5369338770555744,-2.20467334240381,Price,0.5906737752412552,$50K to $74K,18-24,Have kids < 18,Female
200981,2021,-1.3675656879622724,-0.9537381049086457,-0.0526305040514767,-0.5358576157361532,-0.3904305164050682,Digital,0.33780001235359153,$75K to $99K,25-36,Have kids < 18,Male
201025,2021,0.4193679222116264,0.3879759501386462,-0.07801963059224035,-0.9098151790369639,0.5055431810201807,Convenience,0.08617525880855431,$50K to $74K,25-36,Have kids < 18,Female
201146,2021,0.9586625332073753,-0.27798875461612704,-0.05618140147574482,0.7497038093868243,-0.40529413717056406,Price,0.20895872382055092,$25K to $49K,18-24,Have kids < 18,Female
200460,2021,-0.6514845352323084,0.16062358419950637,-1.1158246979990092,-0.35736937802340973,-1.301267834595813,Quality,0.5179929622229161,$50K to $74K,25-36,Have kids < 18,Male
200820,2021,0.05769002678185655,0.6180693298076018,-0.4154771030321306,0.3904600128668285,0.042692711542060446,Quality,0.22760931694077324,$75K to $99K,37-56,Have kids < 18,Female
200796,2021,0.42561845260795234,-0.4856891201101686,-0.22358882813955405,0.19833426969269136,0.057556332307556246,Price,0.22728418291526098,$50K to $74K,37-56,Have kids < 18,Male
101453,2025,-1.0142442974587174,-0.06019570845917173,-0.059285413668403855,-0.3543320712828286,0.057556332307556246,Convenience,0.1168417459759601,$25K to $49K,57-65,Have kids < 18,Male
100150,2025,0.7800541716120812,-0.48591444586572957,0.1107791399564553,0.1896143608556799,-1.301267834595813,Price,0.5904398107564013,$50K to $74K,37-56,Have kids < 18,Female
101758,2025,0.772451503322769,0.1700402875957374,-0.5712811233181959,0.9387405530273051,-0.39786232678781613,Selection,0.16628904970453606,Under $25K,57-65,Have kids < 18,Female
100219,2025,0.2356347725075721,0.3876080079971318,-1.2923363966100454,0.9346269849673029,-0.8532809858831885,Selection,0.5470189769701711,$50K to $74K,57-65,No kids < 18,Female
100240,2025,0.06451395228043676,-0.058498614137553126,0.6249935153963536,-0.3557663010686739,0.050124521924808346,Digital,0.5604795631159168,$50K to $74K,18-24,Have kids < 18,Female
101132,2025,0.9519612901800538,0.596494909285324,-0.572627862801136,-0.35974244062421784,-0.39786232678781613,Price,0.3554663808947298,$25K to $49K,25-36,Have kids < 18,Female
200868,2021,0.23575745497883097,-0.7142280218434591,-0.3994062361304769,0.5701933590678837,0.5055431810201807,Selection,0.06465017804770301,$25K to $49K,37-56,No kids < 18,Male
200240,2021,-0.4764359206142055,0.37700476880675016,-0.2402987238086477,0.01139835589797753,0.5055431810201807,Convenience,0.12853841221343054,$50K to $74K,25-36,Have kids < 18,Female
200382,2021,0.5887508153226495,0.8369662023891004,0.29466576574916453,0.37842558436017065,-0.3904305164050682,Quality,0.24821538706645085,$50K to $74K,37-56,Have kids < 18,Female
101254,2025,0.5939658241987339,-0.036924193615275394,0.992766766981772,0.1966794999448802,0.9609618401155531,Digital,0.03180492686621894,$50K to $74K,37-56,No kids < 18,Male
101054,2025,-0.1153314202866899,1.0554951328290845,1.1681903505942268,-0.5453815531375447,0.057556332307556246,Digital,0.11269521776514235,$100K to $124K,25-36,No kids < 18,Female
101669,2025,-1.185159769997375,-0.7148212897405345,0.46072645293003367,0.5691170977484625,0.5055431810201807,Selection,0.06357391672828183,$50K to $74K,37-56,No kids < 18,Male
200696,2021,-0.8319535064149736,-0.2019095734075438,0.8233713710680503,0.009606157645708047,0.050124521924808346,Digital,0.7732468491432419,$125K to $149K,66+,No kids < 18,Male
201151,2021,0.049005491695905165,0.5959016413882487,0.10430406702611332,0.1981137297307255,1.4089486888281777,Convenience,0.813047047439929,$100K to $124K,66+,Have kids < 18,Female
101358,2025,-0.29423535033778575,-0.2762089509249011,-0.055950704935551175,-0.5396989510411143,-0.40529413717056406,Digital,0.22025824598934993,$100K to $124K,37-56,Have kids < 18,Female
100776,2025,0.23943988442728084,-0.035737657821124785,-0.5583673294623421,0.14683466860018568,0.050124521924808346,Price,0.09260521582709516,$125K to $149K,37-56,Have kids < 18,Male
200778,2021,-0.47113970992457954,1.0439306836001132,0.2968844315392708,0.9387405530273051,0.9535300297328052,Quality,0.090400653867308,$100K to $124K,18-24,Have kids < 18,Female
100840,2025,0.9519612901800538,-0.26642430538715567,-0.413914174857775,0.38088438267236174,-1.301267834595813,Price,0.571076907507692,$25K to $49K,66+,Have kids < 18,Female
100628,2025,-0.29795024149017035,0.6070981484757058,0.11613816994405084,0.021640586152365915,0.5129749914029287,Quality,0.094123157072777075,$50K to $74K,37-56,Have kids < 18,Male
100324,2025,-0.29737684638791606,-1.1510605569678667,-1.1144779585160691,0.570909296000732,0.9535300297328052,Convenience,0.38262073373207317,$50K to $74K,57-65,Have kids < 18,Female
200880,2021,-0.6595956752160055,-0.9340861044635475,-0.5681771111255369,0.011040387431553366,-0.3904305164050682,Selection,0.4014709038366216,$100K to $124K,25-36,Have kids < 18,Female
201175,2021,0.23521652158051143,0.3785592467424152,0.11924218213670987,-0.5435062434277678,-0.8532809858831885,Quality,0.14334272516190377,$125K to $149K,18-24,Have kids < 18,Male
101868,2025,-0.30407808941523745,-0.05923449842058197,-0.24830037290851498,-0.91594384123135,-0.40529413717056406,Quality,0.189065874487933,$100K to $124K,25-36,Have kids < 18,Female
101161,2025,-0.6560359282388144,-0.27776342886056615,-0.9354889696305682,0.3782050443982048,-0.40529413717056406,Selection,0.655968473258771,$75K to $99K,66+,Have kids < 18,Female
101077,2025,0.6009950973857918,1.0554951328290845,0.6392540487351474,0.5675997565051097,0.5055431810201807,Quality,0.4162410840939371,$50K to $74K,25-36,Have kids < 18,Male
100438,2025,-0.2968359129895965,0.5959016413882487,0.9925360704415784,0.9414715840945374,-0.39786232678781613,Digital,0.05106448634704108,$75K to $99K,25-36,Have kids < 18,Male
100120,2025,-0.659054741817686,-0.7254245289309161,1.338701789450695,-0.5331265846689209,-0.39786232678781613,Digital,1.736564116238511,$75K to $99K,25-36,Have kids < 18,Female
200804,2021,-0.47131113250544515,1.0439306836001132,0.26679934893393614,0.20517886881992584,-0.8458491755004406,Quality,0.777131334666177,$125K to $149K,18-24,Have kids < 18,Female
200617,2021,0.7800541716120812,-0.2899211459866129,-0.058400067265850994,-0.34690896372720414,0.5129749914029287,Price,0.26707918020915256,Under $25K,37-56,No kids < 18,Male
200810,2021,-0.4841288096708418,-0.289695820231052,-1.8005505122953758,0.01139835589797753,0.4981113706374328,Convenience,0.4867130147394553,$100K to $124K,57-65,No kids < 18,Male
101815,2025,-0.6630652014258724,-0.7263857389695059,-0.04748766275529659,1.1202660974806298,-0.39786232678781613,Selection,1.1677537602359265,$50K to $74K,37-56,Have kids < 18,Male
101840,2025,0.41627030165242257,-0.2101881907303708,0.26837678495706985,-0.9111119803183508,-0.8607127962659364,Price,0.14789351669535272,Under $25K,66+,No kids < 18,Male
101027,2025,0.7688917563455779,1.0549018649320092,0.9793915800455311,0.5730101258464989,0.4981113706374328,Quality,0.07551028488647815,$50K to $74K,37-56,Have kids < 18,Female
100077,2025,-1.1887519786785008,1.2734307953719934,0.8039679964330764,1.3072020112753435,0.057556332307556246,Selection,0.03377121590335008,$125K to $149K,18-24,Have kids < 18,Male
100901,2025,-0.8350950024651038,-0.27776342886056615,-0.7747873124372945,0.01810552652075371,0.06498814269030417,Convenience,0.04688261616955046,Under $25K,37-56,No kids < 18,Female
100372,2025,0.7760437120038948,-0.7032568405115631,0.11186725495503683,0.19435813013714742,0.5055431810201807,Price,0.27050053098371407,$25K to $49K,66+,Have kids < 18,Male
101205,2025,0.7688917563455779,-0.03766007789830424,-0.06932589187179215,-0.549495121197547,0.050124521924808346,Price,0.7187672344207696,$25K to $49K,37-56,No kids < 18,Female
200702,2021,0.2417950821365739,0.6174760619105265,-0.057528140958684915,0.3904083200737532,0.5129749914029287,Quality,0.10450107050759783,$125K to $149K,37-56,Have kids < 18,Female
100942,2025,0.7719105699244495,-0.5082247506710361,-0.2351558825124676,-0.17007549576227174,0.057556332307556246,Price,0.7143542376168932,$25K to $49K,57-65,Have kids < 18,Female
100553,2025,0.052565238673096204,-0.2658310374900803,0.46429185820307994,-0.9112494088228091,0.4981113706374328,Convenience,0.03381951243435288,$75K to $99K,37-56,Have kids < 18,Female
100407,2025,0.23575745497883097,1.2734307953719934,0.46761205908715453,-0.16333428222118793,-0.8458491755004406,Quality,0.8058187362848389,$100K to $124K,57-65,Have kids < 18,Female
200118,2021,0.4220587056307613,-0.9331248944249577,0.9905481011916658,0.3815145838938271,0.050124521924808346,Digital,0.5684893955609045,Under $25K,37-56,No kids < 18,Female
101614,2025,-0.6973452176965023,-0.05982776631765728,0.4506859747266454,-0.9051231025485716,0.4981113706374328,Convenience,0.04742539591078743,$75K to $99K,57-65,No kids < 18,Female
100969,2025,-0.659054741817686,0.6186625977046771,-0.2402987238086477,0.38231861245820703,0.9609618401155531,Convenience,0.34229924241087595,$100K to $124K,37-56,No kids < 18,Male
200792,2021,-0.1261333436895219,-0.27776342886056615,-1.4726721249784864,0.20208986928626943,1.4089486888281777,Convenience,1.2068588195419083,$150K plus,57-65,No kids < 18,Male
200350,2021,0.4149067499724445,-0.506895598490932,-1.2836426578895972,0.7517189035212083,-0.8532809858831885,Selection,0.3368121535487638,$100K to $124K,57-65,Have kids < 18,Female
101747,2025,0.9515105775490584,-0.05923449842058197,0.9938828099245185,1.122997128547862,0.9535300297328052,Selection,0.12911431862334344,$100K to $124K,18-24,Have kids < 18,Female
100690,2025,-1.1834142873311575,-0.9323890101419289,1.1646249453211803,-0.5376498139884227,0.5055431810201807,Digital,0.6590817643009996,$75K to $99K,37-56,Have kids < 18,Male
101739,2025,-0.11520873781543105,-0.2648698274514906,0.9807383195284711,0.5675140207937267,0.5055431810201807,Digital,0.4132242987347444,$50K to $74K,25-36,No kids < 18,Female
100237,2025,-0.12389327290138241,-0.04789537494717146,1.1632782058382403,-0.5358576157361532,0.9609618401155531,Digital,0.20231636572268719,$75K to $99K,37-56,Have kids < 18,Female
201043,2021,0.9545293911279299,0.16907907755714763,-0.4009858731531431,0.9377159845009593,0.9535300297328052,Price,9.993613951246871e-4,$25K to $49K,37-56,Have kids < 18,Male
101987,2025,-0.3009690550690418,0.617108119769012,0.4654079011458264,0.01479598702513144,-0.8532809858831885,Quality,0.1517002186231856,$75K to $99K,18-24,Have kids < 18,Female
101984,2025,0.19993552689555735,0.17968231674752927,-0.5882217155274831,0.7493458409204001,0.9535300297328052,Convenience,0.20418418881240508,$150K plus,37-56,Have kids < 18,Female
100500,2025,0.23575745497883097,0.09502093443603578,0.10475095225772242,1.122997128547862,0.5055431810201807,Selection,0.6174539475276812,$50K to $74K,37-56,No kids < 18,Male
100823,2025,0.7765846454022144,0.8144305718282329,0.4646130077138815,-0.7657238537298726,-0.8458491755004406,Quality,0.03784592642601847,$25K to $49K,18-24,Have kids < 18,Male
100795,2025,-1.017263111037589,-0.2671601896701845,-0.23538657905266125,0.19256593188487797,-0.8458491755004406,Selection,0.4279525109375392,$75K to $99K,57-65,No kids < 18,Female
100991,2025,-0.2968359129895965,0.16967234545422297,0.4732568038428613,-0.1731644952959282,0.057556332307556246,Digital,0.30358445838863835,Under $25K,66+,Have kids < 18,Male
100568,2025,0.7765846454022144,-0.27776342886056615,-0.20405581580080503,-0.35750680652786804,-0.39786232678781613,Price,0.9806404612030194,$75K to $99K,18-24,Have kids < 18,Female
200436,2021,-0.8396463954716099,0.39917245722610323,0.4522634107497791,0.7518046392325913,0.5055431810201807,Selection,0.24626145821241063,$150K plus,66+,No kids < 18,Female
100391,2025,-0.11475802518443562,1.2734307953719934,-0.939285071443808,0.571627588853729,-0.40529413717056406,Quality,0.7018032065182644,$125K to $149K,37-56,No kids < 18,Female
100744,2025,-0.6554949948404949,-0.2658310374900803,-0.5824376444643307,0.383615413739594,0.9535300297328052,Convenience,0.5699146159932111,$50K to $74K,37-56,No kids < 18,Female
200401,2021,0.6009950973857918,-0.2883666680509478,0.11924218213670987,0.3825391524201729,0.9609618401155531,Convenience,0.35996674272976126,$75K to $99K,37-56,Have kids < 18,Female
101218,2025,-0.11756393552472413,0.158475838366766,-1.2854507904529247,0.9359237862486899,-0.8458491755004406,Selection,0.7774479478819238,$25K to $49K,66+,No kids < 18,Male
100236,2025,0.23931720195602202,-0.06946979546944922,-0.7518330403780524,-1.0875851238967105,0.06498814269030417,Price,0.17432905926571785,$50K to $74K,57-65,No kids < 18,Female
200937,2021,0.4153574626034399,1.0549018649320092,-1.7920874701151213,-0.5414054135820008,0.4981113706374328,Quality,0.5567904942945764,$50K to $74K,37-56,No kids < 18,Female
100481,2025,-0.28914302393296015,0.38834389228016064,-0.7469354034708442,-0.531829783387534,0.057556332307556246,Quality,0.3307875599726044,$150K plus,66+,No kids < 18,Female
200043,2021,0.593843141727475,1.0554951328290845,-0.5815522980617779,-0.7269070975908692,0.5055431810201807,Quality,0.4616519911016095,$50K to $74K,37-56,Have kids < 18,Male
200616,2021,-0.11430731255344015,-0.49629235930055027,0.6214281101233072,-0.17178195830315818,0.5055431810201807,Digital,0.11588492910312653,$100K to $124K,37-56,Have kids < 18,Female
101678,2025,0.6021094258863657,-1.369589487407851,-0.22669284033221307,0.7547562102617894,0.057556332307556246,Selection,0.15264678437542367,$25K to $49K,37-56,Have kids < 18,Female
200916,2021,0.4220587056307613,-0.737356920301402,-0.21197091391303197,0.015205648284630946,-0.3904305164050682,Price,0.40685305734613036,$25K to $49K,66+,No kids < 18,Male
201073,2021,1.1335884653542194,-0.04730210705009612,0.9941135064647122,0.20186932932430357,-0.39786232678781613,Price,0.13947495888950723,Under $25K,18-24,Have kids < 18,Male
200750,2021,0.5979762838069204,0.18219800472178413,0.10006950404192963,-1.2752393305444212,0.5055431810201807,Price,0.09243310278673966,$50K to $74K,37-56,No kids < 18,Female
200814,2021,-0.11822755139430254,1.0554951328290845,0.1147914304611107,0.9377159845009593,0.06498814269030417,Quality,0.1177791483281252,$100K to $124K,25-36,Have kids < 18,Male
100121,2025,-0.6641795299264462,-0.27680221882197636,-0.23493969382105215,-0.5412679850775424,0.9609618401155531,Convenience,1.1959015339366053,$150K plus,57-65,No kids < 18,Female
200955,2021,0.7723612825554449,-1.3655147203545108,0.9840730282613239,0.7506426422017871,-0.39786232678781613,Digital,0.21171174570587903,Under $25K,18-24,Have kids < 18,Male
101273,2025,0.06025812772973259,0.3779659788453399,-0.22534610084927292,-1.2831084981980014,-0.41272594755331193,Quality,0.3177078511156073,Under $25K,37-56,Have kids < 18,Male
100927,2025,-0.2978275590189115,-1.6581682409926093,0.6481784839957893,0.1966794999448802,-1.301267834595813,Digital,0.45149898405090905,$50K to $74K,18-24,Have kids < 18,Female
200564,2021,-0.47143381497670395,0.11553588046516051,0.2766091305971308,-0.9046253496575405,-0.39786232678781613,Digital,0.16107325013197032,$25K to $49K,37-56,Have kids < 18,Male
101595,2025,-0.11020663217792956,-0.2677534575672598,0.8004170990088082,0.5746648955943101,0.5055431810201807,Digital,0.2257522034144981,$75K to $99K,37-56,Have kids < 18,Female
100224,2025,-0.6641795299264462,0.40013366726469296,0.8922866585334852,-0.1697692200889229,-0.8458491755004406,Digital,0.49215299126879225,$25K to $49K,57-65,No kids < 18,Female
100767,2025,0.41846649694963556,-0.7142280218434591,-0.049281287469845815,-0.7146521291222456,-1.293836024213065,Price,0.4677477844194814,$25K to $49K,57-65,Have kids < 18,Female
100614,2025,0.413161267306227,0.08946233384576842,0.28706014202729796,0.9387405530273051,-1.301267834595813,Selection,0.5255792857210781,$125K to $149K,37-56,Have kids < 18,Male
101246,2025,1.1305696517753479,0.40013366726469296,-0.2086362051801793,0.3850496435254393,-0.3904305164050682,Price,0.730435984510655,$50K to $74K,66+,Have kids < 18,Male
101541,2025,-0.2936944169394662,-0.2677534575672598,-0.753821009627965,-0.7681805556523187,0.057556332307556246,Convenience,0.32530978987481607,$100K to $124K,66+,No kids < 18,Female
100053,2025,-0.8350950024651038,-0.2546345304026234,1.1646249453211803,-0.17213992676958234,0.5129749914029287,Digital,0.6516499539182516,$75K to $99K,25-36,Have kids < 18,Male
100530,2025,0.04801384566659017,-0.7161504419206386,-1.1158246979990092,0.38629475201375096,1.4089486888281777,Convenience,1.0226539368144267,$50K to $74K,57-65,Have kids < 18,Other or not stated
200534,2021,-0.6509111401300541,0.8356370502089963,-1.4675292836823064,-0.1731644952959282,0.4981113706374328,Quality,0.33752567957156343,$150K plus,57-65,Have kids < 18,Male
101900,2025,-0.8223675460670312,-0.05790534624047779,0.2848559840859699,0.018242955025212025,-0.39786232678781613,Digital,0.2666130290607579,$25K to $49K,57-65,No kids < 18,Female
201119,2021,-0.2946860629687812,-1.3817472045338974,0.3033595044696128,1.1219208672284409,0.5055431810201807,Selection,0.6163776862082602,$50K to $74K,37-56,Have kids < 18,Male
100819,2025,0.42250941826175675,-0.9437281336153394,0.2752623911141907,-1.277918668818578,-0.39786232678781613,Price,0.14724702714756605,$50K to $74K,57-65,Have kids < 18,Female
100156,2025,-0.6600463878470009,0.6184372719491162,-0.05483466199280468,0.19560323862545909,0.9535300297328052,Convenience,0.33509275778368897,$75K to $99K,57-65,Have kids < 18,Female
200649,2021,-0.11889116726388094,0.39012369597138663,-1.1046681768528743,-0.9083809492511186,0.050124521924808346,Quality,0.3399991740465783,$75K to $99K,57-65,No kids < 18,Female
201062,2021,0.4148165292051204,0.18064352678611906,-0.7551677491109051,0.3828971208865971,-0.39786232678781613,Price,0.0319194083185233,Under $25K,66+,No kids < 18,Female
100249,2025,0.7760437120038948,-1.8291829788486866,0.992766766981772,-0.17459872508177351,1.4089486888281777,Convenience,0.4161819218464057,Under $25K,57-65,No kids < 18,Other or not stated
100762,2025,0.06695937075705397,0.17063355549281273,0.9793915800455311,-0.9054810710149959,0.5055431810201807,Digital,0.47384839902535036,Under $25K,18-24,Have kids < 18,Female
101895,2025,-0.12245091424107199,-0.9221537130930617,7.973087915491145e-4,-0.719037929937289,0.050124521924808346,Convenience,0.04932721313325923,$25K to $49K,37-56,No kids < 18,Female
200030,2021,0.9586625332073753,0.3785592467424152,-0.2351558825124676,0.3850496435254393,-0.39786232678781613,Price,0.5736128896819359,$25K to $49K,66+,No kids < 18,Male
201041,2021,-1.020404607087719,-0.5174988376813137,-0.21331765339597208,0.7545356702998236,-0.39786232678781613,Selection,0.9678533236957957,Under $25K,18-24,No kids < 18,Male
101131,2025,1.1335884653542194,0.8363729344920251,-0.230488942145453,0.016450756772942575,0.5055431810201807,Price,0.2972155308621943,$150K plus,37-56,Have kids < 18,Male
100543,2025,0.6397892687382319,0.16907907755714763,0.652859932211582,-0.7269070975908692,0.9535300297328052,Convenience,0.3006700975212232,$125K to $149K,25-36,No kids < 18,Male
100794,2025,-1.1953305392345632,-0.04863125923020033,-0.23673331853560137,0.012695157179364503,-0.3904305164050682,Selection,0.06132641640956483,$150K plus,57-65,No kids < 18,Female
101726,2025,-0.4665366731140172,-0.7157824997791242,0.11789544265376975,0.20070733229349944,1.4089486888281777,Convenience,1.2082413565346783,Under $25K,57-65,Have kids < 18,Male
200714,2021,1.1305696517753479,1.2734307953719934,-0.06265647440608679,0.7547562102617894,0.9609618401155531,Quality,0.1428611435966456,$25K to $49K,66+,No kids < 18,Male
100629,2025,0.06538291583849291,1.0439306836001132,0.10808566099057511,0.9441509223686944,0.9609618401155531,Quality,0.08296884348456013,$100K to $124K,25-36,Have kids < 18,Female
200199,2021,-0.24074278274547148,-1.8291829788486866,-0.22669284033221307,0.02329535590017705,-0.8532809858831885,Selection,0.24998819623239013,$50K to $74K,37-56,Have kids < 18,Female
200879,2021,0.597525571175925,0.16003031630243103,-0.7553984456510987,0.7493458409204001,1.4089486888281777,Convenience,0.6596028479077776,$100K to $124K,57-65,No kids < 18,Female
200340,2021,-0.47945473419307694,0.606136938437116,0.6345726005193546,0.1940832731282308,0.06498814269030417,Digital,0.028435662082238577,$50K to $74K,25-36,Have kids < 18,Male
200430,2021,0.774929383503321,-0.26834672546433513,-0.06954208056320763,-1.467313380925483,0.057556332307556246,Price,0.7173730511957648,$75K to $99K,18-24,Have kids < 18,Female
201031,2021,-0.6513618527610495,1.0439306836001132,-0.5886686007590923,-0.5403291522625797,-1.301267834595813,Quality,1.584259835862693,$50K to $74K,25-36,Have kids < 18,Male
101368,2025,-0.11831777216162664,-0.49666030144206474,0.813777778096271,0.7517189035212083,0.042692711542060446,Digital,0.06205887457506276,$150K plus,25-36,Have kids < 18,Male
101621,2025,-0.46874303155756913,0.5959016413882487,-0.9448518660621538,-0.17410332811089096,-0.39615658548144284,Quality,0.7700049694991398,$125K to $149K,37-56,Have kids < 18,Female
200966,2021,-0.30407808941523745,-0.7250565867894018,-0.7417925621746642,0.012474617217398653,-0.3904305164050682,Selection,0.3165527066326361,$50K to $74K,57-65,Have kids < 18,Other or not stated
101072,2025,-0.28711585638340364,-0.25522779829969866,0.48077105733198006,0.5705513275343078,-0.8532809858831885,Selection,0.08978027020232776,$75K to $99K,25-36,Have kids < 18,Female
100555,2025,-0.1259204404509389,1.2734307953719934,0.11298329789778336,-0.35289784149698333,0.050124521924808346,Quality,1.16044749747421,$50K to $74K,57-65,No kids < 18,Female
101829,2025,0.7805951050104009,-0.5065276563494175,0.27171149368992253,0.012695157179364503,0.057556332307556246,Price,0.5088836113204783,$100K to $124K,37-56,Have kids < 18,Female
100827,2025,-0.8261975641405696,-0.4808172469141481,0.46517720460563283,-1.2806496998858103,-0.39786232678781613,Digital,0.8630395313934489,$25K to $49K,25-36,No kids < 18,Female
201193,2021,0.42661009863726734,-1.151653824864942,-0.06977277710340127,0.7504221022398213,-0.8458491755004406,Selection,0.32381200360255397,$25K to $49K,18-24,Have kids < 18,Male
101985,2025,0.41325148807355105,-1.1506926148263523,-0.22780888327495954,1.1215628987620168,0.057556332307556246,Selection,0.7083114106884657,$50K to $74K,37-56,No kids < 18,Female
101838,2025,0.593752920960151,1.0439306836001132,0.9925360704415784,0.7506426422017871,0.057556332307556246,Quality,0.051394613158534774,$150K plus,37-56,No kids < 18,Female
100536,2025,-1.1876376501779269,-1.829550920990201,0.8222553281253038,-0.5331265846689209,-0.8458491755004406,Digital,1.3553819127942246,$50K to $74K,66+,Have kids < 18,Female
200845,2021,-0.46886571402882793,-0.5082247506710361,-0.2532125176645014,-0.729228467398602,0.5055431810201807,Convenience,0.7587556986846822,$75K to $99K,57-65,No kids < 18,Male
200664,2021,0.0484645582975856,1.0549018649320092,-0.07090332789492589,-0.7258825290645234,0.5055431810201807,Quality,0.5493586839118285,$125K to $149K,25-36,Have kids < 18,Female
100155,2025,1.3131884729788283,-0.7136347539463839,0.4558288160228254,-0.9107540118519266,0.5055431810201807,Price,0.8076452919586476,$25K to $49K,37-56,Have kids < 18,Female
200748,2021,-1.0137033640603978,1.0554951328290845,-1.9759740959078305,0.5675140207937267,0.9535300297328052,Quality,0.10196510309627926,$50K to $74K,37-56,Have kids < 18,Male
200996,2021,1.3168907630051903,-0.9331248944249577,-0.05973229890001295,-0.5476842972194569,-0.39786232678781613,Price,1.3766230619052031,$75K to $99K,18-24,Have kids < 18,Female
100323,2025,-0.2496641634377348,-0.04863125923020033,-0.7816874264431934,-0.5420954731602698,0.9535300297328052,Convenience,1.0021612889630056,$75K to $99K,57-65,No kids < 18,Female
101711,2025,-0.2974995288591749,0.08726057595747612,0.46761205908715453,-0.5453815531375447,0.9609618401155531,Convenience,0.49334978102839855,$75K to $99K,37-56,Have kids < 18,Female
100015,2025,-1.0187054696978994,-0.2889599359480231,0.8102268806720029,1.1219208672284409,0.9609618401155531,Selection,0.1609590271128878,$25K to $49K,25-36,Have kids < 18,Female
101799,2025,-0.8306338302259219,-0.49629235930055027,-0.769875167681308,-1.2795734385663893,-1.7492546833084375,Quality,0.27358280838075777,$75K to $99K,37-56,Have kids < 18,Male
200999,2021,-1.0141216149874586,0.6838416083771949,-0.25811015457170966,0.38339487377762815,-1.3086996449785608,Quality,0.3004467345995667,$125K to $149K,18-24,Have kids < 18,Female
100083,2025,0.4137022007045465,-0.04826331708868588,-0.2282702763553468,0.13973484016590276,0.4981113706374328,Convenience,0.08440916993288633,$75K to $99K,57-65,No kids < 18,Female
200561,2021,-1.191197397155118,0.37663682666523574,-0.5897846437018388,0.38020364428077114,-0.39786232678781613,Selection,0.0035668176155354003,$50K to $74K,18-24,Have kids < 18,Other or not stated
101944,2025,-1.3779493604380437,-0.059091882034628465,-0.2387212877855139,0.37985981414601594,0.5055431810201807,Convenience,0.12568336687416476,$150K plus,57-65,Have kids < 18,Male
101989,2025,0.4143658165741249,-0.04789537494717146,-1.3030460325245712,-0.08410519596365915,-0.39786232678781613,Price,0.46226119152129636,$50K to $74K,57-65,No kids < 18,Male
200673,2021,-0.46316753081781326,-0.03633092571820004,-0.42372395652096967,-0.1686929587695018,0.5055431810201807,Convenience,0.5418741067383808,$50K to $74K,57-65,No kids < 18,Male
101384,2025,-0.2931534835411466,0.8369662023891004,-0.23849059124532027,-0.9053436425105374,-0.3904305164050682,Quality,1.0754567936344206,$150K plus,25-36,Have kids < 18,Male
101575,2025,0.05806193243251957,0.4005016094062074,-0.6078412788538725,0.7520768719876324,-1.301267834595813,Selection,0.351575262581425,$25K to $49K,37-56,No kids < 18,Male
200059,2021,-0.7078290235987378,1.2734307953719934,-0.07580096480213414,0.5756894641206559,-0.8607127962659364,Quality,0.6977413312513375,$150K plus,37-56,No kids < 18,Female
201065,2021,0.5974353504086009,-1.3921251179687182,0.2402344893389284,0.1956549314185344,-0.40529413717056406,Price,0.3572008610696724,$25K to $49K,37-56,Have kids < 18,Male
101495,2025,-0.2931534835411466,0.3876080079971318,-0.20752016223743283,0.7599460396412128,-0.8532809858831885,Selection,0.37233803164408097,$75K to $99K,37-56,No kids < 18,Male
100832,2025,0.053679567173670076,0.3773727109482646,-0.4253013925441034,1.1202660974806298,0.057556332307556246,Selection,0.7428933865323653,$100K to $124K,66+,No kids < 18,Male
200081,2021,0.06852441188862324,0.3891624859327969,-1.10623110502723,1.125676466822019,-0.8458491755004406,Selection,0.736513980889222,$25K to $49K,57-65,No kids < 18,Male
101175,2025,0.23207502553038106,-0.5076314827739609,0.1107791399564553,-1.2807354355971934,0.057556332307556246,Price,0.12129588557392576,$25K to $49K,66+,No kids < 18,Male
100414,2025,-0.24658537709267758,0.8250338110186146,0.27327442186427814,-0.16654043613065955,1.3923793267563085,Convenience,0.5673455157376939,Under $25K,18-24,No kids < 18,Male
200629,2021,-0.4784192126728355,-0.26679224752867003,0.9976789117377585,-0.5403291522625797,0.057556332307556246,Digital,0.9401225794302022,$150K plus,18-24,Have kids < 18,Female
101818,2025,-0.6478923265511827,-0.04826331708868588,-0.17005124780895398,0.01680872523936674,0.9535300297328052,Convenience,0.9367213044934385,$75K to $99K,66+,No kids < 18,Male
100166,2025,-1.1923117256556917,1.2734307953719934,-0.9256791879673734,0.9400373543086921,0.9609618401155531,Quality,0.31246895525644036,$150K plus,66+,No kids < 18,Female
200746,2021,0.7723612825554449,-0.26656692177310914,-1.0977680628469755,0.00871901762382058,0.050124521924808346,Price,0.7222367606306366,$50K to $74K,57-65,Have kids < 18,Female
201110,2021,-1.1928526590540114,0.36603358747485404,-1.2901177308199392,0.1996310709740783,1.4089486888281777,Convenience,1.0429151013533238,$25K to $49K,66+,No kids < 18,Female
100615,2025,-0.11053466233766616,-0.7157824997791242,-0.24695363342557486,-0.17048515702177125,0.9609618401155531,Convenience,1.0714965024532193,$25K to $49K,66+,No kids < 18,Female
101015,2025,-0.4758949872158859,-0.7857636875989455,-0.39878171521181505,0.5653614981548845,-0.8532809858831885,Selection,0.9641432133666995,$50K to $74K,37-56,Have kids < 18,Male
200138,2021,0.06070884036072803,-1.3811539366368222,-0.38739449752548666,-0.9122739773491549,-0.3904305164050682,Price,0.4481033378862147,$50K to $74K,37-56,No kids < 18,Female
200926,2021,0.05769002678185655,-0.7151892318820489,0.285302869317579,0.1980620369376502,0.06498814269030417,Digital,0.08724083237992877,$100K to $124K,25-36,Have kids < 18,Female
200650,2021,-0.29737684638791606,-0.51905331561697865,-1.4688760231652465,-0.17258598686753815,0.9535300297328052,Convenience,1.1261160166003434,$75K to $99K,57-65,Have kids < 18,Male
101238,2025,-0.0285849093846635,0.1816047368247088,-0.7567306772852608,-0.3545526112447944,0.057556332307556246,Quality,0.12404840451715254,$75K to $99K,66+,No kids < 18,Male
200182,2021,1.1305696517753479,-0.48532117796865426,-0.41081016266511594,-0.7205578954345173,0.057556332307556246,Price,1.0730133194677915,$75K to $99K,66+,Have kids < 18,Male
100556,2025,-0.11930941819094164,0.3876080079971318,0.031551947359650986,-0.17258598686753815,0.5055431810201807,Convenience,0.1179351730230489,$25K to $49K,37-56,Have kids < 18,Female
200369,2021,0.9545293911279299,-0.7032568405115631,-0.5777561962485379,0.019181787840174835,0.5146807327093019,Price,0.43984865841862797,$25K to $49K,57-65,No kids < 18,Female
201153,2021,0.6015360307841114,-0.04789537494717146,0.8186899228522575,0.7545356702998236,0.9535300297328052,Convenience,0.1348401068805477,$25K to $49K,18-24,Have kids < 18,Male
101212,2025,-0.647351393152863,-0.7157824997791242,0.45203271420958546,0.7547562102617894,-0.8458491755004406,Selection,0.30272349605220394,$75K to $99K,37-56,Have kids < 18,Female
200965,2021,0.41870430634204797,-0.48435996793006447,-0.7600798938668916,0.009743586150166416,0.9535300297328052,Convenience,0.5348257233907572,$75K to $99K,66+,No kids < 18,Male
100635,2025,-1.0181645362995797,-0.49666030144206474,0.6345726005193546,0.19632153147845605,-1.293836024213065,Digital,0.43825106904089856,$100K to $124K,18-24,Have kids < 18,Female
200601,2021,-0.024208768236673867,-0.25582106619677397,-0.9225751757747144,0.38339487377762815,-0.40529413717056406,Selection,0.407603642014302,Under $25K,37-56,No kids < 18,Female
101056,2025,0.07154322546749473,-0.7257924710724306,0.652859932211582,0.5678202964670755,0.057556332307556246,Digital,0.08503963574450646,$125K to $149K,57-65,No kids < 18,Other or not stated
200341,2021,1.1345801113835343,-0.27835669675764146,-0.23159047723942133,0.19941053101211248,-0.8458491755004406,Price,0.9351695803714218,$75K to $99K,37-56,Have kids < 18,Female
101709,2025,-0.3016002092346855,-0.2661989796315947,-0.572627862801136,0.9414715840945374,-0.40529413717056406,Selection,1.207670563726132,$25K to $49K,37-56,No kids < 18,Male
100797,2025,0.23219770800163994,-0.4847279100715789,-0.22534610084927292,0.5701933590678837,0.057556332307556246,Selection,0.33799565106624374,$75K to $99K,66+,No kids < 18,Female
200940,2021,0.5942938543584705,0.15943704840535572,1.338701789450695,0.384912215020981,-0.40529413717056406,Digital,0.7444079350922245,$25K to $49K,25-36,Have kids < 18,Female
100175,2025,0.7796034589810859,-0.04826331708868588,0.7968516937357619,1.3072020112753435,0.9609618401155531,Selection,0.34624017115979044,$75K to $99K,37-56,Have kids < 18,Female
100246,2025,-0.6592676450562689,0.6180693298076018,0.6428194540081937,-0.17562329360811932,0.9609618401155531,Convenience,0.31814238610735934,$50K to $74K,37-56,No kids < 18,Female
101081,2025,1.1382625408319842,0.38953042807431126,0.9843037248015175,-0.0752671686490137,-0.8458491755004406,Price,0.15395881603046668,Under $25K,37-56,Have kids < 18,Male
101655,2025,-0.6514845352323084,0.8259950210572042,-0.5773093110169288,-1.0936620932980212,0.5055431810201807,Quality,0.32045184003702354,$125K to $149K,66+,No kids < 18,Male
201150,2021,-0.6472287106816043,0.17063355549281273,-1.1028963962943774,-0.9133502386685761,0.9535300297328052,Convenience,0.7828964742399924,$50K to $74K,57-65,Have kids < 18,Female
100145,2025,-0.25248229474102446,0.5959016413882487,0.9892013617087257,-0.354469499787287,-0.8458491755004406,Digital,0.393299720320477,$75K to $99K,37-56,No kids < 18,Female
100146,2025,-0.12124636497317401,0.37759803670382547,0.0271607316859358,1.125676466822019,1.4089486888281777,Convenience,0.28327222200615876,$25K to $49K,18-24,No kids < 18,Male
100091,2025,-0.4671000639027615,1.0439306836001132,-1.2720756035166836,-0.5347813544167321,-0.8458491755004406,Quality,1.5110307475028746,$125K to $149K,37-56,Have kids < 18,Female
100683,2025,-1.5503071916370117,-0.2781313710020806,-0.06576048659874584,0.5715758960606536,-0.8458491755004406,Selection,0.6373363826593994,$125K to $149K,37-56,Have kids < 18,Female
100311,2025,-0.4697346775868841,1.0545339227904948,0.12747452777677082,0.9366397231815382,0.9535300297328052,Quality,0.10100389305768964,$150K plus,57-65,No kids < 18,Male
100094,2025,0.05504311885364813,-0.9343114302191085,0.1330787621533381,0.7535111017734777,-1.3086996449785608,Selection,0.6204323396201396,Under $25K,25-36,No kids < 18,Male
200817,2021,-0.24656681321204488,-0.7145959639849736,-0.24609621496718698,-0.17156141834119237,0.5055431810201807,Convenience,0.6771045993613731,$25K to $49K,37-56,No kids < 18,Male
101957,2025,0.07352651752612473,-0.49666030144206474,-0.049050590929652194,0.013719725705710317,-0.8384173651176927,Price,0.05980679182041441,$50K to $74K,18-24,Have kids < 18,Male
100925,2025,-0.4801924304566307,0.38856921803572153,0.8937017255252636,0.567153696407154,-0.8458491755004406,Digital,0.32654802911810965,$125K to $149K,25-36,Have kids < 18,Male
200922,2021,-0.11831777216162664,0.3779659788453399,0.28975362099317814,0.5719338645270778,0.050124521924808346,Selection,0.19396788568173795,$150K plus,18-24,Have kids < 18,Male
101910,2025,-0.4729663944043386,-0.04730210705009612,-1.6349367103461157,0.7561904400476347,-0.8532809858831885,Selection,0.8034925470977308,$75K to $99K,66+,Have kids < 18,Female
101036,2025,0.7770353580332098,0.617108119769012,-0.23650262199540772,-0.5412679850775424,-0.8458491755004406,Price,0.15992723826419775,$50K to $74K,66+,Have kids < 18,Female
101401,2025,0.873187990320245,0.38953042807431126,-0.7529490833207989,-0.3513805002536305,0.5055431810201807,Price,0.36764480930006427,$25K to $49K,57-65,Have kids < 18,Male
200292,2021,-0.2906756033605947,0.15870116412232688,-0.5666141829511813,-0.5440847518561578,0.050124521924808346,Quality,0.10857664219751853,$75K to $99K,57-65,No kids < 18,Female
101501,2025,0.6021094258863657,0.8250338110186146,0.11456073392091708,0.37922961292455065,0.042692711542060446,Quality,0.22292438513224888,$25K to $49K,37-56,Have kids < 18,Female
200263,2021,0.7754703169016405,-0.7257924710724306,-0.5906699901043916,0.38231861245820703,0.9609618401155531,Convenience,0.1854915232139126,$50K to $74K,57-65,Have kids < 18,Female
101469,2025,0.2464691576143388,-0.0488565849857612,1.338701789450695,-0.1697692200889229,0.5055431810201807,Digital,0.8331586084305143,$150K plus,57-65,No kids < 18,Female
100999,2025,-0.3003956599667876,-0.05886655627906753,0.8233713710680503,1.1219208672284409,-1.7566864936911855,Selection,0.2985494961603906,$75K to $99K,25-36,Have kids < 18,Male
100854,2025,-0.11921919742361753,-0.7145959639849736,-0.03947150580665114,-0.17280652682950404,0.9535300297328052,Convenience,0.9930015355394564,$75K to $99K,37-56,Have kids < 18,Female
200474,2021,0.589291748720969,0.6074660906172201,-0.572627862801136,-1.4649920111177503,0.057556332307556246,Quality,0.01817434189625111,$25K to $49K,37-56,No kids < 18,Male
200205,2021,0.2392269811886979,-0.28859199380650874,0.46271442217994624,-1.0951480158769418,0.06498814269030417,Digital,0.22348744099124834,$25K to $49K,37-56,Have kids < 18,Male
101143,2025,-0.3015099884673614,0.6080593585142955,0.10276298300780987,0.1499475408714192,-0.8607127962659364,Quality,0.4581118176428763,$125K to $149K,25-36,Have kids < 18,Female
101144,2025,0.06417836657059496,0.8250338110186146,-0.929705986320807,0.020206356366520628,0.5055431810201807,Quality,0.3194906299984339,$50K to $74K,66+,No kids < 18,Male
200275,2021,0.0679834784903037,0.15810789622525157,-0.7578612280767855,-0.5385886468033855,0.9535300297328052,Convenience,0.7954221335075536,$75K to $99K,66+,Have kids < 18,Female
200049,2021,0.9556437196285038,-0.9440960757568538,0.13127062959001076,0.007064247876009466,-0.8458491755004406,Price,0.824373090038493,Under $25K,18-24,Have kids < 18,Female
100402,2025,0.593752920960151,-0.2677534575672598,-0.7551677491109051,0.8375025136926122,-0.39786232678781613,Selection,0.24374959273246122,$50K to $74K,37-56,No kids < 18,Male
101104,2025,-0.23826314660966663,-0.4959244171590359,0.4411068896036443,-1.2775607003521539,0.5129749914029287,Convenience,0.07186810179928438,Under $25K,37-56,No kids < 18,Female
100085,2025,1.1345801113835343,-1.1135603960420304,-0.41549161088090875,-0.16667786463511783,-0.8458491755004406,Price,1.3012579760186522,Under $25K,18-24,Have kids < 18,Male
200211,2021,0.9479508305718674,0.6186625977046771,0.12257689086956255,-0.5358576157361532,0.9535300297328052,Convenience,0.005579199160937853,$50K to $74K,37-56,Have kids < 18,Male
201068,2021,-0.6560359282388144,-0.27680221882197636,-0.24141476675139414,-0.3636354687222542,0.5055431810201807,Convenience,0.7469579477715749,$150K plus,37-56,No kids < 18,Male
100115,2025,-0.3045288020462329,0.38893716017723595,0.8220246315851102,0.19422070163268912,0.06498814269030417,Digital,0.43308747140787424,$25K to $49K,25-36,No kids < 18,Male
200719,2021,0.5933022083291555,0.3985791893290279,0.09763464956040796,1.125676466822019,-0.8384173651176927,Selection,0.5323742584928635,Under $25K,25-36,Have kids < 18,Male
201187,2021,0.060045224491149615,-0.49629235930055027,-0.5625873845977477,0.5692545262529208,0.9609618401155531,Convenience,0.39170731386263224,Under $25K,25-36,Have kids < 18,Male
101586,2025,-1.010233837850531,-0.506895598490932,0.8151245175792112,-0.16753358599257318,-0.8458491755004406,Digital,0.9826581035717844,$25K to $49K,37-56,Have kids < 18,Male
101568,2025,-1.006461187634757,-0.2673855154257454,0.7968516937357619,-0.5335362459284205,-0.3904305164050682,Digital,1.0642372091615073,Under $25K,57-65,No kids < 18,Male
101502,2025,0.7765846454022144,-0.26679224752867003,-0.055950704935551175,-0.719123665648672,-0.3904305164050682,Price,0.8325353503377656,Under $25K,37-56,Have kids < 18,Female
101661,2025,0.594744566989466,1.0439306836001132,-0.2233581315993604,-0.1659619277022695,0.5055431810201807,Quality,0.4491861166106472,$50K to $74K,25-36,Have kids < 18,Male
101557,2025,0.061282235462982323,1.0439306836001132,-0.9535456047826019,-0.5375981211953473,0.5055431810201807,Quality,0.5383875025799325,$100K to $124K,37-56,Have kids < 18,Female
200008,2021,-0.1177768387633071,-0.05923449842058197,0.2768398271373244,-0.17763838774250323,-1.7492546833084375,Digital,0.3360743255579064,$125K to $149K,18-24,Have kids < 18,Female
100626,2025,0.4143658165741249,1.0439306836001132,0.12081961815984363,0.01434992692717566,-0.3904305164050682,Quality,0.6295648670259884,$50K to $74K,18-24,Have kids < 18,Female
101886,2025,0.42094437713018745,0.6065048805786304,-1.0999867286370817,0.7493458409204001,0.9535300297328052,Convenience,0.20418418881240508,Under $25K,25-36,Have kids < 18,Female
101867,2025,0.775921029532636,-0.04826331708868588,0.12635848483402434,-0.3639934371886784,0.9535300297328052,Convenience,0.17760900020016923,$75K to $99K,37-56,Have kids < 18,Female
100953,2025,-0.12203266331401127,0.37759803670382547,0.2848559840859699,0.3812423511387859,-0.40529413717056406,Selection,0.0036443144349604384,$25K to $49K,25-36,No kids < 18,Male
200307,2021,-0.4872703057209722,-0.4976215114806545,-0.8299187601053062,0.7545356702998236,0.9535300297328052,Convenience,0.1989943594329816,$75K to $99K,37-56,Have kids < 18,Female
100625,2025,0.238325555926707,-0.48435996793006447,0.10966309701370885,0.38742270612624746,-0.39786232678781613,Selection,0.14909715019954045,$150K plus,37-56,Have kids < 18,Male
100235,2025,0.4138248831758054,-0.2677534575672598,-0.5944660919176316,0.3782050443982048,-1.7566864936911855,Price,0.03561983877760061,$75K to $99K,37-56,Have kids < 18,Male
200184,2021,0.06786079601904484,0.8144305718282329,0.10586699520046891,0.5654989266593428,0.5129749914029287,Quality,0.2489316451688901,$150K plus,18-24,Have kids < 18,Female
200665,2021,0.23964523211575858,-0.737356920301402,0.2739156516312506,0.38182321548732456,-0.39786232678781613,Selection,0.10790756385607397,$50K to $74K,37-56,No kids < 18,Female
200035,2021,-1.0058877925325027,0.8144305718282329,-0.2251154043090793,0.3795018456795918,0.057556332307556246,Quality,0.4349287261486411,$75K to $99K,66+,No kids < 18,Male
101827,2025,-0.6524761812616234,0.5849304600563526,0.10141624352486972,0.20338667056765639,0.5129749914029287,Quality,0.07195546865342395,$75K to $99K,18-24,Have kids < 18,Female
201023,2021,1.3131884729788283,-0.04730210705009612,0.29466576574916453,0.3893837515474074,0.050124521924808346,Price,0.9238047214314209,$25K to $49K,57-65,Have kids < 18,Male
200641,2021,1.1305696517753479,-1.161295854016734,-0.4192732048453705,-0.726549129124445,0.9535300297328052,Price,0.17703962204254264,Under $25K,66+,Have kids < 18,Female
101315,2025,-0.1249287944216239,0.158475838366766,-0.19050086439355013,-0.06589016826420963,0.5055431810201807,Convenience,0.3470673426534147,$150K plus,37-56,No kids < 18,Male
101526,2025,-0.12277894440080858,-0.7151892318820489,0.28040523241037074,0.3782050443982048,-2.1915154629446874,Selection,0.09779981198783405,$50K to $74K,37-56,Have kids < 18,Male
101563,2025,0.2408822430875913,1.2734307953719934,0.027383561443585128,-0.5376498139884227,-0.40529413717056406,Quality,1.0325485522844022,$75K to $99K,25-36,Have kids < 18,Female
101753,2025,0.594744566989466,-0.07102427340511427,0.6481784839957893,-0.9073563807247728,0.050124521924808346,Digital,0.05343391700632327,$75K to $99K,37-56,Have kids < 18,Female
101606,2025,0.23877626855770245,-0.2773954867190517,-0.23650262199540772,0.38088438267236174,-0.3904305164050682,Selection,0.1421081141146593,$75K to $99K,37-56,Have kids < 18,Male
100344,2025,0.05723931415086111,-0.4965176850561112,-1.9759740959078305,0.013771418498785626,0.057556332307556246,Convenience,3.170181566951383e-4,$25K to $49K,66+,No kids < 18,Female
201163,2021,0.7723612825554449,-0.49569909140347496,-1.2885548026455838,0.5638441569115317,0.9609618401155531,Convenience,0.18860055756010818,$25K to $49K,37-56,Have kids < 18,Female
200342,2021,-0.1181048689230437,0.1816047368247088,-0.22646214379201945,0.3821811839537487,-1.301267834595813,Selection,0.20057644712903994,$75K to $99K,18-24,Have kids < 18,Female
200413,2021,-0.48110999609197036,1.0545339227904948,-0.07445422531919403,-0.5372401527289232,-0.8532809858831885,Quality,1.1289881481096888,$75K to $99K,18-24,Have kids < 18,Male
200227,2021,0.4230503516600763,-0.05827328838199221,-0.25163508164136766,-0.7279833589102904,0.5055431810201807,Convenience,0.08249282936010438,$75K to $99K,57-65,No kids < 18,Female
200708,2021,0.5974353504086009,-0.27835669675764146,0.8053147359160164,0.3751160448645484,-0.8607127962659364,Digital,0.20787938550741558,$75K to $99K,18-24,No kids < 18,Female
100997,2025,0.5904060772215429,-0.26642430538715567,-0.21688305866901836,0.38088438267236174,-0.39786232678781613,Price,0.20952169454918118,Under $25K,66+,Have kids < 18,Female
200063,2021,-1.0094800012136285,0.37700476880675016,-0.05951611020859747,0.5681782649334998,0.9535300297328052,Convenience,0.38535176479930544,$75K to $99K,66+,No kids < 18,Male
101111,2025,-0.6519352478633038,-0.0488565849857612,-0.9370664056537018,-0.3513805002536305,0.050124521924808346,Convenience,0.09898110691056955,$50K to $74K,57-65,No kids < 18,Male
200214,2021,-0.659054741817686,1.0545339227904948,-0.04681850504415928,-0.17446129657731513,1.4089486888281777,Convenience,0.35441476603768285,$125K to $149K,37-56,Have kids < 18,Other or not stated
101360,2025,-0.29381709941072504,-0.48532117796865426,-0.5846563102544369,0.5730101258464989,-1.7492546833084375,Selection,0.866827225257224,$50K to $74K,37-56,Have kids < 18,Female
200108,2021,-0.8372448524859192,-0.2893278780895375,-0.0802517164777333,1.3072020112753435,0.050124521924808346,Selection,1.2570774893505352,Under $25K,25-36,Have kids < 18,Male
100710,2025,-0.11822755139430254,0.6070981484757058,0.2766091305971308,0.007147359333516979,-0.39786232678781613,Quality,0.33048901787857493,$125K to $149K,37-56,Have kids < 18,Female
101879,2025,0.7800541716120812,0.1800502588890437,0.22055749179766315,0.199000869752613,0.050124521924808346,Price,0.5594966798144181,$75K to $99K,37-56,No kids < 18,Female
200725,2021,-1.3666967244042163,-0.2883666680509478,-0.05483466199280468,-1.4739799029145557,-0.3904305164050682,Digital,0.23353200605814312,$100K to $124K,57-65,No kids < 18,Male
101379,2025,-0.297589749626499,-0.7267536811110203,0.265452609450996,0.3791438772131676,-0.8532809858831885,Selection,0.11369126776217159,$125K to $149K,25-36,Have kids < 18,Female
100425,2025,0.05615744735422199,0.9911233707911549,0.47608960911618725,0.5715758960606536,0.057556332307556246,Quality,0.41954747473050125,$25K to $49K,37-56,Have kids < 18,Female
100293,2025,0.592761274930836,-0.9427669235767497,-0.3927535275130822,-0.16753358599257318,0.9535300297328052,Convenience,0.36076875480196924,$100K to $124K,66+,No kids < 18,Male
101066,2025,0.24345034403546734,0.3779659788453399,-0.7652082273142935,0.19256593188487797,0.050124521924808346,Quality,0.13451563480987255,$50K to $74K,37-56,No kids < 18,Male
200378,2021,-0.46874303155756913,0.17063355549281273,-1.1229410006963236,-0.9134333501260836,1.4089486888281777,Convenience,1.238315133335365,$75K to $99K,57-65,No kids < 18,Male
101639,2025,1.3131884729788283,0.606136938437116,-0.41904250830517686,1.3072020112753435,0.9535300297328052,Price,0.005986461703484824,$75K to $99K,37-56,Have kids < 18,Male
200478,2021,0.4117977156262489,-0.04826331708868588,0.1011855469846761,0.5651409581929187,-0.8458491755004406,Selection,0.15334324256666976,$75K to $99K,37-56,No kids < 18,Female
101013,2025,-0.3015099884673614,-0.25522779829969866,-0.5844256137142433,0.3893837515474074,0.5129749914029287,Convenience,0.12359123985552128,$25K to $49K,66+,No kids < 18,Male
200128,2021,-0.4806592834609749,0.8363729344920251,0.28039072456159253,-0.17280652682950404,-0.39786232678781613,Quality,0.5559822099304326,$75K to $99K,37-56,No kids < 18,Female
101718,2025,0.06686914998972984,0.8363729344920251,-0.04280621453950382,-0.5421237064349977,0.5129749914029287,Quality,0.3233979430890964,$50K to $74K,37-56,Have kids < 18,Male
100938,2025,-0.4764359206142055,0.6178440040520409,0.12614229614260888,0.6188689525789428,0.9609618401155531,Convenience,0.34209288753661027,$75K to $99K,18-24,Have kids < 18,Female
100835,2025,-0.2984911748884899,-0.07043100550803895,-0.9308220292635534,1.1202660974806298,-0.8458491755004406,Selection,1.1906971029886688,$150K plus,66+,No kids < 18,Male
200798,2021,-0.4768866332452009,0.16003031630243103,-0.7433699981977979,-0.3546900397492528,0.050124521924808346,Quality,0.10990579437762268,$125K to $149K,25-36,No kids < 18,Female
100255,2025,0.6098023149430021,-0.29933784938284386,-0.04280621453950382,0.5694750662148867,0.9535300297328052,Convenience,0.34372771478980313,$75K to $99K,66+,No kids < 18,Male
101483,2025,0.240308847985337,-0.46717018418232514,0.26703004547412973,-0.3533075027564828,-0.39786232678781613,Digital,0.02672119748879273,Under $25K,25-36,Have kids < 18,Female
201159,2021,0.2435730265067262,-0.4850958522130933,-0.4081166836992357,-0.9057016109769617,-0.8458491755004406,Price,0.6516897102059619,$75K to $99K,25-36,Have kids < 18,Female
101408,2025,-0.4647325719493826,-0.49569909140347496,-1.6313858129218477,-0.7212244954944389,0.9609618401155531,Convenience,1.4256944120649357,$125K to $149K,57-65,No kids < 18,Female
201092,2021,0.24278672816588892,0.38856921803572153,-0.9609071118688881,0.01479598702513144,0.5055431810201807,Convenience,0.11697396298445917,$25K to $49K,66+,Have kids < 18,Male
200185,2021,-0.12703476895151278,0.14846586707345963,0.4457883378194371,0.7510006106682113,0.06498814269030417,Selection,0.3052122728487742,$75K to $99K,25-36,Have kids < 18,Female
100724,2025,-0.48044638022239194,0.8250338110186146,0.2705809428983979,0.5715758960606536,-0.8458491755004406,Quality,0.253457914957961,$50K to $74K,18-24,Have kids < 18,Female
100970,2025,-0.4821016421212854,1.0554951328290845,-0.5844256137142433,0.5732306658084648,0.5055431810201807,Quality,0.48226446702061965,$150K plus,37-56,Have kids < 18,Male
100497,2025,0.9539884577296104,-0.04826331708868588,0.8053147359160164,-0.1731644952959282,-1.301267834595813,Price,0.14867372181359395,$50K to $74K,18-24,Have kids < 18,Female
100951,2025,-0.8376631034129799,0.4086799906252783,0.11947287867690351,-0.3570631023500609,0.057556332307556246,Quality,0.2892071119483748,$50K to $74K,57-65,No kids < 18,Male
100806,2025,0.7807177874816597,-0.7248312610338408,1.1679596540540331,0.20065563950042414,-0.39786232678781613,Digital,0.38724186657237347,$25K to $49K,18-24,Have kids < 18,Female
101830,2025,-0.28612421035408864,-0.26679224752867003,-0.9455294478339564,0.39010204440040436,0.9535300297328052,Convenience,0.5634279853324009,$25K to $49K,66+,No kids < 18,Male
200178,2021,0.5942938543584705,-0.049817795024350964,-0.7734550808031325,0.3887228463962286,0.5129749914029287,Price,0.0813188629555418,$50K to $74K,25-36,Have kids < 18,Male
101740,2025,-0.4768866332452009,-0.26679224752867003,0.6530906287517756,0.39313935114098547,0.5055431810201807,Digital,0.1475474477315949,$50K to $74K,37-56,Have kids < 18,Female
100338,2025,0.4188269888133069,1.0549018649320092,0.8001864024686146,-0.17191938680761656,-0.39786232678781613,Quality,0.2547154624633946,$25K to $49K,18-24,Have kids < 18,Female
100731,2025,0.5974353504086009,-2.266015513973094,0.4404280408956708,0.20043509953845828,0.5129749914029287,Price,0.08446035900567217,$25K to $49K,66+,No kids < 18,Male
100609,2025,-0.8335299613335345,0.3872400658556174,-0.5813216015215842,-1.4604687817982485,-0.3904305164050682,Quality,0.7776705822606855,$150K plus,66+,No kids < 18,Female
101149,2025,-1.0177138236685843,1.0545339227904948,-0.6004942796163645,0.012388881506015647,0.050124521924808346,Quality,1.0044094008656865,$150K plus,25-36,No kids < 18,Male
200244,2021,0.2408822430875913,-0.03633092571820004,0.02828742800247218,0.008140509195430624,-0.8532809858831885,Price,0.21259481508511913,$25K to $49K,57-65,No kids < 18,Male
101714,2025,-0.11574967121375061,-0.49569909140347496,0.4687426098786791,-0.17213992676958234,0.9535300297328052,Convenience,0.4847874198541261,$75K to $99K,25-36,Have kids < 18,Female
201173,2021,0.7713696365261299,-0.26834672546433513,-0.2449656641756623,-0.5369338770555744,1.4089486888281777,Convenience,0.6375790523020478,Under $25K,25-36,Have kids < 18,Male
100910,2025,-0.4790040215620815,0.6070981484757058,-0.23784936147834781,0.936281754715114,-0.39786232678781613,Selection,0.32918360623940823,$100K to $124K,37-56,No kids < 18,Male
200633,2021,0.19961507454618788,1.0545339227904948,0.2801745358701771,0.5634861884451074,-2.20467334240381,Quality,0.4910477343453874,$100K to $124K,37-56,No kids < 18,Male
200152,2021,-0.3015099884673614,-0.49725356933914006,-0.4101325808933133,-0.31035360698617154,-0.39786232678781613,Price,0.008843618518810159,$25K to $49K,57-65,No kids < 18,Male
200011,2021,0.41424313410286606,-0.04789537494717146,0.11298329789778336,0.012337188712940306,-1.301267834595813,Price,0.3012598362050827,$25K to $49K,25-36,Have kids < 18,Male
200492,2021,-0.11463534271317675,0.6174760619105265,0.25118533846805413,0.9400373543086921,1.4089486888281777,Convenience,0.46891133451948563,$75K to $99K,66+,Have kids < 18,Male
101811,2025,-1.0058877925325027,0.39917245722610323,0.4694092516449653,0.5688965577864967,-0.39786232678781613,Selection,0.09948730614153145,$150K plus,25-36,Have kids < 18,Male
101995,2025,-0.11164899083824001,-0.0488565849857612,1.338701789450695,0.19971680668546132,-0.8384173651176927,Digital,1.1389849827652336,$25K to $49K,37-56,Have kids < 18,Other or not stated
100720,2025,-0.8297573111177605,0.6190305398461915,-0.40053898792153403,-0.35535663980917437,-0.39786232678781613,Quality,0.9743871796553658,$25K to $49K,66+,No kids < 18,Male
200825,2021,-0.8304209269873389,-0.04767004919161055,0.8173431833693173,-0.35974244062421784,1.4089486888281777,Convenience,0.5916055054588604,$50K to $74K,37-56,No kids < 18,Male
101570,2025,0.06484198244017335,-0.0488565849857612,-1.1097965103002763,-0.5372918455219986,0.5055431810201807,Convenience,0.44070119858000734,$50K to $74K,66+,No kids < 18,Male
200276,2021,0.9545293911279299,0.8250338110186146,1.338701789450695,0.6148306234357577,0.4981113706374328,Digital,0.38417239832276506,$75K to $99K,18-24,Have kids < 18,Male
100435,2025,1.1382625408319842,-0.5091859607096259,0.8137922859450493,0.570909296000732,-0.3904305164050682,Price,0.32447025488693493,Under $25K,18-24,Have kids < 18,Male
101300,2025,-0.30084637259778296,-0.7148212897405345,-0.7471515921622597,0.3828971208865971,-0.39786232678781613,Selection,0.68374349348438,$75K to $99K,66+,No kids < 18,Female
200175,2021,0.4143658165741249,0.8250338110186146,-1.4595276345824393,0.19976849947853664,0.9609618401155531,Convenience,0.13592802909693846,$25K to $49K,25-36,Have kids < 18,Female
100406,2025,1.1305696517753479,-0.2773954867190517,0.6432808470885809,0.9360612147531482,0.050124521924808346,Price,0.19450843702219967,$125K to $149K,25-36,Have kids < 18,Female
200824,2021,0.7765846454022144,-0.7138600797019448,-0.23047443429667486,0.1980620369376502,-0.8458491755004406,Price,0.5785226084645642,$25K to $49K,25-36,Have kids < 18,Male
100822,2025,-0.12290162687206742,-0.04922452712727564,0.1107791399564553,-1.2834664666644255,-0.8532809858831885,Digital,0.16000366708373093,$50K to $74K,57-65,No kids < 18,Female
200760,2021,0.060167906962408466,0.3882012758942071,-0.04303691107969746,-0.36255920740283315,-0.39786232678781613,Quality,0.32803336893179863,$100K to $124K,37-56,Have kids < 18,Female
101790,2025,0.7800541716120812,0.6838416083771949,0.2752623911141907,-1.2789432373449239,0.9609618401155531,Convenience,0.18090766850347184,$25K to $49K,66+,No kids < 18,Female
201094,2021,0.775921029532636,0.16003031630243103,-0.22312743505916677,0.5634861884451074,0.9535300297328052,Convenience,0.17760900020016923,$50K to $74K,37-56,Have kids < 18,Male
200352,2021,-0.6591774242889448,1.0549018649320092,0.1112260251880644,-0.17531701793477042,0.057556332307556246,Quality,0.9436758397439449,$100K to $124K,37-56,No kids < 18,Female
200316,2021,-0.6570275742681295,-0.058498614137553126,-0.2529818211243078,0.37878355282659487,1.4089486888281777,Convenience,1.0301651360015829,$50K to $74K,25-36,No kids < 18,Male
101859,2025,0.41424313410286606,0.14846586707345963,-0.41503021780052146,0.20043509953845828,0.5055431810201807,Convenience,0.09130004691731464,$75K to $99K,25-36,Have kids < 18,Male
101558,2025,-0.47544427458489047,-0.9334928365664722,-0.4105794661249223,-1.0924169848097096,0.06498814269030417,Convenience,0.4755676088152265,$25K to $49K,37-56,Have kids < 18,Female
100546,2025,0.06471929996891453,0.17040822973725178,0.13238667253275724,0.383615413739594,0.9535300297328052,Convenience,0.5699146159932111,$50K to $74K,57-65,No kids < 18,Female
100213,2025,0.2439912774337869,-0.9458758794480798,-0.9225751757747144,-0.7240072193547465,-0.8458491755004406,Price,0.9679984967885334,Under $25K,57-65,No kids < 18,Female
100897,2025,1.0930669202223284,0.37759803670382547,1.1679596540540331,0.20208986928626943,-0.8458491755004406,Digital,0.0748927338317047,$75K to $99K,37-56,Have kids < 18,Female
101942,2025,-1.189498259765298,0.3779659788453399,-0.23960663418806682,-0.5383164140483443,0.5055431810201807,Convenience,0.1275772021748408,$100K to $124K,57-65,No kids < 18,Female
101892,2025,0.41837627618231144,-0.08140218683993503,-0.2333986098027487,0.1979763012262672,1.4089486888281777,Convenience,0.9905724126458663,Under $25K,66+,No kids < 18,Male
100917,2025,0.06137245623030644,0.39821124718751344,-0.43353373818416435,-0.7245857277831366,-0.39786232678781613,Quality,0.336838790957207,$50K to $74K,37-56,Have kids < 18,Female
200724,2021,0.7770353580332098,0.1816047368247088,-0.5813216015215842,0.5701933590678837,0.9535300297328052,Convenience,0.17649467169959543,$100K to $124K,25-36,Have kids < 18,Male
101290,2025,0.7729022159537644,-0.7132668118048695,0.3033595044696128,0.7491253009584343,0.057556332307556246,Price,0.02377691499533008,$25K to $49K,57-65,No kids < 18,Male
100815,2025,-0.11421709178611605,-0.2773954867190517,0.261242712463036,0.5640646968734975,0.5055431810201807,Selection,0.058521515853316775,$75K to $99K,66+,No kids < 18,Male
101266,2025,0.05157359264378121,-0.501560097983683,0.24672858187674623,-0.17402021665338346,0.050124521924808346,Digital,0.19515498923296504,$25K to $49K,18-24,Have kids < 18,Other or not stated
100343,2025,0.42292766918881747,-0.9549246407027964,-0.5848870067946305,0.3873710133331721,0.9609618401155531,Convenience,0.5380341709267356,Under $25K,57-65,No kids < 18,Male
200598,2021,-1.1917707922573721,-0.9446893436539292,-0.055950704935551175,0.7547562102617894,-0.8532809858831885,Selection,0.8107069151973406,$125K to $149K,66+,Have kids < 18,Male
101411,2025,0.4148165292051204,-0.7835619297106533,0.1107791399564553,0.5634861884451074,-1.301267834595813,Selection,0.14866965923998704,Under $25K,66+,No kids < 18,Female
101215,2025,0.42453658581131326,-0.059091882034628465,-0.5860030497373769,-0.35714883806144393,0.9609618401155531,Convenience,0.5364252543042398,$25K to $49K,25-36,No kids < 18,Male
100967,2025,-0.30564313054680675,0.1700402875957374,0.6392540487351474,-0.1688303872739601,0.9535300297328052,Convenience,0.31427598099765786,$50K to $74K,57-65,No kids < 18,Female
101231,2025,0.5963210219080269,-0.49569909140347496,-1.4510500845534064,0.7551141787282135,0.9609618401155531,Convenience,0.20584766138733956,$50K to $74K,57-65,No kids < 18,Male
200344,2021,-1.1921890431844329,-0.47412467088119725,-1.4604129809849922,0.19690003990684607,0.9535300297328052,Convenience,0.7566299898259592,$100K to $124K,66+,Have kids < 18,Male
100696,2025,0.7847282470898462,-0.7267536811110203,-0.057528140958684915,-0.717741128655902,0.050124521924808346,Price,0.7346037251650379,Under $25K,57-65,Have kids < 18,Male
200122,2021,-0.12190998084275242,-0.04752743280565706,-0.39855101867162146,0.5624099271256864,0.9609618401155531,Convenience,0.3985519129898667,$50K to $74K,18-24,Have kids < 18,Male
100606,2025,0.9519612901800538,-0.04944985288283654,0.4629451187201399,-0.16775412595453898,0.057556332307556246,Price,0.48901617145991394,$25K to $49K,37-56,Have kids < 18,Male
100105,2025,0.7842775344588507,-0.03633092571820004,-0.7480514464135908,0.38772898179959625,0.9609618401155531,Convenience,0.17668430565670235,Under $25K,25-36,Have kids < 18,Female
100646,2025,-0.3003956599667876,-0.726160413213945,0.639484745275341,0.19162709906991518,0.9609618401155531,Convenience,0.32147709484021203,$75K to $99K,37-56,No kids < 18,Other or not stated
101405,2025,0.5907341073812794,-0.7848435430954397,0.8267060798009029,-0.9040985340222258,-0.8532809858831885,Digital,0.23597197241962353,$50K to $74K,37-56,Have kids < 18,Female
100495,2025,0.23207502553038106,-0.060421034214732605,0.46271442217994624,0.01680872523936674,-0.8458491755004406,Digital,0.23063939664956518,$75K to $99K,66+,No kids < 18,Female
200488,2021,-0.4656339972113735,1.0439306836001132,-0.6073798857734853,-0.16940889570235013,0.5129749914029287,Quality,0.5309556921971845,$75K to $99K,37-56,Have kids < 18,Male
101020,2025,-0.8371221700146604,0.6777647489426603,-0.579974862038644,0.1966794999448802,-0.39786232678781613,Quality,0.48108524899778005,$50K to $74K,57-65,Have kids < 18,Male
100092,2025,0.6009950973857918,-0.26642430538715567,0.8236020676082438,-0.35720053085451925,0.057556332307556246,Digital,0.22260697022245202,$50K to $74K,37-56,Have kids < 18,Male
101113,2025,0.06786079601904484,0.6068728227201448,0.11924218213670987,0.1950764229901444,-0.8458491755004406,Quality,0.4117963997300004,$75K to $99K,37-56,No kids < 18,Male
200978,2021,0.05769002678185655,-0.26679224752867003,0.46072645293003367,0.3850496435254393,0.5129749914029287,Convenience,0.05224853847289501,$50K to $74K,18-24,Have kids < 18,Female
100909,2025,-0.2978275590189115,1.0439306836001132,-1.2841967983879186,0.38021778261244016,-0.39786232678781613,Quality,0.663712900987673,$25K to $49K,18-24,Have kids < 18,Male
101475,2025,-0.658063095788371,-0.7731703332114989,0.992766766981772,-0.9041842697336088,-1.301267834595813,Digital,1.650829862770143,$25K to $49K,25-36,Have kids < 18,Male
101742,2025,-0.48403858890351775,-0.48532117796865426,0.021973049053158222,-0.1704334642286959,0.9609618401155531,Convenience,0.9389887910623949,Under $25K,57-65,No kids < 18,Male
200151,2021,-0.30105927583636594,0.4005016094062074,-1.6298083768987137,0.013991958460751441,0.042692711542060446,Quality,0.35780889786414694,$150K plus,57-65,No kids < 18,Male
100239,2025,-0.47610789045446883,-0.27835669675764146,0.4591490169068999,0.20410260750050474,-1.3086996449785608,Digital,0.25504640940639517,$75K to $99K,18-24,Have kids < 18,Male
100943,2025,0.6481060261201068,-1.3811539366368222,0.288406881510238,-0.5396132153297313,1.4089486888281777,Convenience,0.7608426627080709,$25K to $49K,57-65,No kids < 18,Male
101271,2025,-0.46907106171730567,0.6174760619105265,-0.6083218361648486,0.19659376423349717,0.5129749914029287,Quality,0.10450107050759783,$25K to $49K,25-36,Have kids < 18,Female
100939,2025,-0.1187684847926221,-0.7251992031753552,0.11924218213670987,0.1482905890749459,-0.8458491755004406,Selection,0.029048406938236043,$25K to $49K,25-36,Have kids < 18,Female
101425,2025,-0.4856938508024112,0.15943704840535572,0.6379073092522073,0.7524348404540566,1.4089486888281777,Convenience,0.6565138483741211,$150K plus,57-65,No kids < 18,Male
101863,2025,0.7730248984250233,0.158475838366766,-0.7567451851340389,-0.17115175708169286,0.9535300297328052,Convenience,0.1805051313077819,$75K to $99K,37-56,Have kids < 18,Female
101670,2025,0.42094437713018745,0.38856921803572153,0.11100983649664894,-1.0967510928316777,0.050124521924808346,Price,0.03237515909446592,$25K to $49K,57-65,Have kids < 18,Male
100006,2025,-1.1958714726328827,1.0545339227904948,0.10586699520046891,0.3859884763404021,0.5129749914029287,Quality,0.5415589313875662,$50K to $74K,25-36,Have kids < 18,Female
100248,2025,0.23973545288308268,-1.076706039870771,-0.7567451851340389,0.012695157179364503,0.050124521924808346,Price,0.18961093095827433,$100K to $124K,37-56,Have kids < 18,Male
100019,2025,0.597312667937342,0.37759803670382547,0.4785523915418738,0.5675997565051097,-0.39786232678781613,Price,0.029712911432232203,$25K to $49K,37-56,Have kids < 18,Female
200170,2021,0.7790625255827663,-0.506670272735371,0.8001864024686146,-0.5320503233494999,0.5055431810201807,Digital,0.02112387688584827,$50K to $74K,18-24,Have kids < 18,Male
101971,2025,0.055944544115639025,-0.04789537494717146,-0.2402987238086477,0.3904600128668285,0.5055431810201807,Convenience,0.11508316815335218,$50K to $74K,57-65,No kids < 18,Male
200710,2021,0.42094437713018745,-1.3807859944953078,-1.625126928682921,-0.5342028459883421,0.9535300297328052,Convenience,0.5325856526026178,$25K to $49K,57-65,Have kids < 18,Male
200233,2021,0.9519612901800538,0.17063355549281273,-0.9154588730774,-0.3546900397492528,0.050124521924808346,Price,0.7813277346872411,$50K to $74K,37-56,Have kids < 18,Male
200323,2021,-0.29728662562059194,-0.04789537494717146,-0.4239546530611633,0.7518563320256666,-1.7492546833084375,Selection,0.799751706972838,$125K to $149K,25-36,Have kids < 18,Female
200482,2021,-0.65082091936273,-0.2555957404412131,-1.1111432497832163,0.2024478377526936,0.4981113706374328,Convenience,0.29566353288473923,$50K to $74K,57-65,Have kids < 18,Male
100812,2025,0.05723931415086111,0.16907907755714763,-0.2269235368724067,0.9366397231815382,0.042692711542060446,Selection,0.7675606456243906,$25K to $49K,37-56,No kids < 18,Male
101301,2025,0.9555210371572449,-0.2790925810406703,-0.7732243842629389,0.7599460396412128,0.06498814269030417,Price,0.19557499751603213,$50K to $74K,25-36,Have kids < 18,Female
101336,2025,0.054952898086323976,0.6068728227201448,-0.24006802726845405,0.6188689525789428,0.5055431810201807,Selection,0.011996129858798055,$50K to $74K,37-56,Have kids < 18,Female
201176,2021,-0.8344313865955255,-0.2893278780895375,0.2948819544405801,0.9366397231815382,1.4089486888281777,Convenience,0.4723089656466395,$50K to $74K,37-56,No kids < 18,Male
100261,2025,-0.9348629925664446,0.3985791893290279,0.6517438892688355,0.20482090035350167,-0.8532809858831885,Digital,0.2531646999398076,$25K to $49K,37-56,Have kids < 18,Female
101805,2025,-0.47221255776743604,-0.9440960757568538,-0.4223917248868077,-0.17186769401454124,-0.40529413717056406,Selection,0.23342644315602282,$25K to $49K,66+,No kids < 18,Female
101571,2025,-1.0024182663226358,0.40072693516176827,-0.24006802726845405,-0.17669955492754041,1.4089486888281777,Convenience,1.0082217536664095,$50K to $74K,37-56,No kids < 18,Female
200230,2021,0.41664093731154384,1.2734307953719934,-0.2402987238086477,1.1219208672284409,0.5055431810201807,Quality,0.15150992814355257,$50K to $74K,57-65,Have kids < 18,Male
100185,2025,0.40721386091580813,-0.04789537494717146,0.28373994114322343,0.38021778261244016,-1.301267834595813,Price,0.026996078303367976,$50K to $74K,57-65,No kids < 18,Male
200455,2021,-0.1249287944216239,0.17026561335129828,-0.9294752897806133,0.015205648284630946,0.042692711542060446,Quality,0.12757290180923783,$25K to $49K,25-36,Have kids < 18,Female
101744,2025,0.7733529285847599,0.16003031630243103,0.3051167771793317,-0.35665344109056135,-0.39786232678781613,Price,0.4682361514054282,Under $25K,25-36,Have kids < 18,Female
200914,2021,0.7842775344588507,-0.27798875461612704,0.12793592085715808,0.7518563320256666,-0.39615658548144284,Price,0.03242120243318414,$50K to $74K,25-36,Have kids < 18,Male
101631,2025,0.7810458176413962,-1.369589487407851,0.10989379355390246,0.384997950732364,0.4981113706374328,Price,0.2829344470039634,Under $25K,37-56,Have kids < 18,Male
101717,2025,-0.4718520659037647,-0.49629235930055027,-0.5810909049813906,-0.7323174669322584,0.9609618401155531,Convenience,1.4328139060193177,$150K plus,57-65,No kids < 18,Female
100521,2025,0.4137022007045465,0.836598260247586,0.6397009339667565,-0.536078155698119,-0.8532809858831885,Quality,0.19689732628082945,$25K to $49K,37-56,Have kids < 18,Female
200429,2021,0.23653619776956303,-0.9446893436539292,0.6345726005193546,0.3863464448068263,0.050124521924808346,Digital,0.24822615571252832,$25K to $49K,37-56,Have kids < 18,Male
200017,2021,0.42193602315950246,0.6074660906172201,-0.22690902902362856,-0.34458759391947136,1.4255180509000467,Convenience,0.8180519602828266,$150K plus,18-24,No kids < 18,Female
101659,2025,-0.8309618603856586,-0.9437281336153394,0.2899843175333718,-1.091392416283364,0.057556332307556246,Digital,0.23242798522581554,$75K to $99K,57-65,Have kids < 18,Other or not stated
101613,2025,-0.8387774319135537,0.8360049923505106,-0.04637161981255011,0.5705513275343078,-0.39786232678781613,Quality,0.2654536648162028,$150K plus,18-24,No kids < 18,Male
200476,2021,0.19469945012018136,0.3985791893290279,-0.053962735685638585,0.20352409907211472,1.4089486888281777,Convenience,1.01036949949915,Under $25K,66+,No kids < 18,Female
200127,2021,0.24345034403546734,-0.05827328838199221,-0.05887488044162507,1.122997128547862,-1.7492546833084375,Selection,0.8795467845123945,$125K to $149K,37-56,No kids < 18,Female
201170,2021,-1.010020934611948,-1.3917571758272038,-0.5813216015215842,-0.5495483038962526,1.4089486888281777,Convenience,1.9584969927244305,$100K to $124K,37-56,No kids < 18,Female
100608,2025,0.41167503315499004,0.6065048805786304,0.28373994114322343,-0.17388278814892513,0.057556332307556246,Quality,0.19482984742364035,$125K to $149K,37-56,Have kids < 18,Female
100231,2025,-1.3683519863031097,-1.1400893756359707,0.10609769174066254,-0.35361377842983166,0.042692711542060446,Digital,0.06340498019860209,$50K to $74K,66+,No kids < 18,Female
100332,2025,0.9515105775490584,-0.7036247826530775,-0.9450825626023474,-0.16940889570235013,-0.8532809858831885,Price,1.1209194732514085,Under $25K,57-65,No kids < 18,Female
101441,2025,-0.29381709941072504,0.8259950210572042,0.8137922859450493,0.750284673735363,-0.38299870602232033,Quality,0.012202735112154972,$125K to $149K,25-36,Have kids < 18,Male
101928,2025,-0.1181048689230437,-0.9321636843863681,0.9976789117377585,-1.272287759515223,-0.39786232678781613,Digital,1.1157837806608022,Under $25K,37-56,No kids < 18,Male
101092,2025,0.4230503516600763,-0.07006306336652454,0.12257689086956255,0.20374463903408055,1.4089486888281777,Convenience,0.9858983371681014,$25K to $49K,25-36,Have kids < 18,Female
101102,2025,0.4223867357904979,-1.1629929483383523,0.1011855469846761,-0.7235975580952471,-0.3904305164050682,Price,0.3212011888058218,Under $25K,37-56,No kids < 18,Female
101130,2025,0.41783534278399187,-0.7873079854653411,0.47878308808206743,0.5694750662148867,-1.293836024213065,Selection,0.09069197813281932,Under $25K,37-56,Have kids < 18,Female
100462,2025,-0.6550442822094994,-1.1622570640553236,0.9793915800455311,0.20410260750050474,0.5055431810201807,Digital,0.47384839902535036,Under $25K,57-65,No kids < 18,Female
100959,2025,0.1876172982363315,-0.954331372805721,1.1681903505942268,0.38223287674682405,-0.8532809858831885,Digital,0.7859574738474028,$50K to $74K,18-24,Have kids < 18,Female
101663,2025,0.06786079601904484,-0.05923449842058197,-0.06329770417305924,0.7520768719876324,0.057556332307556246,Selection,0.6842160759685876,$50K to $74K,37-56,No kids < 18,Male
100560,2025,0.06439126980917792,0.37759803670382547,0.13127062959001076,0.5715758960606536,-0.39786232678781613,Selection,0.19397785935682815,$150K plus,37-56,Have kids < 18,Male
200895,2021,-0.8324042190459691,-0.04944985288283654,-0.5728585593413297,-0.5396132153297313,0.057556332307556246,Convenience,0.10700618519039279,$25K to $49K,66+,No kids < 18,Male
200739,2021,0.2435730265067262,-0.5078568085295218,-0.40369385996780155,0.570909296000732,0.057556332307556246,Selection,0.32733626949400585,$50K to $74K,66+,Have kids < 18,Male
200986,2021,0.597312667937342,-1.3701827553049262,-0.07067263135473226,0.38742270612624746,0.057556332307556246,Price,0.20988996181109448,Under $25K,66+,No kids < 18,Male
101520,2025,-1.0178365061398431,-0.7267536811110203,-1.1064618015674237,-0.1752653251416951,0.050124521924808346,Convenience,0.22538984706650345,$75K to $99K,66+,Have kids < 18,Male
200141,2021,-0.8490384219180662,0.16907907755714763,0.029970852356147326,-0.9166597781641983,-0.39956806809418943,Quality,0.1391082252010003,$25K to $49K,66+,No kids < 18,Male
201077,2021,1.3131884729788283,-1.1632182740939134,0.4558143081740472,-0.7661120934675547,0.9609618401155531,Price,0.35222663286327527,$25K to $49K,25-36,Have kids < 18,Male
200033,2021,0.590283394750284,0.37916082259194633,-0.3887412370084268,1.1215628987620168,0.057556332307556246,Selection,0.5312795040117327,$75K to $99K,18-24,Have kids < 18,Male
200485,2021,-0.6513618527610495,1.0554951328290845,0.2971151280794644,0.019319216344633183,-0.39786232678781613,Quality,0.7583800047496201,$150K plus,37-56,Have kids < 18,Female
200539,2021,1.1305696517753479,1.2734307953719934,0.2899843175333718,-1.0978273541510988,0.9535300297328052,Quality,0.1428611435966456,Under $25K,25-36,Have kids < 18,Female
201189,2021,-0.023324925098560115,-0.27680221882197636,0.4676265669359327,1.3072020112753435,0.057556332307556246,Selection,0.8395754443394108,$75K to $99K,18-24,Have kids < 18,Female
200098,2021,0.7733529285847599,-0.9340861044635475,0.1277197321657426,0.7520768719876324,0.5055431810201807,Price,0.021276056597127502,Under $25K,25-36,Have kids < 18,Male
201018,2021,-0.12042374669151554,0.8360049923505106,0.9972175186573712,-0.5345608144547663,0.5129749914029287,Digital,0.16121252630686056,$75K to $99K,37-56,No kids < 18,Female
100070,2025,0.7723612825554449,-0.7857636875989455,0.1011855469846761,0.3917051213551402,0.4981113706374328,Price,0.27424991191801207,Under $25K,66+,Have kids < 18,Female
101573,2025,-0.6564541791658752,-0.5078568085295218,0.8088801411890628,0.013719725705710317,-0.39786232678781613,Digital,0.7951604154833525,$75K to $99K,37-56,No kids < 18,Female
100809,2025,1.1305696517753479,-0.49629235930055027,0.10964858916493067,0.7545356702998236,-0.39786232678781613,Price,0.37603398147552425,$50K to $74K,57-65,Have kids < 18,Female
100012,2025,0.057812709253115394,-0.9437281336153394,-0.055950704935551175,0.19256593188487797,0.9609618401155531,Convenience,0.768395908230675,$25K to $49K,57-65,Have kids < 18,Female
200026,2021,0.4188269888133069,-0.04826331708868588,-0.24363343254150033,-0.7231514979972912,-0.8532809858831885,Price,0.46709030590199274,$75K to $99K,57-65,Have kids < 18,Male
200193,2021,-0.29480874544004004,-0.48532117796865426,0.6430501505483873,1.1202660974806298,-1.301267834595813,Selection,0.47721594693224245,$50K to $74K,37-56,No kids < 18,Female
100918,2025,0.7729022159537644,-0.49725356933914006,0.12146084792681608,0.19935883821903716,0.050124521924808346,Price,0.5735433777347272,Under $25K,37-56,No kids < 18,Male
101452,2025,1.1305696517753479,-0.05886655627906753,-1.6347205216547003,0.568229957726575,0.050124521924808346,Price,0.5623396940487728,$25K to $49K,66+,No kids < 18,Male
200688,2021,-0.28513256432477363,-1.5996828670768064,-1.0977680628469755,0.009606157645708047,1.4089486888281777,Convenience,1.3993425311824697,Under $25K,66+,No kids < 18,Female
100177,2025,0.5897424613519644,0.14846586707345963,0.450916671266839,-0.9080746735777697,0.5055431810201807,Price,0.0841992803317837,$150K plus,57-65,Have kids < 18,Female
100995,2025,0.23521652158051143,-0.07043100550803895,-0.17287801416436183,-0.16394683356788559,0.057556332307556246,Price,0.17766018927295518,$25K to $49K,18-24,Have kids < 18,Female
200489,2021,0.597525571175925,-1.1628503319523988,0.9905481011916658,0.011450048691052872,-0.3904305164050682,Digital,0.39302253001574083,Under $25K,18-24,Have kids < 18,Female
200570,2021,0.4177634222421394,0.16907907755714763,-0.2220113921164203,-0.17258598686753815,-1.3069939036721876,Price,0.2486843446849918,$25K to $49K,37-56,No kids < 18,Female
101256,2025,0.416721014283418,0.16930440331270852,-1.6347205216547003,-0.7256102963094824,-1.7566864936911855,Price,0.2474166109707095,$50K to $74K,57-65,No kids < 18,Male
101665,2025,0.5980989662781793,0.18197267896622318,0.6479477874555956,0.38527018348740516,0.9609618401155531,Convenience,0.3130140526599575,$125K to $149K,37-56,No kids < 18,Male
200192,2021,-1.8173107683346912,0.11681749384994687,-0.76632427025704,-0.7280690946216734,0.5055431810201807,Convenience,0.3887256871702338,$75K to $99K,66+,No kids < 18,Male
200802,2021,-0.6657559848450073,-0.48435996793006447,0.9793915800455311,-0.3572836423120267,0.9609618401155531,Digital,0.018429739929977984,$25K to $49K,57-65,No kids < 18,Male
200568,2021,0.9515105775490584,-0.2561890083382884,0.11947287867690351,0.20214156207934475,0.5055431810201807,Price,0.44596739652887774,$50K to $74K,18-24,Have kids < 18,Male
201192,2021,1.1305696517753479,-1.3811539366368222,-0.05618140147574482,0.3850496435254393,0.9609618401155531,Price,0.16960781165979477,Under $25K,66+,Have kids < 18,Male
200871,2021,0.6046775268342417,0.3882012758942071,-0.05419343222583223,-1.096802785624753,0.49640562933105953,Price,0.10827189750318217,Under $25K,66+,Have kids < 18,Female
101791,2025,0.5969846377776054,0.617108119769012,-0.7518330403780524,-0.3546900397492528,0.5055431810201807,Quality,0.020123481991406678,$75K to $99K,66+,Have kids < 18,Female
200477,2021,0.7765846454022144,-1.588118417847835,-0.41904250830517686,-0.5385886468033855,0.5055431810201807,Price,0.2710414643820337,Under $25K,37-56,No kids < 18,Male
200661,2021,-0.11988281329319593,0.825401753160129,-0.9357196661707617,1.122997128547862,0.9609618401155531,Selection,0.16203528843230885,$75K to $99K,66+,No kids < 18,Male
100157,2025,-0.8262877849078937,0.6180693298076018,-1.442587042373152,1.1215628987620168,0.050124521924808346,Selection,0.503493568954415,$50K to $74K,37-56,No kids < 18,Male
200588,2021,-1.3640059409850815,0.1590691062638413,-1.279191906213998,0.20460036039153587,1.4089486888281777,Convenience,1.2043483284366419,$150K plus,66+,Have kids < 18,Male
101461,2025,0.24601844498334338,-0.508450076426597,-0.23137428854800585,0.3807986469609787,0.9609618401155531,Convenience,0.5801631931545743,$100K to $124K,37-56,Have kids < 18,Female
200047,2021,0.4260691652389478,-0.2787246388991559,-0.5895539471616451,0.8340887248585718,-0.3904305164050682,Selection,0.408019559619624,$150K plus,25-36,Have kids < 18,Male
101851,2025,-0.6525664020289476,-0.9221537130930617,0.27171149368992253,-0.3628314401578742,0.057556332307556246,Digital,0.2141551613823663,$25K to $49K,57-65,No kids < 18,Female
200510,2021,0.6339054418693816,0.8356370502089963,0.4818871002747265,0.9387922458203805,0.050124521924808346,Selection,0.1031551956113842,$75K to $99K,57-65,No kids < 18,Male
200625,2021,0.05313863377535051,-0.7036247826530775,-1.280091760465329,0.008939557585786451,0.9609618401155531,Convenience,0.9078232063402025,$25K to $49K,66+,No kids < 18,Female
200304,2021,-0.658063095788371,0.38953042807431126,-1.6442996067777014,-0.5437267833897336,0.5055431810201807,Convenience,0.11601275294586944,$75K to $99K,25-36,Have kids < 18,Male
200006,2021,0.5984269964379159,-0.2771701609634908,-0.594235395377438,0.38066384271039594,-0.40529413717056406,Price,0.21776315372751992,$25K to $49K,57-65,Have kids < 18,Female
101186,2025,-1.0090292885826329,-0.48532117796865426,0.26399752051309977,-0.17280652682950404,-0.8532809858831885,Digital,0.4368040473426038,$25K to $49K,37-56,Have kids < 18,Female
101007,2025,0.060167906962408466,0.16967234545422297,-0.9339260414562125,0.9400373543086921,-1.3086996449785608,Selection,0.7703650088544691,$25K to $49K,57-65,No kids < 18,Male
100561,2025,0.4137022007045465,0.6070981484757058,0.6492945269385357,0.383615413739594,0.5129749914029287,Digital,0.042196378462829975,$50K to $74K,25-36,Have kids < 18,Female
200257,2021,0.23976791458701743,-0.9217857709515472,0.29021501407356537,-0.1688303872739601,-0.39786232678781613,Digital,0.050447099486547936,Under $25K,25-36,Have kids < 18,Male
100911,2025,0.23931720195602202,-0.9337181623220331,1.338701789450695,0.1981137297307255,1.4089486888281777,Convenience,0.07024689937748274,Under $25K,25-36,Have kids < 18,Female
101312,2025,-0.4886802026773479,0.4010210834652094,0.4676265669359327,0.9346269849673029,1.4089486888281777,Convenience,0.4743217038608748,$100K to $124K,18-24,Have kids < 18,Male
200050,2021,-0.029124392662680382,-0.27798875461612704,0.08804105658862874,0.9373580160345352,0.9535300297328052,Convenience,0.016172013698270038,$25K to $49K,25-36,Have kids < 18,Male
100270,2025,0.24377837419520393,-1.3817472045338974,0.2980004744820172,-0.3505764716892506,0.5055431810201807,Convenience,0.20754270653816348,$50K to $74K,57-65,No kids < 18,Male
101994,2025,-0.12290162687206742,-0.0488565849857612,-1.0881889777239744,0.9387405530273051,0.5055431810201807,Selection,0.4331973720071244,$75K to $99K,66+,Have kids < 18,Male
100266,2025,0.057149093383536985,1.0439306836001132,-0.4058980179091295,-1.4624815200124839,-0.3904305164050682,Quality,0.9867815902165762,$150K plus,18-24,Have kids < 18,Other or not stated
100915,2025,-0.11475802518443562,0.6180693298076018,0.2930883297260308,0.006706279409585303,-1.7566864936911855,Quality,0.32498100008157094,$50K to $74K,18-24,No kids < 18,Male
200279,2021,-0.46985736005814294,0.6178440040520409,-0.4023326126360832,0.5647829897264944,0.057556332307556246,Quality,0.05306101432554644,$100K to $124K,66+,Have kids < 18,Female
200232,2021,0.24386859496252805,-0.49666030144206474,0.813777778096271,-0.5450235846711204,0.050124521924808346,Digital,0.5699091831337431,$25K to $49K,37-56,Have kids < 18,Male
201169,2021,-0.11934187989487638,-0.5072635406324464,0.8231406745278567,-0.1634200179325709,-0.3904305164050682,Digital,0.9424825544227331,Under $25K,25-36,Have kids < 18,Male
200913,2021,-0.12344256027038698,-0.2773954867190517,-0.7696589789898927,0.1979763012262672,0.9609618401155531,Convenience,0.7629855388892859,$50K to $74K,37-56,No kids < 18,Male
100874,2025,1.3131884729788283,1.2734307953719934,0.6443823821825493,0.5719338645270778,0.042692711542060446,Price,0.03975767760683491,$75K to $99K,25-36,Have kids < 18,Female
200094,2021,-0.4790040215620815,-0.2773954867190517,-0.23025824560525937,-0.16753358599257318,-1.301267834595813,Selection,0.0627246596126862,$100K to $124K,57-65,No kids < 18,Male
200447,2021,-0.4872703057209722,-1.151653824864942,-0.5946967884578251,-0.5464578144569657,0.9535300297328052,Convenience,1.4408003354537775,$75K to $99K,66+,No kids < 18,Male
100476,2025,-0.48011835006265535,0.9911611206502937,-0.918562885270059,-0.3543320712828286,-0.39786232678781613,Quality,1.3454931919331223,$25K to $49K,66+,No kids < 18,Female
101653,2025,0.23318935403095492,-0.7036247826530775,-0.23650262199540772,-0.5400228765892308,0.9609618401155531,Convenience,0.7277724860845982,$75K to $99K,37-56,No kids < 18,Female
101961,2025,0.9555210371572449,-0.26679224752867003,0.2768398271373244,-0.907135840762807,-1.301267834595813,Price,0.6786812100199204,$50K to $74K,25-36,Have kids < 18,Male
100046,2025,0.41134700299525345,0.399908341509132,0.11901148559651624,0.7507800707062455,0.9609618401155531,Convenience,0.21018176940930755,$100K to $124K,37-56,Have kids < 18,Male
100162,2025,-1.189620942236557,1.0545339227904948,-0.04635711196377199,0.9400373543086921,-0.39786232678781613,Quality,0.11449656848180279,$150K plus,66+,Have kids < 18,Female
200776,2021,0.2325257381613765,0.399908341509132,1.1632782058382403,0.155089500946422,0.9609618401155531,Digital,0.20231636572268719,$50K to $74K,25-36,Have kids < 18,Male
200678,2021,-1.0132526514294025,0.16003031630243103,-0.39742046788009683,-0.5362155842025774,1.4089486888281777,Convenience,1.2489183725257467,$25K to $49K,66+,No kids < 18,Female
100289,2025,-0.11421709178611605,0.17040822973725178,0.6492945269385357,-0.5424299821083466,0.057556332307556246,Digital,0.47888629720128395,$100K to $124K,25-36,Have kids < 18,Female
201156,2021,-0.29381709941072504,-0.9221537130930617,-1.7920874701151213,-0.34660033213370667,0.057556332307556246,Convenience,0.3513734317182813,$50K to $74K,66+,No kids < 18,Female
101949,2025,1.134129398752539,0.37759803670382547,0.29331902626622447,0.8544416292812794,-0.8532809858831885,Price,0.2796877694712595,$50K to $74K,25-36,No kids < 18,Male
100576,2025,-0.6967818269077579,-0.0488565849857612,-0.9379383319608678,0.7547562102617894,0.9609618401155531,Convenience,0.20620562985376367,$25K to $49K,57-65,No kids < 18,Male
100851,2025,-1.3665740419329575,-0.49544548869000954,-1.294799179035732,0.3796392741840501,0.9609618401155531,Convenience,0.581322565931503,$125K to $149K,25-36,No kids < 18,Female
100912,2025,0.2464691576143388,0.8360049923505106,0.4493392352437053,1.125676466822019,-0.3904305164050682,Selection,0.2896714744715083,$50K to $74K,25-36,Have kids < 18,Male
101255,2025,-0.8288883475597044,1.2734307953719934,0.4522634107497791,-1.1015829537446769,-1.293836024213065,Quality,0.8211673846222143,$50K to $74K,25-36,Have kids < 18,Female
101834,2025,-0.6524761812616234,-0.04826331708868588,-0.5712811233181959,0.7524348404540566,0.9609618401155531,Convenience,0.20852699966149646,$75K to $99K,57-65,Have kids < 18,Male
101723,2025,0.24043153045659585,0.38893716017723595,-0.22184901943136948,1.086490519922938,0.5055431810201807,Selection,0.5809473389027573,$25K to $49K,37-56,Have kids < 18,Male
200134,2021,0.7719105699244495,1.0549018649320092,0.29979409919656647,-0.07610101532276181,-0.39615658548144284,Quality,0.2829912950075597,$50K to $74K,25-36,Have kids < 18,Male
101736,2025,-0.8454786749408751,0.5955336992467343,-0.22669284033221307,-1.465212551079716,0.050124521924808346,Quality,0.545409177321926,$25K to $49K,66+,No kids < 18,Female
100933,2025,0.4220587056307613,0.3891624859327969,1.1632782058382403,0.9441509223686944,-0.39786232678781613,Digital,0.2191272834695459,$75K to $99K,25-36,Have kids < 18,Male
101101,2025,-0.6611721301345665,1.0549018649320092,0.10498164879791604,0.19422070163268912,0.9609618401155531,Quality,0.09394002481645614,$150K plus,25-36,Have kids < 18,Female
101208,2025,0.6014458100167873,0.17100149763432712,-0.0777889340520467,-0.34583270240778297,1.4089486888281777,Convenience,0.8075028788113904,Under $25K,37-56,No kids < 18,Female
200296,2021,-0.2638420790474485,1.2734307953719934,-1.285220093912731,0.20079306800488245,-0.3904305164050682,Quality,1.072637727367111,$75K to $99K,37-56,Have kids < 18,Male
101844,2025,-0.6476794233125996,-0.49629235930055027,0.6526292356713884,0.19632153147845605,0.9535300297328052,Convenience,0.3009007940614168,$25K to $49K,37-56,No kids < 18,Female
101849,2025,0.23629838837715053,-0.5088180185681115,1.338701789450695,-0.3532558099634075,-0.39786232678781613,Digital,1.1024034010735444,Under $25K,25-36,Have kids < 18,Male
200525,2021,-0.029302308654207077,0.6068728227201448,-0.047934547986905704,0.011040387431553366,0.057556332307556246,Quality,0.5493164904125885,$25K to $49K,37-56,Have kids < 18,Male
101695,2025,-0.8324480945368955,0.5959016413882487,-0.3960882362459348,0.7551141787282135,0.057556332307556246,Selection,0.15921253733996477,$150K plus,66+,No kids < 18,Male
100086,2025,0.4178028810800571,0.16907907755714763,-1.1002174251772752,-0.35858306784728916,0.5129749914029287,Convenience,0.0951721103228716,$75K to $99K,66+,No kids < 18,Male
100470,2025,-1.185069549230051,-0.04863125923020033,0.6517438892688355,-0.1687446515625771,0.042692711542060446,Digital,0.6090511777267751,$75K to $99K,37-56,No kids < 18,Male
200274,2021,-0.658063095788371,0.836598260247586,-0.3960882362459348,0.20070733229349944,0.050124521924808346,Quality,0.6358909279540865,$25K to $49K,66+,No kids < 18,Female
200823,2021,0.24043153045659585,-0.922746980990137,0.29710062023068623,0.38609398150161095,0.9609618401155531,Convenience,0.5748678586139422,Under $25K,37-56,No kids < 18,Female
200380,2021,0.4255282318406282,-0.2671601896701845,-1.621576031258653,0.01341345003236143,-1.301267834595813,Price,0.4121147818082668,$25K to $49K,37-56,Have kids < 18,Female
100234,2025,0.9509696441507389,0.40013366726469296,0.6479477874555956,-0.3556288725642156,0.4981113706374328,Price,0.30302185669514337,Under $25K,25-36,No kids < 18,Male
200637,2021,-0.12245091424107199,-0.05982776631765728,-0.42372395652096967,0.3859367835473268,1.4089486888281777,Convenience,1.0230119052808508,$25K to $49K,37-56,Have kids < 18,Female
200524,2021,-1.0151457227207084,0.6851232217619813,0.9709285378652766,-0.5393926753677655,0.5055431810201807,Digital,0.2858053161032953,$50K to $74K,25-36,Have kids < 18,Female
201139,2021,0.22905621195150958,-0.47375672873968283,0.2935497228064181,0.5653614981548845,0.4981113706374328,Selection,0.06725012751745163,Under $25K,37-56,Have kids < 18,Male
200648,2021,-0.659054741817686,0.1590691062638413,-0.06441374711580572,-0.17727806335593047,0.057556332307556246,Quality,0.10151277395628505,$150K plus,57-65,Have kids < 18,Male
200470,2021,-0.8331117104064738,-0.2561890083382884,-0.7600798938668916,0.2010653007599236,0.5129749914029287,Convenience,0.3119096906430051,$125K to $149K,37-56,Have kids < 18,Female
101712,2025,0.9479508305718674,-2.04748658353311,-0.06418305057561212,0.5653614981548845,-0.39786232678781613,Price,0.3825893324169829,Under $25K,25-36,No kids < 18,Male
100183,2025,0.9519612901800538,-1.1744147811813703,0.9905481011916658,0.7518046392325913,0.042692711542060446,Digital,0.03858681101161199,Under $25K,18-24,Have kids < 18,Male
100989,2025,0.24390105666646278,-0.04826331708868588,-0.5860030497373769,-2.014927321026038,0.042692711542060446,Price,0.20120834512440233,$150K plus,37-56,Have kids < 18,Male
101001,2025,-0.4790040215620815,0.962787031742938,0.13127062959001076,0.38469167505901514,0.5055431810201807,Quality,0.4572438507227573,$25K to $49K,18-24,Have kids < 18,Female
101642,2025,0.24290941063714777,1.2734307953719934,-0.20621994364502585,1.125676466822019,0.050124521924808346,Quality,0.1477543285499745,$150K plus,25-36,No kids < 18,Female
101357,2025,1.1382625408319842,0.617108119769012,0.9709285378652766,0.9366397231815382,-1.3086996449785608,Price,0.16733400296670764,$75K to $99K,18-24,Have kids < 18,Female
101463,2025,0.22761385329119915,1.0545339227904948,-0.2411840702112005,0.008361049157396416,-0.39786232678781613,Quality,0.8269200694992958,$100K to $124K,66+,No kids < 18,Female
100050,2025,0.7837366010605312,1.0439306836001132,0.29331902626622447,-0.3570631023500609,0.9609618401155531,Quality,0.08296884348456013,$50K to $74K,18-24,No kids < 18,Female
201084,2021,0.23865358608644358,-0.036924193615275394,-0.23650262199540772,0.9400373543086921,-0.8458491755004406,Selection,0.7013837682222485,$150K plus,57-65,Have kids < 18,Female
200578,2021,-0.8413455328614298,-0.2677534575672598,0.4689587985700946,0.19869223815911552,0.9535300297328052,Convenience,0.4845712311627106,$75K to $99K,37-56,No kids < 18,Male
101259,2025,0.593752920960151,0.39917245722610323,0.4542513799996917,0.3767708146123595,1.4089486888281777,Convenience,0.8151957678680267,$25K to $49K,37-56,No kids < 18,Female
100487,2025,0.41068338712567504,-0.20407358143669732,0.9793915800455311,-0.3482551018815178,0.9535300297328052,Digital,0.025861550312725856,$25K to $49K,37-56,No kids < 18,Male
201154,2021,-0.12356524274164585,0.6074660906172201,-0.595582134860378,0.6212191976209174,-0.8532809858831885,Selection,0.013753107003697251,$150K plus,18-24,Have kids < 18,Female
200546,2021,0.4225996390290809,-1.1616637961582483,-0.939285071443808,-1.0937137860910966,0.9535300297328052,Convenience,0.5309303907037244,$50K to $74K,66+,No kids < 18,Male
101909,2025,0.592761274930836,0.40013366726469296,-0.23002754906506573,-0.5396132153297313,0.050124521924808346,Price,0.192627607666143,$75K to $99K,37-56,Have kids < 18,Male
100107,2025,0.4108060695969339,0.16907907755714763,1.338701789450695,0.38196064399178287,-1.7492546833084375,Digital,0.9278957198537611,$25K to $49K,37-56,No kids < 18,Female
100444,2025,-0.3015099884673614,0.8363729344920251,0.46406116166288636,-0.7214967282494801,0.9535300297328052,Convenience,0.11715709524078011,$150K plus,37-56,Have kids < 18,Female
101955,2025,-1.188506613735983,0.39917245722610323,0.6430356426996092,0.7561904400476347,0.5055431810201807,Selection,0.11315479734802547,$150K plus,25-36,No kids < 18,Female
100647,2025,0.2362081676098264,0.8250338110186146,0.10785496445038148,0.3845542465545568,-2.1915154629446874,Quality,0.44047956446405784,$150K plus,18-24,Have kids < 18,Female
101763,2025,0.42283744842149334,0.38856921803572153,-0.5895684550104233,0.5719338645270778,-0.39786232678781613,Selection,0.1490964161055845,$150K plus,37-56,Have kids < 18,Male
100727,2025,-0.47697685401252504,-0.2762089509249011,-1.1095658137600826,0.013273665607754514,-1.301267834595813,Selection,0.2894826165326556,$25K to $49K,66+,No kids < 18,Female
200239,2021,-1.9038414853791499,0.8259950210572042,-0.5846563102544369,0.20079306800488245,0.9609618401155531,Convenience,0.13496681905834884,$50K to $74K,66+,No kids < 18,Female
101857,2025,0.05612498565028724,-0.5071209242464929,-0.7649775307740998,0.38902578308098323,-0.40529413717056406,Selection,0.332900797430696,$50K to $74K,25-36,Have kids < 18,Male
200331,2021,-1.0044454338721922,0.18123679468319437,-0.5712811233181959,0.15678172199264484,0.5055431810201807,Convenience,0.32430638633698633,$25K to $49K,25-36,No kids < 18,Male
100030,2025,0.060618619593403936,-0.48591444586572957,0.2568040906827008,-0.3144313105103513,1.4089486888281777,Convenience,1.152144598145477,$125K to $149K,37-56,Have kids < 18,Male
100170,2025,-0.11822755139430254,0.836598260247586,-0.06932589187179215,0.1999890394405025,0.5055431810201807,Quality,0.3310550792274053,$125K to $149K,37-56,No kids < 18,Female
101002,2025,-0.10963323707567527,0.39917245722610323,-0.5701650803754494,-0.7227418367377918,1.4089486888281777,Convenience,1.0097762316020744,$75K to $99K,66+,No kids < 18,Male
200149,2021,-0.29836849241723107,-0.27798875461612704,-1.636283449829056,-0.5397506438341897,0.057556332307556246,Convenience,0.3355450869236833,$150K plus,57-65,Have kids < 18,Female
100198,2025,0.05458099243566097,1.0545339227904948,0.11789544265376975,0.377984504436239,0.5055431810201807,Quality,0.5489907417703142,$150K plus,18-24,Have kids < 18,Male
100496,2025,0.7723612825554449,-0.04863125923020033,0.6361500365424884,-0.7175205886939362,0.49640562933105953,Price,0.13621124601295653,Under $25K,25-36,Have kids < 18,Male
200027,2021,0.19910600705858433,0.9683456323332054,0.27818656662026453,-0.35643290112859555,0.057556332307556246,Quality,0.6901590657129408,$50K to $74K,37-56,Have kids < 18,Male
100648,2025,-1.0168123984065933,-0.0372921357567898,-0.9292445932404197,-0.3567908695950197,-1.301267834595813,Quality,0.3194987338382299,$25K to $49K,66+,No kids < 18,Male
201036,2021,0.05736199662211996,1.0439306836001132,0.10120005483345428,0.5651409581929187,-1.7492546833084375,Quality,0.47878972540719456,$150K plus,25-36,Have kids < 18,Female
100045,2025,-0.47188452760769944,-0.2773954867190517,0.4424536290865844,0.02078486479491064,-0.8458491755004406,Digital,0.42166876429167377,$25K to $49K,37-56,No kids < 18,Female
200759,2021,-0.11835023386556139,-0.04789537494717146,-0.39363887391563507,-0.724176066523637,0.5055431810201807,Convenience,0.5534385559673521,$25K to $49K,66+,Have kids < 18,Male
100374,2025,0.7719105699244495,-0.03633092571820004,0.24291781811142904,0.37985981414601594,0.4981113706374328,Price,0.2737991992870167,$75K to $99K,18-24,Have kids < 18,Male
100679,2025,0.593843141727475,0.18219800472178413,0.28842138935901623,-0.16615104899980318,0.057556332307556246,Price,0.30542175236845875,$50K to $74K,18-24,No kids < 18,Female
100567,2025,0.42283744842149334,0.15870116412232688,0.04223307943514071,0.3812940439318612,0.057556332307556246,Price,0.04154340448963212,$25K to $49K,25-36,Have kids < 18,Female
200896,2021,0.06686914998972984,0.1590691062638413,-0.931038217954969,-0.7269070975908692,-0.39615658548144284,Quality,0.09219995627411146,$75K to $99K,57-65,No kids < 18,Female
100461,2025,-0.4764359206142055,0.17063355549281273,0.8184592263120639,-1.0926375247716753,-0.8532809858831885,Digital,0.6478256708192511,$125K to $149K,25-36,Have kids < 18,Female
101933,2025,-0.6581857782596298,-0.48591444586572957,-0.04058754874939761,0.5678719892601509,-0.38299870602232033,Selection,0.6084595380095486,$125K to $149K,37-56,Have kids < 18,Female
101156,2025,-0.6478021057838586,-0.2658310374900803,-0.032981925027531,-0.7269070975908692,0.5129749914029287,Convenience,0.5459569164304596,$25K to $49K,25-36,Have kids < 18,Female
100040,2025,-1.368016400593268,-0.49569909140347496,0.47608357019826913,-1.2831084981980014,0.4981113706374328,Convenience,0.02202780043916369,$100K to $124K,25-36,Have kids < 18,Female
200483,2021,-0.4677513855282541,0.14713671489335545,-0.5663834864109876,-0.7227935295308671,0.5146807327093019,Convenience,0.3675440178159465,$50K to $74K,66+,No kids < 18,Male
100974,2025,0.5887508153226495,-0.05886655627906753,-0.42173598727105704,0.5692545262529208,1.4089486888281777,Convenience,0.8201978735055282,$50K to $74K,57-65,No kids < 18,Male
201056,2021,0.41014245372735547,0.6184372719491162,-1.10757784451017,0.19673119273795556,-0.8384173651176927,Quality,0.20829481822176077,Under $25K,37-56,Have kids < 18,Male
101787,2025,-0.10598326933116013,-0.04789537494717146,0.10586699520046891,0.7561904400476347,0.9535300297328052,Convenience,0.1973395896851705,$25K to $49K,37-56,Have kids < 18,Female
101499,2025,-0.6600463878470009,-0.7151892318820489,0.9941135064647122,-0.5342028459883421,-0.39786232678781613,Digital,1.3919758332525283,$75K to $99K,66+,Have kids < 18,Male
200505,2021,-0.4688332523248932,0.6184372719491162,-0.4083608003348161,-1.2818116969166145,0.057556332307556246,Quality,0.5608809396415599,$75K to $99K,57-65,No kids < 18,Female
101836,2025,0.06339962377986293,0.3891624859327969,0.4678572634761263,-0.3588036078092551,0.9535300297328052,Convenience,0.48567276625667893,$50K to $74K,37-56,Have kids < 18,Female
200309,2021,-0.4830144811702681,-1.1726349774901443,0.4687426098786791,-1.466595088072486,-1.293836024213065,Digital,0.9517570910489472,$50K to $74K,18-24,Have kids < 18,Female
101841,2025,-1.017263111037589,0.11044020007466432,-1.450833895861991,0.20070733229349944,0.5129749914029287,Convenience,0.3122676591094292,$100K to $124K,66+,No kids < 18,Male
200084,2021,0.060618619593403936,-0.05886655627906753,-0.4152609143407151,0.00871901762382058,0.9535300297328052,Convenience,0.8929114101394012,$25K to $49K,37-56,No kids < 18,Female
100828,2025,0.06861463265594736,-0.05945982417614286,-0.21489508941910582,1.122997128547862,1.4089486888281777,Convenience,0.28595156028031576,$75K to $99K,37-56,Have kids < 18,Male
101936,2025,0.7754703169016405,0.6180693298076018,0.09983880750173602,-0.16574138774030367,0.042692711542060446,Price,0.1574009870940387,$75K to $99K,25-36,Have kids < 18,Female
200045,2021,0.7770353580332098,-0.9321636843863681,-1.6264736681658611,-0.3533075027564828,1.4089486888281777,Convenience,0.6319133307949679,Under $25K,66+,No kids < 18,Female
100310,2025,0.4148165292051204,1.0549018649320092,-0.7453579674477104,0.7551141787282135,0.9535300297328052,Quality,0.10137183519920401,$125K to $149K,37-56,Have kids < 18,Female
100277,2025,-0.2903475732008581,0.18197267896622318,0.9793915800455311,0.3859367835473268,-0.3904305164050682,Digital,0.5934547964982042,$50K to $74K,37-56,No kids < 18,Male
100637,2025,-1.3676559087295965,-0.48435996793006447,-0.07067263135473226,0.01896124787820902,-1.293836024213065,Selection,0.08963387923294128,$25K to $49K,57-65,Have kids < 18,Male
100655,2025,0.5968619553063466,0.1596623741609166,0.8053147359160164,0.016450756772942575,0.050124521924808346,Digital,0.20845278060966987,$100K to $124K,18-24,Have kids < 18,Female
100623,2025,0.6011177798570507,-0.9446893436539292,0.6428194540081937,0.015205648284630946,0.5055431810201807,Digital,0.04170167415114301,$75K to $99K,18-24,Have kids < 18,Female
101860,2025,0.06493220320749747,-0.9549246407027964,-0.22803957981515316,-1.2833290381599674,-0.8458491755004406,Price,0.29297178302265064,$75K to $99K,57-65,Have kids < 18,Male
100845,2025,0.4143658165741249,1.2734307953719934,0.6430501505483873,0.9333301836859159,-0.8532809858831885,Quality,0.3401006116860775,$150K plus,25-36,Have kids < 18,Male
100394,2025,0.593843141727475,-0.5088180185681115,0.09628791007746787,-0.7214967282494801,-0.39786232678781613,Price,0.49755523165000715,$25K to $49K,25-36,Have kids < 18,Male
200156,2021,-1.3749305468591722,0.8360049923505106,0.4785523915418738,0.7480490396390133,-0.8532809858831885,Quality,0.08795595271149736,$75K to $99K,25-36,Have kids < 18,Female
100350,2025,0.2474608036436538,-0.49533114926196053,0.7968516937357619,0.3795018456795918,-1.301267834595813,Digital,0.41734984805617015,$50K to $74K,25-36,Have kids < 18,Female
200573,2021,-0.3096535901549932,0.6070981484757058,-1.2865668333956712,0.3767708146123595,0.050124521924808346,Quality,0.23032733386334625,$50K to $74K,37-56,Have kids < 18,Female
100785,2025,-0.024618805936344607,1.0439306836001132,-1.8150417421743632,-1.0942922945194866,0.4981113706374328,Quality,0.5458193129626804,$100K to $124K,66+,No kids < 18,Female
100048,2025,0.19413605933143707,-0.7155571740235633,-0.9223444792345208,0.3805264142059376,0.050124521924808346,Selection,0.1863903548745005,$75K to $99K,66+,No kids < 18,Male
101979,2025,0.593752920960151,-0.2983766393442541,-0.5928886558944978,-0.3516527330086717,1.4089486888281777,Convenience,0.8151957678680267,$50K to $74K,57-65,Have kids < 18,Male
200252,2021,0.7796034589810859,-0.0488565849857612,0.8086494446488692,-0.35441780699421166,1.4089486888281777,Convenience,0.6002992441793085,$25K to $49K,66+,No kids < 18,Female
101656,2025,0.9519612901800538,0.1802755846446046,0.45937971344709355,0.015511923957979767,-0.8458491755004406,Price,0.49258157673296027,$25K to $49K,18-24,Have kids < 18,Female
200070,2021,-1.5497337965347575,1.2734307953719934,0.11947287867690351,-0.5372918455219986,0.9535300297328052,Quality,0.31990076563918823,$125K to $149K,18-24,No kids < 18,Female
100403,2025,-0.47230277853476016,1.0549018649320092,-1.124749133259651,1.0694155688984375,0.5129749914029287,Selection,0.01451370396642826,$125K to $149K,66+,Have kids < 18,Male
101108,2025,-1.1799447611212905,-1.1728603032457052,-1.285220093912731,0.5644226653399217,0.5129749914029287,Selection,0.05144767393699301,$100K to $124K,66+,Have kids < 18,Other or not stated
101155,2025,0.06695937075705397,1.0439306836001132,-0.7603105904070852,-0.07744634197203819,0.5055431810201807,Quality,0.5383875025799325,$50K to $74K,25-36,Have kids < 18,Male
101440,2025,-0.11529895858275516,0.5959016413882487,0.28729083856749155,0.7504221022398213,-1.7566864936911855,Selection,0.15452046085157256,$125K to $149K,37-56,Have kids < 18,Female
201182,2021,-1.5585410140919678,0.17026561335129828,-0.9114186546285796,0.1979763012262672,-0.3904305164050682,Selection,0.027710687874968915,$50K to $74K,37-56,Have kids < 18,Female
200002,2021,-0.4717618451364406,0.1596623741609166,-0.9245631450246269,0.7507800707062455,-0.8532809858831885,Selection,0.5911176965453289,$50K to $74K,57-65,No kids < 18,Female
100990,2025,-1.0104716472429434,-0.9221537130930617,0.47743634859912737,-0.5409957523225012,-0.39786232678781613,Digital,0.8752986753869435,$25K to $49K,57-65,No kids < 18,Female
101866,2025,0.23674910100814595,-1.1628503319523988,-1.2972485413660317,-0.5399711837961555,1.4089486888281777,Convenience,1.1721995878200318,$25K to $49K,57-65,No kids < 18,Female
200790,2021,0.053015951304091646,-0.49688562719762563,0.9878546222257857,-0.1688303872739601,-0.39786232678781613,Digital,0.934838670921694,$75K to $99K,25-36,Have kids < 18,Male
101311,2025,0.418917209580631,0.16967234545422297,-0.0777889340520467,-0.3557663010686739,-2.20467334240381,Price,0.24924486412640803,$150K plus,37-56,Have kids < 18,Female
100034,2025,0.04954642509422472,0.6074660906172201,-0.05774432965010036,-0.7166648673364809,-1.293836024213065,Quality,0.5579196655229954,$50K to $74K,37-56,No kids < 18,Female
100788,2025,-0.11119827820724457,1.2734307953719934,-0.9354889696305682,0.7520768719876324,0.057556332307556246,Quality,0.521353923384361,$150K plus,66+,No kids < 18,Male
200972,2021,0.06394055717818248,1.2734307953719934,0.46897330641887275,1.3072020112753435,0.9609618401155531,Selection,0.03377121590335008,$50K to $74K,18-24,Have kids < 18,Male
101044,2025,-0.11930941819094164,0.17968231674752927,-1.2769732404238918,0.7572667013670558,0.5055431810201807,Selection,0.25172352034687506,$50K to $74K,57-65,Have kids < 18,Male
100482,2025,0.06394055717818248,-0.726160413213945,-0.5815522980617779,-1.0947383546174423,-0.8532809858831885,Price,0.6454928552399604,$50K to $74K,66+,No kids < 18,Male
101244,2025,-0.4692839649558887,-0.048488642844246796,-0.5911313831847789,-0.9067778722963827,0.5055431810201807,Convenience,0.5540318238644275,$50K to $74K,66+,No kids < 18,Male
200628,2021,0.8628551351216316,-0.49533114926196053,0.28507217277738534,0.5719855573201531,1.4089486888281777,Convenience,0.5460935537065461,$125K to $149K,25-36,Have kids < 18,Female
200530,2021,-0.29737684638791606,0.40013366726469296,1.1632782058382403,-0.1776360318223546,1.4089486888281777,Convenience,0.24567048298993743,$125K to $149K,66+,Have kids < 18,Male
100932,2025,0.592761274930836,1.0545339227904948,-0.06932589187179215,0.571627588853729,-0.8458491755004406,Quality,0.4617726478596589,$50K to $74K,25-36,Have kids < 18,Female
200405,2021,0.23629838837715053,-0.0488565849857612,0.1341948050960846,0.20043509953845828,0.5055431810201807,Convenience,0.26924479264303014,$25K to $49K,37-56,Have kids < 18,Male
101686,2025,-1.0162714650082738,0.386392841689348,-1.0583345825611397,-0.35736937802340973,0.050124521924808346,Quality,0.33626831976453964,$150K plus,37-56,Have kids < 18,Female
101249,2025,0.5923105622998405,0.36699479751344377,-0.7565144885938453,-0.724176066523637,0.5055431810201807,Price,0.08676738127965977,$25K to $49K,57-65,No kids < 18,Female
100760,2025,0.23919451948476314,0.38856921803572153,0.13729881728874366,-0.5406013850176208,0.057556332307556246,Quality,0.1493746985509584,$25K to $49K,37-56,No kids < 18,Male
100093,2025,0.061282235462982323,-0.7263857389695059,-0.5846563102544369,0.01412938696520979,0.050124521924808346,Price,0.011157713538173977,$25K to $49K,57-65,No kids < 18,Male
101176,2025,-0.3009365933651071,0.8369662023891004,0.11411384868930799,-0.36421397715064424,0.057556332307556246,Quality,0.7228523536997924,$75K to $99K,57-65,No kids < 18,Female
101416,2025,-0.6631878838971312,0.8259950210572042,-0.6341819651398717,-0.360904437655022,0.9535300297328052,Convenience,0.12753500867560097,$25K to $49K,57-65,No kids < 18,Male
101342,2025,-0.2599564415064297,1.0549018649320092,0.8102268806720029,0.01412938696520979,-1.3086996449785608,Quality,0.24467498426000633,$75K to $99K,57-65,Have kids < 18,Male
101473,2025,-0.4841288096708418,-1.1747827233228847,0.1147914304611107,-0.35160104021559635,0.057556332307556246,Digital,0.05723509815355446,$75K to $99K,57-65,No kids < 18,Female
200852,2021,-0.2984911748884899,0.1590691062638413,0.4506859747266454,0.3838359537015599,1.4089486888281777,Convenience,0.9582627141015323,$75K to $99K,25-36,No kids < 18,Male
200794,2021,0.06025812772973259,0.5959016413882487,0.4741016398662746,0.20048679233153363,0.5129749914029287,Quality,0.08292664998532007,$100K to $124K,25-36,Have kids < 18,Male
200328,2021,0.7729022159537644,0.15943704840535572,0.47350125028606715,0.20482090035350167,1.4089486888281777,Convenience,0.6360464728744133,$25K to $49K,18-24,Have kids < 18,Female
101608,2025,0.2399808178256004,-0.9231149231316514,0.13150132613020438,-0.5399711837961555,0.042692711542060446,Price,0.10847949169539603,Under $25K,66+,No kids < 18,Female
100765,2025,0.6057918553348156,0.596494909285324,0.9709285378652766,0.3795018456795918,1.4089486888281777,Convenience,0.43802015096290114,$75K to $99K,37-56,Have kids < 18,Female
200653,2021,0.5944165368297294,0.37176459991348654,0.22696790860691551,0.19941053101211248,-0.8532809858831885,Price,0.22265193691624285,$150K plus,25-36,Have kids < 18,Female
201180,2021,-1.013580681589139,0.3779659788453399,0.2888537667418471,0.383615413739594,0.042692711542060446,Selection,0.005649434894254124,$25K to $49K,25-36,No kids < 18,Male
101374,2025,-0.658063095788371,-0.26871466760584956,0.4656240898372419,0.5647829897264944,1.4089486888281777,Convenience,0.8441656991016833,$75K to $99K,25-36,Have kids < 18,Male
101952,2025,0.6019867434151068,-1.1622570640553236,-0.24654310019879605,0.5688965577864967,0.057556332307556246,Price,0.0330901856286101,$50K to $74K,57-65,Have kids < 18,Male
200449,2021,-0.11889116726388094,-0.9446893436539292,-0.5895539471616451,0.016450756772942575,-1.301267834595813,Selection,0.13534192403682352,$25K to $49K,25-36,Have kids < 18,Male
101729,2025,0.055706734723226556,0.14846586707345963,-0.24853106944870862,-0.5385886468033855,0.057556332307556246,Quality,0.09090953476590338,$75K to $99K,37-56,Have kids < 18,Female
100258,2025,-0.11768661799598298,-0.4860570622516831,0.47544837934921474,-0.17459872508177351,-0.41272594755331193,Digital,0.5931349973451977,$75K to $99K,37-56,No kids < 18,Male
100945,2025,0.4111340997566705,0.3779659788453399,0.8236020676082438,0.2014232692263478,-0.3904305164050682,Digital,0.41246796785157336,$150K plus,57-65,No kids < 18,Female
201145,2021,-1.3569766677980235,-0.05982776631765728,-0.23316791326255504,0.7531014405139782,-0.8458491755004406,Selection,0.8129292068316355,$75K to $99K,37-56,No kids < 18,Male
101220,2025,1.3131884729788283,0.16930440331270852,-0.5766401533057914,0.20186932932430357,0.9609618401155531,Price,0.35222663286327527,$50K to $74K,37-56,Have kids < 18,Male
101162,2025,0.9539884577296104,-0.21097921459313787,0.2433985216019747,0.747691071172589,0.9535300297328052,Price,4.5842799680517743e-4,$100K to $124K,18-24,Have kids < 18,Male
200543,2021,0.41068338712567504,-0.48532117796865426,-0.7685429360471461,0.5746648955943101,-1.3086996449785608,Selection,0.16398150846863507,$125K to $149K,37-56,Have kids < 18,Female
100773,2025,-0.47218009606350125,-0.29933784938284386,0.6332258610364145,-0.729228467398602,0.050124521924808346,Digital,0.5831013391116062,$25K to $49K,37-56,No kids < 18,Male
200599,2021,-0.11520873781543105,0.836598260247586,-0.5860030497373769,-0.7252523278430582,-0.8532809858831885,Quality,0.951806998063017,$100K to $124K,37-56,Have kids < 18,Female
101487,2025,1.3131884729788283,-1.5884863599893495,0.6495252234787293,0.3839733822060182,-0.39786232678781613,Price,0.663663249500099,Under $25K,25-36,No kids < 18,Male
200250,2021,-0.6550442822094994,0.1590691062638413,-0.23114359200781226,0.015153955491555604,0.5146807327093019,Convenience,0.3556116264454606,$50K to $74K,66+,No kids < 18,Female
100313,2025,-0.11475802518443562,-0.71445334759902,-0.7638614878313533,0.747691071172589,-0.8458491755004406,Selection,0.8624490963570246,$150K plus,66+,Have kids < 18,Other or not stated
100291,2025,0.06070884036072803,0.4005016094062074,0.1147914304611107,0.5715758960606536,-0.3904305164050682,Selection,0.17107428665444624,$100K to $124K,37-56,No kids < 18,Male
100764,2025,-0.2896839573312797,-0.049592469268790074,-0.24498017202444045,0.38469167505901514,-0.39786232678781613,Selection,0.4342841443278052,$150K plus,25-36,No kids < 18,Male
200998,2021,-1.0023280455553116,0.606136938437116,0.47743634859912737,0.9373580160345352,0.042692711542060446,Selection,0.33122107759741914,$75K to $99K,18-24,Have kids < 18,Female
100184,2025,0.5907341073812794,-0.49629235930055027,0.47230801515172544,-1.2823902053450045,0.050124521924808346,Price,0.11842609222955397,Under $25K,18-24,Have kids < 18,Male
101177,2025,0.7719105699244495,0.37700476880675016,0.9878546222257857,-0.36349804021779586,-0.39786232678781613,Digital,0.21594405230133618,$25K to $49K,25-36,No kids < 18,Female
101350,2025,-0.30552044807554785,0.6074660906172201,-1.4604129809849922,0.007642756304399478,0.4981113706374328,Quality,0.1093547199797873,$100K to $124K,37-56,No kids < 18,Female
201117,2021,-0.29261255014282705,-0.04826331708868588,0.11924218213670987,0.750284673735363,0.050124521924808346,Selection,0.6310424915986531,$50K to $74K,25-36,Have kids < 18,Female
201079,2021,0.6052184602325613,1.2734307953719934,-0.21665236212882474,0.7497038093868243,0.9535300297328052,Quality,0.31990076563918823,$125K to $149K,25-36,Have kids < 18,Female
200299,2021,0.7800541716120812,0.8360049923505106,0.021093998172073275,0.00830935636432113,1.4089486888281777,Convenience,0.5729436964776671,$50K to $74K,18-24,Have kids < 18,Male
200872,2021,-1.1927624382866873,0.8360049923505106,-0.9223444792345208,0.5688965577864967,0.06498814269030417,Quality,0.2671084345640139,$50K to $74K,57-65,No kids < 18,Other or not stated
101100,2025,-0.11898138803120503,-1.162625006196838,0.4522634107497791,-0.16609935620672783,0.4981113706374328,Convenience,0.04584795988765372,Under $25K,57-65,Have kids < 18,Female
200989,2021,0.053015951304091646,0.3785592467424152,-0.0425755179993102,-0.7189862371442137,0.5055431810201807,Convenience,0.1269839342777655,$75K to $99K,57-65,Have kids < 18,Female
100392,2025,0.5978536013356616,0.825401753160129,-0.6186489272134664,0.5640646968734975,0.5055431810201807,Quality,0.22754815182446742,$100K to $124K,18-24,No kids < 18,Male
101920,2025,0.24812441951323222,0.4010948773032827,-0.24876176598890223,-0.7290079274366362,0.06498814269030417,Quality,0.15297045779005047,Under $25K,66+,No kids < 18,Female
101457,2025,-1.1426265641480933,1.2734307953719934,-0.39720427918868134,0.00742221634243363,1.4089486888281777,Convenience,0.13551789345618426,$150K plus,18-24,Have kids < 18,Female
101093,2025,-0.1194321006622005,0.39976572512317854,-0.5665996751024032,-0.7252523278430582,0.5055431810201807,Convenience,0.10577745589700216,$50K to $74K,57-65,No kids < 18,Female
200023,2021,-0.3060938431778022,-0.27835669675764146,0.10808566099057511,0.5657194666213087,0.5055431810201807,Selection,0.06017628560112798,$75K to $99K,57-65,Have kids < 18,Male
100905,2025,1.3131884729788283,-0.2661989796315947,1.1548151636579858,-0.7231514979972912,-0.39786232678781613,Price,0.1583733093208426,$25K to $49K,25-36,Have kids < 18,Female
200779,2021,0.2325257381613765,-0.737356920301402,-0.5761932680741823,0.017884986558787862,-2.1915154629446874,Price,0.21464075160258864,Under $25K,66+,Have kids < 18,Male
200603,2021,0.2464691576143388,0.6070981484757058,0.11590747340385722,1.3072020112753435,-0.40529413717056406,Selection,0.7001038627996378,$75K to $99K,25-36,Have kids < 18,Male
100367,2025,0.7796034589810859,0.39954039936761765,0.8099961841318093,-0.36564820693648953,0.050124521924808346,Digital,0.030392725150723443,$75K to $99K,25-36,Have kids < 18,Female
100346,2025,1.3131884729788283,1.0554951328290845,0.8267060798009029,0.5664377594743056,0.5055431810201807,Price,0.2576933401497439,$25K to $49K,25-36,No kids < 18,Male
200584,2021,-0.2941451295704616,-0.2776208124746126,0.10989379355390246,0.38629475201375096,-0.3904305164050682,Selection,0.2764009584598485,$25K to $49K,37-56,Have kids < 18,Female
101373,2025,0.6005443847547964,-0.2677534575672598,0.13105444089859528,-0.16507478768038206,0.050124521924808346,Price,0.46948994385620113,$25K to $49K,37-56,No kids < 18,Female
101640,2025,-0.12190998084275242,-0.2661989796315947,0.12770522431696443,-0.17280652682950404,-0.8458491755004406,Digital,0.24961520515971686,$100K to $124K,66+,No kids < 18,Male
100920,2025,0.9539884577296104,-1.173596187528734,0.8066614753989566,0.012695157179364503,-0.39786232678781613,Price,0.14732698233065378,Under $25K,37-56,No kids < 18,Male
100212,2025,1.3131884729788283,-0.5082247506710361,-0.595582134860378,-0.7675166409621792,0.057556332307556246,Price,1.255632140671272,$25K to $49K,57-65,Have kids < 18,Female
101604,2025,0.42193602315950246,0.3773727109482646,0.6247628188561599,0.8387120049060552,-0.8532809858831885,Selection,0.21394918604989532,$25K to $49K,37-56,No kids < 18,Male
200551,2021,0.1894355724366481,-0.49629235930055027,-0.9339260414562125,0.1966794999448802,-0.8458491755004406,Selection,0.007243927508232106,$50K to $74K,66+,No kids < 18,Female
100538,2025,0.06182316886130187,0.6190305398461915,1.1679596540540331,0.3942156124604066,0.5129749914029287,Digital,0.5489291142078416,$25K to $49K,25-36,Have kids < 18,Female
101221,2025,0.4270608112682628,1.2734307953719934,-0.19677229285408926,0.3866527204801751,-0.39786232678781613,Quality,0.8463699841037307,$75K to $99K,18-24,Have kids < 18,Female
100176,2025,0.05917626093309347,-0.2889599359480231,-1.8052319605111686,0.20048679233153363,-1.7566864936911855,Selection,0.14131053139844016,$50K to $74K,66+,Have kids < 18,Female
